motif_id	motif_alt_id	sequence_name	start	stop	strand	score	p-value	q-value	matched_sequence
TWTKCATTGYTWTYT	MEME-2	NC_000962.3	2207528	2207542	+	26.558	4.37e-09	0.0386	TTTGCATTGCTATTT
TWTKCATTGYTWTYT	MEME-2	NC_000962.3	1473636	1473650	+	15.3261	4.89e-07	1	TATTCTTTGGTTTTT
TWTKCATTGYTWTYT	MEME-2	NC_000962.3	1471729	1471743	+	14.8696	5.76e-07	1	TTTTTGTTGTTATTT
TWTKCATTGYTWTYT	MEME-2	NC_000962.3	302646	302660	+	14.8043	1.03e-06	1	TGTTCATGGTTATCT
CAWMAGCGKT	MEME-3	NC_000962.3	151618	151627	+	17.6204	1.16e-06	0.409	CAACAGCGGT
CAWMAGCGKT	MEME-3	NC_000962.3	256432	256441	+	17.6204	1.16e-06	0.409	CAACAGCGGT
CAWMAGCGKT	MEME-3	NC_000962.3	397435	397444	-	17.6204	1.16e-06	0.409	CAACAGCGGT
CAWMAGCGKT	MEME-3	NC_000962.3	433333	433342	-	17.6204	1.16e-06	0.409	CAACAGCGGT
CAWMAGCGKT	MEME-3	NC_000962.3	503777	503786	+	17.6204	1.16e-06	0.409	CAACAGCGGT
CAWMAGCGKT	MEME-3	NC_000962.3	641567	641576	+	17.6204	1.16e-06	0.409	CAACAGCGGT
CAWMAGCGKT	MEME-3	NC_000962.3	697340	697349	+	17.6204	1.16e-06	0.409	CAACAGCGGT
CAWMAGCGKT	MEME-3	NC_000962.3	1173459	1173468	-	17.6204	1.16e-06	0.409	CAACAGCGGT
CAWMAGCGKT	MEME-3	NC_000962.3	1191243	1191252	-	17.6204	1.16e-06	0.409	CAACAGCGGT
CAWMAGCGKT	MEME-3	NC_000962.3	1258858	1258867	+	17.6204	1.16e-06	0.409	CAACAGCGGT
CAWMAGCGKT	MEME-3	NC_000962.3	1319270	1319279	-	17.6204	1.16e-06	0.409	CAACAGCGGT
CAWMAGCGKT	MEME-3	NC_000962.3	1933211	1933220	-	17.6204	1.16e-06	0.409	CAACAGCGGT
CAWMAGCGKT	MEME-3	NC_000962.3	1977906	1977915	-	17.6204	1.16e-06	0.409	CAACAGCGGT
CAWMAGCGKT	MEME-3	NC_000962.3	2165161	2165170	-	17.6204	1.16e-06	0.409	CAACAGCGGT
CAWMAGCGKT	MEME-3	NC_000962.3	2423849	2423858	-	17.6204	1.16e-06	0.409	CAACAGCGGT
CAWMAGCGKT	MEME-3	NC_000962.3	2535706	2535715	+	17.6204	1.16e-06	0.409	CAACAGCGGT
CAWMAGCGKT	MEME-3	NC_000962.3	2600837	2600846	+	17.6204	1.16e-06	0.409	CAACAGCGGT
CAWMAGCGKT	MEME-3	NC_000962.3	2658180	2658189	+	17.6204	1.16e-06	0.409	CAACAGCGGT
CAWMAGCGKT	MEME-3	NC_000962.3	2761966	2761975	-	17.6204	1.16e-06	0.409	CAACAGCGGT
CAWMAGCGKT	MEME-3	NC_000962.3	2899629	2899638	-	17.6204	1.16e-06	0.409	CAACAGCGGT
CAWMAGCGKT	MEME-3	NC_000962.3	3174706	3174715	-	17.6204	1.16e-06	0.409	CAACAGCGGT
CAWMAGCGKT	MEME-3	NC_000962.3	3187302	3187311	+	17.6204	1.16e-06	0.409	CAACAGCGGT
CAWMAGCGKT	MEME-3	NC_000962.3	3440068	3440077	+	17.6204	1.16e-06	0.409	CAACAGCGGT
CAWMAGCGKT	MEME-3	NC_000962.3	3933158	3933167	+	17.6204	1.16e-06	0.409	CAACAGCGGT
CAWMAGCGKT	MEME-3	NC_000962.3	4320451	4320460	+	17.6204	1.16e-06	0.409	CAACAGCGGT
TWTKCATTGYTWTYT	MEME-2	NC_000962.3	2255109	2255123	-	14.2826	1.86e-06	1	TACGCATTGTTGTCT
TWTKCATTGYTWTYT	MEME-2	NC_000962.3	1103102	1103116	-	13.8261	2.22e-06	1	TTTTGATTGCTAACT
CAWMAGCGKT	MEME-3	NC_000962.3	1035319	1035328	+	17.1606	2.77e-06	0.556	CAACAGCGTT
CAWMAGCGKT	MEME-3	NC_000962.3	1240258	1240267	-	17.1606	2.77e-06	0.556	CAACAGCGTT
CAWMAGCGKT	MEME-3	NC_000962.3	1250328	1250337	+	17.1606	2.77e-06	0.556	CAAAAGCGGT
CAWMAGCGKT	MEME-3	NC_000962.3	1664359	1664368	-	17.1606	2.77e-06	0.556	CAAAAGCGGT
CAWMAGCGKT	MEME-3	NC_000962.3	1710435	1710444	+	17.1606	2.77e-06	0.556	CAACAGCGTT
CAWMAGCGKT	MEME-3	NC_000962.3	1995945	1995954	-	17.1606	2.77e-06	0.556	CAACAGCGTT
CAWMAGCGKT	MEME-3	NC_000962.3	2064534	2064543	-	17.1606	2.77e-06	0.556	CAACAGCGTT
CAWMAGCGKT	MEME-3	NC_000962.3	2205307	2205316	+	17.1606	2.77e-06	0.556	CAACAGCGTT
CAWMAGCGKT	MEME-3	NC_000962.3	2783247	2783256	-	17.1606	2.77e-06	0.556	CAAAAGCGGT
CAWMAGCGKT	MEME-3	NC_000962.3	2984127	2984136	+	17.1606	2.77e-06	0.556	CAAAAGCGGT
CAWMAGCGKT	MEME-3	NC_000962.3	3158549	3158558	+	17.1606	2.77e-06	0.556	CAACAGCGTT
CAWMAGCGKT	MEME-3	NC_000962.3	3356475	3356484	-	17.1606	2.77e-06	0.556	CAACAGCGTT
CAWMAGCGKT	MEME-3	NC_000962.3	3728914	3728923	+	17.1606	2.77e-06	0.556	CAACAGCGTT
CAWMAGCGKT	MEME-3	NC_000962.3	4399389	4399398	-	17.1606	2.77e-06	0.556	CAACAGCGTT
TWTKCATTGYTWTYT	MEME-2	NC_000962.3	2976583	2976597	+	13.8188	2.91e-06	1	TTTTCACTGTTTGCT
TWTKCATTGYTWTYT	MEME-2	NC_000962.3	3531932	3531946	-	13.8188	2.91e-06	1	TTGTCATTGCGTTTT
TWTKCATTGYTWTYT	MEME-2	NC_000962.3	3898673	3898687	+	13.7609	3.02e-06	1	TTTGCACTGCTGTCT
CAWMAGCGKT	MEME-3	NC_000962.3	92549	92558	-	16.7007	3.33e-06	0.556	CAAAAGCGTT
CAWMAGCGKT	MEME-3	NC_000962.3	1227486	1227495	-	16.7007	3.33e-06	0.556	CAAAAGCGTT
CAWMAGCGKT	MEME-3	NC_000962.3	3423074	3423083	+	16.7007	3.33e-06	0.556	CAAAAGCGTT
TWTKCATTGYTWTYT	MEME-2	NC_000962.3	699848	699862	-	13.2971	4.19e-06	1	GATTCATCGCTTTCT
TWTKCATTGYTWTYT	MEME-2	NC_000962.3	1334886	1334900	+	13.2971	4.19e-06	1	TTTGCATCGCCATTT
TWTKCATTGYTWTYT	MEME-2	NC_000962.3	3944057	3944071	-	13.2971	4.19e-06	1	TTTGCGGTGTTATCT
CAWMAGCGKT	MEME-3	NC_000962.3	8019	8028	-	16.635	4.49e-06	0.556	CATCAGCGGT
CAWMAGCGKT	MEME-3	NC_000962.3	242309	242318	+	16.635	4.49e-06	0.556	CATCAGCGGT
CAWMAGCGKT	MEME-3	NC_000962.3	321291	321300	-	16.635	4.49e-06	0.556	CATCAGCGGT
CAWMAGCGKT	MEME-3	NC_000962.3	339987	339996	+	16.635	4.49e-06	0.556	CATCAGCGGT
CAWMAGCGKT	MEME-3	NC_000962.3	817546	817555	-	16.635	4.49e-06	0.556	CATCAGCGGT
CAWMAGCGKT	MEME-3	NC_000962.3	879400	879409	-	16.635	4.49e-06	0.556	CATCAGCGGT
CAWMAGCGKT	MEME-3	NC_000962.3	969497	969506	+	16.635	4.49e-06	0.556	CATCAGCGGT
CAWMAGCGKT	MEME-3	NC_000962.3	1127475	1127484	-	16.635	4.49e-06	0.556	CATCAGCGGT
CAWMAGCGKT	MEME-3	NC_000962.3	1363077	1363086	+	16.635	4.49e-06	0.556	CATCAGCGGT
CAWMAGCGKT	MEME-3	NC_000962.3	1400806	1400815	+	16.635	4.49e-06	0.556	CATCAGCGGT
CAWMAGCGKT	MEME-3	NC_000962.3	1513040	1513049	-	16.635	4.49e-06	0.556	CATCAGCGGT
CAWMAGCGKT	MEME-3	NC_000962.3	1571137	1571146	-	16.635	4.49e-06	0.556	CATCAGCGGT
CAWMAGCGKT	MEME-3	NC_000962.3	1663929	1663938	-	16.635	4.49e-06	0.556	CATCAGCGGT
CAWMAGCGKT	MEME-3	NC_000962.3	1826322	1826331	-	16.635	4.49e-06	0.556	CATCAGCGGT
CAWMAGCGKT	MEME-3	NC_000962.3	1884433	1884442	+	16.635	4.49e-06	0.556	CATCAGCGGT
CAWMAGCGKT	MEME-3	NC_000962.3	2097954	2097963	-	16.635	4.49e-06	0.556	CATCAGCGGT
CAWMAGCGKT	MEME-3	NC_000962.3	2207582	2207591	+	16.635	4.49e-06	0.556	CATCAGCGGT
CAWMAGCGKT	MEME-3	NC_000962.3	2227221	2227230	+	16.635	4.49e-06	0.556	CATCAGCGGT
CAWMAGCGKT	MEME-3	NC_000962.3	2324899	2324908	+	16.635	4.49e-06	0.556	CATCAGCGGT
CAWMAGCGKT	MEME-3	NC_000962.3	2740644	2740653	-	16.635	4.49e-06	0.556	CATCAGCGGT
CAWMAGCGKT	MEME-3	NC_000962.3	2754486	2754495	-	16.635	4.49e-06	0.556	CATCAGCGGT
CAWMAGCGKT	MEME-3	NC_000962.3	3076011	3076020	+	16.635	4.49e-06	0.556	CATCAGCGGT
CAWMAGCGKT	MEME-3	NC_000962.3	3178920	3178929	+	16.635	4.49e-06	0.556	CATCAGCGGT
CAWMAGCGKT	MEME-3	NC_000962.3	3329461	3329470	-	16.635	4.49e-06	0.556	CATCAGCGGT
CAWMAGCGKT	MEME-3	NC_000962.3	3396272	3396281	+	16.635	4.49e-06	0.556	CATCAGCGGT
CAWMAGCGKT	MEME-3	NC_000962.3	3759960	3759969	-	16.635	4.49e-06	0.556	CATCAGCGGT
CAWMAGCGKT	MEME-3	NC_000962.3	4080851	4080860	-	16.635	4.49e-06	0.556	CATCAGCGGT
CAWMAGCGKT	MEME-3	NC_000962.3	4202176	4202185	+	16.635	4.49e-06	0.556	CATCAGCGGT
CAWMAGCGKT	MEME-3	NC_000962.3	4212790	4212799	-	16.635	4.49e-06	0.556	CATCAGCGGT
TWTKCATTGYTWTYT	MEME-2	NC_000962.3	278944	278958	+	12.7754	4.68e-06	1	CTTGCATCGCTATCT
TWTKCATTGYTWTYT	MEME-2	NC_000962.3	342087	342101	+	12.7754	4.68e-06	1	TATGCAATGCTAACT
TWTKCATTGYTWTYT	MEME-2	NC_000962.3	3324724	3324738	+	12.7754	4.68e-06	1	TTCGCATAGCTTTCT
TWTKCATTGYTWTYT	MEME-2	NC_000962.3	1733577	1733591	-	10.2101	4.78e-06	1	TATTGATTGATATGT
TWTKCATTGYTWTYT	MEME-2	NC_000962.3	4195404	4195418	+	9.68841	5.02e-06	1	TGTTCATTTATTTCT
TWTKCATTGYTWTYT	MEME-2	NC_000962.3	3964779	3964793	+	9.68116	5.51e-06	1	TATCCATTGTTGATT
CAWMAGCGKT	MEME-3	NC_000962.3	769107	769116	-	16.1752	6.1e-06	0.561	CATCAGCGTT
CAWMAGCGKT	MEME-3	NC_000962.3	1130332	1130341	-	16.1752	6.1e-06	0.561	CATCAGCGTT
CAWMAGCGKT	MEME-3	NC_000962.3	1407287	1407296	+	16.1752	6.1e-06	0.561	CATCAGCGTT
CAWMAGCGKT	MEME-3	NC_000962.3	1427609	1427618	-	16.1752	6.1e-06	0.561	CATCAGCGTT
CAWMAGCGKT	MEME-3	NC_000962.3	1919718	1919727	+	16.1752	6.1e-06	0.561	CATCAGCGTT
CAWMAGCGKT	MEME-3	NC_000962.3	2418257	2418266	+	16.1752	6.1e-06	0.561	CATCAGCGTT
CAWMAGCGKT	MEME-3	NC_000962.3	3858588	3858597	+	16.1752	6.1e-06	0.561	CATCAGCGTT
CAWMAGCGKT	MEME-3	NC_000962.3	3886409	3886418	+	16.1752	6.1e-06	0.561	CATCAGCGTT
CAWMAGCGKT	MEME-3	NC_000962.3	4285040	4285049	+	16.1752	6.1e-06	0.561	CATCAGCGTT
TWTKCATTGYTWTYT	MEME-2	NC_000962.3	485224	485238	-	9.15942	7.4e-06	1	TCTGCATTGTGATAT
TWTKCATTGYTWTYT	MEME-2	NC_000962.3	2132476	2132490	-	9.15942	7.4e-06	1	GTTGCATTGGTATGT
TWTKCATTGYTWTYT	MEME-2	NC_000962.3	3534873	3534887	+	9.15942	7.4e-06	1	TCGTCATTGTTGTCT
TWTKCATTGYTWTYT	MEME-2	NC_000962.3	1811888	1811902	+	8.7029	9.43e-06	1	TTTTCATGCGTTTCT
TWTKCATTGYTWTYT	MEME-2	NC_000962.3	1916690	1916704	-	8.7029	9.43e-06	1	TTTTCATTTCTGTTC
TWTKCATTGYTWTYT	MEME-2	NC_000962.3	4410048	4410062	-	8.7029	9.43e-06	1	TTTTGTTTGATTTCT
CAWMAGCGKT	MEME-3	NC_000962.3	147549	147558	-	11.5182	1.06e-05	0.561	CAACAGCGCT
CAWMAGCGKT	MEME-3	NC_000962.3	405197	405206	+	11.5182	1.06e-05	0.561	CAACAGCGCT
CAWMAGCGKT	MEME-3	NC_000962.3	517042	517051	+	11.5182	1.06e-05	0.561	CAACAGCGCT
CAWMAGCGKT	MEME-3	NC_000962.3	626312	626321	+	11.5182	1.06e-05	0.561	CAACAGCGCT
CAWMAGCGKT	MEME-3	NC_000962.3	755427	755436	+	11.5182	1.06e-05	0.561	CAAGAGCGGT
CAWMAGCGKT	MEME-3	NC_000962.3	791385	791394	+	11.5182	1.06e-05	0.561	CAACAGCGCT
CAWMAGCGKT	MEME-3	NC_000962.3	812580	812589	-	11.5182	1.06e-05	0.561	CAACAGCGCT
CAWMAGCGKT	MEME-3	NC_000962.3	858025	858034	+	11.5182	1.06e-05	0.561	CAACAGCGCT
CAWMAGCGKT	MEME-3	NC_000962.3	867587	867596	-	11.5182	1.06e-05	0.561	CAACAGCGAT
CAWMAGCGKT	MEME-3	NC_000962.3	972738	972747	+	11.5182	1.06e-05	0.561	CAACAGCGCT
CAWMAGCGKT	MEME-3	NC_000962.3	1241830	1241839	+	11.5182	1.06e-05	0.561	CAACAGCGAT
CAWMAGCGKT	MEME-3	NC_000962.3	1325539	1325548	+	11.5182	1.06e-05	0.561	CAATAGCGGT
CAWMAGCGKT	MEME-3	NC_000962.3	1715144	1715153	-	11.5182	1.06e-05	0.561	CAACAGCGAT
CAWMAGCGKT	MEME-3	NC_000962.3	1896803	1896812	+	11.5182	1.06e-05	0.561	CAATAGCGGT
CAWMAGCGKT	MEME-3	NC_000962.3	1979229	1979238	+	11.5182	1.06e-05	0.561	CAACAGCGCT
CAWMAGCGKT	MEME-3	NC_000962.3	2072194	2072203	+	11.5182	1.06e-05	0.561	CAACAGCGAT
CAWMAGCGKT	MEME-3	NC_000962.3	2242316	2242325	-	11.5182	1.06e-05	0.561	CAACAGCGAT
CAWMAGCGKT	MEME-3	NC_000962.3	2316332	2316341	-	11.5182	1.06e-05	0.561	CAAGAGCGGT
CAWMAGCGKT	MEME-3	NC_000962.3	2379151	2379160	+	11.5182	1.06e-05	0.561	CAACAGCGCT
CAWMAGCGKT	MEME-3	NC_000962.3	2389413	2389422	-	11.5182	1.06e-05	0.561	CAACAGCGCT
CAWMAGCGKT	MEME-3	NC_000962.3	2528687	2528696	+	11.5182	1.06e-05	0.561	CAACAGCGAT
CAWMAGCGKT	MEME-3	NC_000962.3	2548828	2548837	-	11.5182	1.06e-05	0.561	CAACAGCGCT
CAWMAGCGKT	MEME-3	NC_000962.3	2588088	2588097	+	11.5182	1.06e-05	0.561	CAACAGCGAT
CAWMAGCGKT	MEME-3	NC_000962.3	2601054	2601063	-	11.5182	1.06e-05	0.561	CAACAGCGAT
CAWMAGCGKT	MEME-3	NC_000962.3	2653451	2653460	+	11.5182	1.06e-05	0.561	CAACAGCGAT
CAWMAGCGKT	MEME-3	NC_000962.3	2788768	2788777	+	11.5182	1.06e-05	0.561	CAACAGCGCT
CAWMAGCGKT	MEME-3	NC_000962.3	3056506	3056515	-	11.5182	1.06e-05	0.561	CAACAGCGCT
CAWMAGCGKT	MEME-3	NC_000962.3	3185105	3185114	+	11.5182	1.06e-05	0.561	CAACAGCGCT
CAWMAGCGKT	MEME-3	NC_000962.3	3246173	3246182	+	11.5182	1.06e-05	0.561	CAATAGCGGT
CAWMAGCGKT	MEME-3	NC_000962.3	3363756	3363765	+	11.5182	1.06e-05	0.561	CAACAGCGCT
CAWMAGCGKT	MEME-3	NC_000962.3	3422323	3422332	+	11.5182	1.06e-05	0.561	CAACAGCGCT
CAWMAGCGKT	MEME-3	NC_000962.3	3495488	3495497	-	11.5182	1.06e-05	0.561	CAACAGCGCT
CAWMAGCGKT	MEME-3	NC_000962.3	3501859	3501868	-	11.5182	1.06e-05	0.561	CAACAGCGAT
CAWMAGCGKT	MEME-3	NC_000962.3	3679330	3679339	-	11.5182	1.06e-05	0.561	CAACAGCGAT
CAWMAGCGKT	MEME-3	NC_000962.3	3708056	3708065	+	11.5182	1.06e-05	0.561	CAACAGCGCT
CAWMAGCGKT	MEME-3	NC_000962.3	3824917	3824926	-	11.5182	1.06e-05	0.561	CAACAGCGAT
CAWMAGCGKT	MEME-3	NC_000962.3	3874379	3874388	-	11.5182	1.06e-05	0.561	CAATAGCGGT
CAWMAGCGKT	MEME-3	NC_000962.3	3989911	3989920	-	11.5182	1.06e-05	0.561	CAAGAGCGGT
CAWMAGCGKT	MEME-3	NC_000962.3	4171333	4171342	+	11.5182	1.06e-05	0.561	CAATAGCGGT
CAWMAGCGKT	MEME-3	NC_000962.3	4225908	4225917	-	11.5182	1.06e-05	0.561	CAACAGCGCT
TWTKCATTGYTWTYT	MEME-2	NC_000962.3	749974	749988	-	8.69565	1.11e-05	1	ATAACATTGTTATTT
TWTKCATTGYTWTYT	MEME-2	NC_000962.3	947186	947200	-	8.69565	1.11e-05	1	ATTTCATCGGTATTT
TWTKCATTGYTWTYT	MEME-2	NC_000962.3	2085697	2085711	+	8.69565	1.11e-05	1	TCTTCATGGTGTTTT
TWTKCATTGYTWTYT	MEME-2	NC_000962.3	2268440	2268454	+	8.24638	1.2e-05	1	TTTGTATGATTATTT
ACATCAWA	MEME-1	NC_000962.3	36779	36786	+	15.8696	1.27e-05	1	ACATCAAA
ACATCAWA	MEME-1	NC_000962.3	63570	63577	+	15.8696	1.27e-05	1	ACATCATA
ACATCAWA	MEME-1	NC_000962.3	133772	133779	+	15.8696	1.27e-05	1	ACATCAAA
ACATCAWA	MEME-1	NC_000962.3	144806	144813	+	15.8696	1.27e-05	1	ACATCAAA
ACATCAWA	MEME-1	NC_000962.3	146212	146219	-	15.8696	1.27e-05	1	ACATCAAA
ACATCAWA	MEME-1	NC_000962.3	239666	239673	+	15.8696	1.27e-05	1	ACATCAAA
ACATCAWA	MEME-1	NC_000962.3	347098	347105	-	15.8696	1.27e-05	1	ACATCAAA
ACATCAWA	MEME-1	NC_000962.3	393854	393861	-	15.8696	1.27e-05	1	ACATCAAA
ACATCAWA	MEME-1	NC_000962.3	394072	394079	-	15.8696	1.27e-05	1	ACATCAAA
ACATCAWA	MEME-1	NC_000962.3	401699	401706	-	15.8696	1.27e-05	1	ACATCAAA
ACATCAWA	MEME-1	NC_000962.3	503787	503794	-	15.8696	1.27e-05	1	ACATCAAA
ACATCAWA	MEME-1	NC_000962.3	687442	687449	-	15.8696	1.27e-05	1	ACATCATA
ACATCAWA	MEME-1	NC_000962.3	703254	703261	+	15.8696	1.27e-05	1	ACATCAAA
ACATCAWA	MEME-1	NC_000962.3	765040	765047	-	15.8696	1.27e-05	1	ACATCAAA
ACATCAWA	MEME-1	NC_000962.3	924570	924577	+	15.8696	1.27e-05	1	ACATCAAA
ACATCAWA	MEME-1	NC_000962.3	994986	994993	-	15.8696	1.27e-05	1	ACATCATA
ACATCAWA	MEME-1	NC_000962.3	1025744	1025751	+	15.8696	1.27e-05	1	ACATCATA
ACATCAWA	MEME-1	NC_000962.3	1062199	1062206	+	15.8696	1.27e-05	1	ACATCAAA
ACATCAWA	MEME-1	NC_000962.3	1126172	1126179	+	15.8696	1.27e-05	1	ACATCAAA
ACATCAWA	MEME-1	NC_000962.3	1194840	1194847	-	15.8696	1.27e-05	1	ACATCAAA
ACATCAWA	MEME-1	NC_000962.3	1201311	1201318	+	15.8696	1.27e-05	1	ACATCAAA
ACATCAWA	MEME-1	NC_000962.3	1256211	1256218	+	15.8696	1.27e-05	1	ACATCAAA
ACATCAWA	MEME-1	NC_000962.3	1389323	1389330	-	15.8696	1.27e-05	1	ACATCAAA
ACATCAWA	MEME-1	NC_000962.3	1447088	1447095	+	15.8696	1.27e-05	1	ACATCAAA
ACATCAWA	MEME-1	NC_000962.3	1461926	1461933	-	15.8696	1.27e-05	1	ACATCAAA
ACATCAWA	MEME-1	NC_000962.3	1545098	1545105	-	15.8696	1.27e-05	1	ACATCAAA
ACATCAWA	MEME-1	NC_000962.3	1612912	1612919	-	15.8696	1.27e-05	1	ACATCAAA
ACATCAWA	MEME-1	NC_000962.3	1687334	1687341	-	15.8696	1.27e-05	1	ACATCAAA
ACATCAWA	MEME-1	NC_000962.3	1707194	1707201	-	15.8696	1.27e-05	1	ACATCAAA
ACATCAWA	MEME-1	NC_000962.3	1765333	1765340	-	15.8696	1.27e-05	1	ACATCAAA
ACATCAWA	MEME-1	NC_000962.3	1772039	1772046	-	15.8696	1.27e-05	1	ACATCAAA
ACATCAWA	MEME-1	NC_000962.3	1782041	1782048	-	15.8696	1.27e-05	1	ACATCAAA
ACATCAWA	MEME-1	NC_000962.3	1867870	1867877	+	15.8696	1.27e-05	1	ACATCAAA
ACATCAWA	MEME-1	NC_000962.3	1945212	1945219	+	15.8696	1.27e-05	1	ACATCAAA
ACATCAWA	MEME-1	NC_000962.3	2054986	2054993	+	15.8696	1.27e-05	1	ACATCAAA
ACATCAWA	MEME-1	NC_000962.3	2066817	2066824	-	15.8696	1.27e-05	1	ACATCAAA
ACATCAWA	MEME-1	NC_000962.3	2154501	2154508	-	15.8696	1.27e-05	1	ACATCAAA
ACATCAWA	MEME-1	NC_000962.3	2207505	2207512	+	15.8696	1.27e-05	1	ACATCATA
ACATCAWA	MEME-1	NC_000962.3	2460031	2460038	-	15.8696	1.27e-05	1	ACATCAAA
ACATCAWA	MEME-1	NC_000962.3	2480871	2480878	-	15.8696	1.27e-05	1	ACATCAAA
ACATCAWA	MEME-1	NC_000962.3	2554342	2554349	-	15.8696	1.27e-05	1	ACATCAAA
ACATCAWA	MEME-1	NC_000962.3	2653925	2653932	-	15.8696	1.27e-05	1	ACATCAAA
ACATCAWA	MEME-1	NC_000962.3	2765497	2765504	-	15.8696	1.27e-05	1	ACATCAAA
ACATCAWA	MEME-1	NC_000962.3	2842706	2842713	-	15.8696	1.27e-05	1	ACATCAAA
ACATCAWA	MEME-1	NC_000962.3	2854747	2854754	+	15.8696	1.27e-05	1	ACATCAAA
ACATCAWA	MEME-1	NC_000962.3	2975193	2975200	-	15.8696	1.27e-05	1	ACATCAAA
ACATCAWA	MEME-1	NC_000962.3	3062758	3062765	+	15.8696	1.27e-05	1	ACATCAAA
ACATCAWA	MEME-1	NC_000962.3	3069151	3069158	-	15.8696	1.27e-05	1	ACATCAAA
ACATCAWA	MEME-1	NC_000962.3	3124099	3124106	-	15.8696	1.27e-05	1	ACATCAAA
ACATCAWA	MEME-1	NC_000962.3	3124372	3124379	-	15.8696	1.27e-05	1	ACATCATA
ACATCAWA	MEME-1	NC_000962.3	3174262	3174269	+	15.8696	1.27e-05	1	ACATCATA
ACATCAWA	MEME-1	NC_000962.3	3176848	3176855	-	15.8696	1.27e-05	1	ACATCAAA
ACATCAWA	MEME-1	NC_000962.3	3300343	3300350	-	15.8696	1.27e-05	1	ACATCATA
ACATCAWA	MEME-1	NC_000962.3	3357864	3357871	+	15.8696	1.27e-05	1	ACATCAAA
ACATCAWA	MEME-1	NC_000962.3	3365945	3365952	+	15.8696	1.27e-05	1	ACATCAAA
ACATCAWA	MEME-1	NC_000962.3	3415963	3415970	-	15.8696	1.27e-05	1	ACATCAAA
ACATCAWA	MEME-1	NC_000962.3	3464908	3464915	+	15.8696	1.27e-05	1	ACATCAAA
ACATCAWA	MEME-1	NC_000962.3	3487487	3487494	-	15.8696	1.27e-05	1	ACATCAAA
ACATCAWA	MEME-1	NC_000962.3	3519240	3519247	-	15.8696	1.27e-05	1	ACATCAAA
ACATCAWA	MEME-1	NC_000962.3	3523153	3523160	+	15.8696	1.27e-05	1	ACATCAAA
ACATCAWA	MEME-1	NC_000962.3	3541626	3541633	-	15.8696	1.27e-05	1	ACATCAAA
ACATCAWA	MEME-1	NC_000962.3	3577363	3577370	-	15.8696	1.27e-05	1	ACATCAAA
ACATCAWA	MEME-1	NC_000962.3	3640290	3640297	-	15.8696	1.27e-05	1	ACATCAAA
ACATCAWA	MEME-1	NC_000962.3	3655781	3655788	+	15.8696	1.27e-05	1	ACATCAAA
ACATCAWA	MEME-1	NC_000962.3	3885401	3885408	-	15.8696	1.27e-05	1	ACATCAAA
ACATCAWA	MEME-1	NC_000962.3	3954554	3954561	+	15.8696	1.27e-05	1	ACATCAAA
ACATCAWA	MEME-1	NC_000962.3	3958734	3958741	+	15.8696	1.27e-05	1	ACATCAAA
ACATCAWA	MEME-1	NC_000962.3	3961454	3961461	-	15.8696	1.27e-05	1	ACATCATA
ACATCAWA	MEME-1	NC_000962.3	3973299	3973306	-	15.8696	1.27e-05	1	ACATCAAA
ACATCAWA	MEME-1	NC_000962.3	3973331	3973338	+	15.8696	1.27e-05	1	ACATCAAA
ACATCAWA	MEME-1	NC_000962.3	3989340	3989347	+	15.8696	1.27e-05	1	ACATCAAA
ACATCAWA	MEME-1	NC_000962.3	4258306	4258313	-	15.8696	1.27e-05	1	ACATCAAA
ACATCAWA	MEME-1	NC_000962.3	4285273	4285280	+	15.8696	1.27e-05	1	ACATCATA
ACATCAWA	MEME-1	NC_000962.3	4333910	4333917	-	15.8696	1.27e-05	1	ACATCAAA
ACATCAWA	MEME-1	NC_000962.3	4347865	4347872	+	15.8696	1.27e-05	1	ACATCAAA
ACATCAWA	MEME-1	NC_000962.3	4399863	4399870	-	15.8696	1.27e-05	1	ACATCAAA
TWTKCATTGYTWTYT	MEME-2	NC_000962.3	1433607	1433621	-	8.23913	1.28e-05	1	TTGTCATATTTATTT
TWTKCATTGYTWTYT	MEME-2	NC_000962.3	1437913	1437927	-	8.23913	1.28e-05	1	TATTTATGGTTATTG
TWTKCATTGYTWTYT	MEME-2	NC_000962.3	1931256	1931270	-	8.23913	1.28e-05	1	TTTTTTGTGTTTTTT
TWTKCATTGYTWTYT	MEME-2	NC_000962.3	2565151	2565165	+	8.23913	1.28e-05	1	TTGTTATCGTTTTTT
CAWMAGCGKT	MEME-3	NC_000962.3	633407	633416	+	11.0584	1.33e-05	0.561	CAATAGCGTT
CAWMAGCGKT	MEME-3	NC_000962.3	726477	726486	+	11.0584	1.33e-05	0.561	CAAAAGCGCT
CAWMAGCGKT	MEME-3	NC_000962.3	1179230	1179239	-	11.0584	1.33e-05	0.561	CAAAAGCGCT
CAWMAGCGKT	MEME-3	NC_000962.3	1302353	1302362	-	11.0584	1.33e-05	0.561	CAAGAGCGTT
CAWMAGCGKT	MEME-3	NC_000962.3	1647012	1647021	+	11.0584	1.33e-05	0.561	CAAGAGCGTT
CAWMAGCGKT	MEME-3	NC_000962.3	1673154	1673163	-	11.0584	1.33e-05	0.561	CAAAAGCGCT
CAWMAGCGKT	MEME-3	NC_000962.3	1774867	1774876	+	11.0584	1.33e-05	0.561	CAATAGCGTT
CAWMAGCGKT	MEME-3	NC_000962.3	1977973	1977982	-	11.0584	1.33e-05	0.561	CAAAAGCGAT
CAWMAGCGKT	MEME-3	NC_000962.3	2065586	2065595	+	11.0584	1.33e-05	0.561	CAAAAGCGCT
CAWMAGCGKT	MEME-3	NC_000962.3	3855129	3855138	+	11.0584	1.33e-05	0.561	CAATAGCGTT
CAWMAGCGKT	MEME-3	NC_000962.3	4367276	4367285	-	11.0584	1.33e-05	0.561	CAAGAGCGTT
TWTKCATTGYTWTYT	MEME-2	NC_000962.3	464763	464777	+	8.18116	1.47e-05	1	TGTGGGTTGCTTTTT
TWTKCATTGYTWTYT	MEME-2	NC_000962.3	734237	734251	-	8.18116	1.47e-05	1	TTTTCAGTCCTCTCT
TWTKCATTGYTWTYT	MEME-2	NC_000962.3	2284411	2284425	-	8.18116	1.47e-05	1	TCTGCAATCTTATCT
TWTKCATTGYTWTYT	MEME-2	NC_000962.3	3269706	3269720	-	8.18116	1.47e-05	1	TTTTGATCGCTGTCT
CAWMAGCGKT	MEME-3	NC_000962.3	20060	20069	+	10.9927	1.67e-05	0.561	CACCAGCGGT
CAWMAGCGKT	MEME-3	NC_000962.3	56382	56391	-	10.9927	1.67e-05	0.561	CACCAGCGGT
CAWMAGCGKT	MEME-3	NC_000962.3	91773	91782	-	10.9927	1.67e-05	0.561	CAGCAGCGGT
CAWMAGCGKT	MEME-3	NC_000962.3	96679	96688	+	10.9927	1.67e-05	0.561	CAGCAGCGGT
CAWMAGCGKT	MEME-3	NC_000962.3	108683	108692	+	10.9927	1.67e-05	0.561	CACCAGCGGT
CAWMAGCGKT	MEME-3	NC_000962.3	197666	197675	-	10.9927	1.67e-05	0.561	CAGCAGCGGT
CAWMAGCGKT	MEME-3	NC_000962.3	239700	239709	+	10.9927	1.67e-05	0.561	CACCAGCGGT
CAWMAGCGKT	MEME-3	NC_000962.3	264915	264924	-	10.9927	1.67e-05	0.561	CAGCAGCGGT
CAWMAGCGKT	MEME-3	NC_000962.3	301545	301554	+	10.9927	1.67e-05	0.561	CAGCAGCGGT
CAWMAGCGKT	MEME-3	NC_000962.3	490154	490163	-	10.9927	1.67e-05	0.561	CACCAGCGGT
CAWMAGCGKT	MEME-3	NC_000962.3	646846	646855	-	10.9927	1.67e-05	0.561	CACCAGCGGT
CAWMAGCGKT	MEME-3	NC_000962.3	674702	674711	-	10.9927	1.67e-05	0.561	CACCAGCGGT
CAWMAGCGKT	MEME-3	NC_000962.3	693208	693217	-	10.9927	1.67e-05	0.561	CACCAGCGGT
CAWMAGCGKT	MEME-3	NC_000962.3	693581	693590	+	10.9927	1.67e-05	0.561	CACCAGCGGT
CAWMAGCGKT	MEME-3	NC_000962.3	717303	717312	+	10.9927	1.67e-05	0.561	CAGCAGCGGT
CAWMAGCGKT	MEME-3	NC_000962.3	818307	818316	+	10.9927	1.67e-05	0.561	CACCAGCGGT
CAWMAGCGKT	MEME-3	NC_000962.3	868417	868426	+	10.9927	1.67e-05	0.561	CAGCAGCGGT
CAWMAGCGKT	MEME-3	NC_000962.3	898620	898629	-	10.9927	1.67e-05	0.561	CAGCAGCGGT
CAWMAGCGKT	MEME-3	NC_000962.3	906014	906023	+	10.9927	1.67e-05	0.561	CAGCAGCGGT
CAWMAGCGKT	MEME-3	NC_000962.3	913185	913194	+	10.9927	1.67e-05	0.561	CAGCAGCGGT
CAWMAGCGKT	MEME-3	NC_000962.3	954504	954513	+	10.9927	1.67e-05	0.561	CACCAGCGGT
CAWMAGCGKT	MEME-3	NC_000962.3	1066434	1066443	-	10.9927	1.67e-05	0.561	CAGCAGCGGT
CAWMAGCGKT	MEME-3	NC_000962.3	1181235	1181244	+	10.9927	1.67e-05	0.561	CACCAGCGGT
CAWMAGCGKT	MEME-3	NC_000962.3	1326394	1326403	+	10.9927	1.67e-05	0.561	CAGCAGCGGT
CAWMAGCGKT	MEME-3	NC_000962.3	1455431	1455440	+	10.9927	1.67e-05	0.561	CACCAGCGGT
CAWMAGCGKT	MEME-3	NC_000962.3	1505542	1505551	+	10.9927	1.67e-05	0.561	CACCAGCGGT
CAWMAGCGKT	MEME-3	NC_000962.3	1536787	1536796	+	10.9927	1.67e-05	0.561	CAGCAGCGGT
CAWMAGCGKT	MEME-3	NC_000962.3	1580285	1580294	-	10.9927	1.67e-05	0.561	CACCAGCGGT
CAWMAGCGKT	MEME-3	NC_000962.3	1661657	1661666	-	10.9927	1.67e-05	0.561	CACCAGCGGT
CAWMAGCGKT	MEME-3	NC_000962.3	1840202	1840211	-	10.9927	1.67e-05	0.561	CACCAGCGGT
CAWMAGCGKT	MEME-3	NC_000962.3	1864444	1864453	-	10.9927	1.67e-05	0.561	CACCAGCGGT
CAWMAGCGKT	MEME-3	NC_000962.3	1875673	1875682	+	10.9927	1.67e-05	0.561	CAGCAGCGGT
CAWMAGCGKT	MEME-3	NC_000962.3	2086074	2086083	-	10.9927	1.67e-05	0.561	CAGCAGCGGT
CAWMAGCGKT	MEME-3	NC_000962.3	2091831	2091840	+	10.9927	1.67e-05	0.561	CACCAGCGGT
CAWMAGCGKT	MEME-3	NC_000962.3	2106051	2106060	-	10.9927	1.67e-05	0.561	CACCAGCGGT
CAWMAGCGKT	MEME-3	NC_000962.3	2120147	2120156	+	10.9927	1.67e-05	0.561	CAGCAGCGGT
CAWMAGCGKT	MEME-3	NC_000962.3	2127019	2127028	-	10.9927	1.67e-05	0.561	CAGCAGCGGT
CAWMAGCGKT	MEME-3	NC_000962.3	2242459	2242468	-	10.9927	1.67e-05	0.561	CAGCAGCGGT
CAWMAGCGKT	MEME-3	NC_000962.3	2323618	2323627	-	10.9927	1.67e-05	0.561	CACCAGCGGT
CAWMAGCGKT	MEME-3	NC_000962.3	2352581	2352590	-	10.9927	1.67e-05	0.561	CAGCAGCGGT
CAWMAGCGKT	MEME-3	NC_000962.3	2357032	2357041	-	10.9927	1.67e-05	0.561	CAGCAGCGGT
CAWMAGCGKT	MEME-3	NC_000962.3	2363031	2363040	-	10.9927	1.67e-05	0.561	CACCAGCGGT
CAWMAGCGKT	MEME-3	NC_000962.3	2481159	2481168	+	10.9927	1.67e-05	0.561	CAGCAGCGGT
CAWMAGCGKT	MEME-3	NC_000962.3	2490890	2490899	+	10.9927	1.67e-05	0.561	CAGCAGCGGT
CAWMAGCGKT	MEME-3	NC_000962.3	2510624	2510633	-	10.9927	1.67e-05	0.561	CACCAGCGGT
CAWMAGCGKT	MEME-3	NC_000962.3	2523175	2523184	-	10.9927	1.67e-05	0.561	CACCAGCGGT
CAWMAGCGKT	MEME-3	NC_000962.3	2768907	2768916	+	10.9927	1.67e-05	0.561	CAGCAGCGGT
CAWMAGCGKT	MEME-3	NC_000962.3	2879423	2879432	+	10.9927	1.67e-05	0.561	CAGCAGCGGT
CAWMAGCGKT	MEME-3	NC_000962.3	2888628	2888637	-	10.9927	1.67e-05	0.561	CAGCAGCGGT
CAWMAGCGKT	MEME-3	NC_000962.3	2939153	2939162	-	10.9927	1.67e-05	0.561	CACCAGCGGT
CAWMAGCGKT	MEME-3	NC_000962.3	2940259	2940268	+	10.9927	1.67e-05	0.561	CACCAGCGGT
CAWMAGCGKT	MEME-3	NC_000962.3	2958678	2958687	+	10.9927	1.67e-05	0.561	CACCAGCGGT
CAWMAGCGKT	MEME-3	NC_000962.3	2985341	2985350	+	10.9927	1.67e-05	0.561	CACCAGCGGT
CAWMAGCGKT	MEME-3	NC_000962.3	3114240	3114249	+	10.9927	1.67e-05	0.561	CAGCAGCGGT
CAWMAGCGKT	MEME-3	NC_000962.3	3134617	3134626	+	10.9927	1.67e-05	0.561	CAGCAGCGGT
CAWMAGCGKT	MEME-3	NC_000962.3	3150550	3150559	+	10.9927	1.67e-05	0.561	CACCAGCGGT
CAWMAGCGKT	MEME-3	NC_000962.3	3235157	3235166	-	10.9927	1.67e-05	0.561	CAGCAGCGGT
CAWMAGCGKT	MEME-3	NC_000962.3	3244389	3244398	-	10.9927	1.67e-05	0.561	CACCAGCGGT
CAWMAGCGKT	MEME-3	NC_000962.3	3255142	3255151	-	10.9927	1.67e-05	0.561	CACCAGCGGT
CAWMAGCGKT	MEME-3	NC_000962.3	3259296	3259305	-	10.9927	1.67e-05	0.561	CAGCAGCGGT
CAWMAGCGKT	MEME-3	NC_000962.3	3270031	3270040	-	10.9927	1.67e-05	0.561	CAGCAGCGGT
CAWMAGCGKT	MEME-3	NC_000962.3	3297426	3297435	-	10.9927	1.67e-05	0.561	CAGCAGCGGT
CAWMAGCGKT	MEME-3	NC_000962.3	3300668	3300677	-	10.9927	1.67e-05	0.561	CACCAGCGGT
CAWMAGCGKT	MEME-3	NC_000962.3	3565683	3565692	+	10.9927	1.67e-05	0.561	CACCAGCGGT
CAWMAGCGKT	MEME-3	NC_000962.3	3602825	3602834	+	10.9927	1.67e-05	0.561	CAGCAGCGGT
CAWMAGCGKT	MEME-3	NC_000962.3	3603757	3603766	-	10.9927	1.67e-05	0.561	CAGCAGCGGT
CAWMAGCGKT	MEME-3	NC_000962.3	3680176	3680185	-	10.9927	1.67e-05	0.561	CACCAGCGGT
CAWMAGCGKT	MEME-3	NC_000962.3	3738812	3738821	-	10.9927	1.67e-05	0.561	CAGCAGCGGT
CAWMAGCGKT	MEME-3	NC_000962.3	3906324	3906333	+	10.9927	1.67e-05	0.561	CACCAGCGGT
CAWMAGCGKT	MEME-3	NC_000962.3	3931221	3931230	+	10.9927	1.67e-05	0.561	CACCAGCGGT
CAWMAGCGKT	MEME-3	NC_000962.3	3941984	3941993	+	10.9927	1.67e-05	0.561	CAGCAGCGGT
CAWMAGCGKT	MEME-3	NC_000962.3	3946010	3946019	+	10.9927	1.67e-05	0.561	CACCAGCGGT
CAWMAGCGKT	MEME-3	NC_000962.3	3988742	3988751	+	10.9927	1.67e-05	0.561	CAGCAGCGGT
CAWMAGCGKT	MEME-3	NC_000962.3	4010739	4010748	+	10.9927	1.67e-05	0.561	CACCAGCGGT
CAWMAGCGKT	MEME-3	NC_000962.3	4072213	4072222	-	10.9927	1.67e-05	0.561	CAGCAGCGGT
CAWMAGCGKT	MEME-3	NC_000962.3	4136557	4136566	+	10.9927	1.67e-05	0.561	CACCAGCGGT
CAWMAGCGKT	MEME-3	NC_000962.3	4241540	4241549	-	10.9927	1.67e-05	0.561	CAGCAGCGGT
CAWMAGCGKT	MEME-3	NC_000962.3	4244319	4244328	-	10.9927	1.67e-05	0.561	CACCAGCGGT
CAWMAGCGKT	MEME-3	NC_000962.3	4315020	4315029	+	10.9927	1.67e-05	0.561	CAGCAGCGGT
CAWMAGCGKT	MEME-3	NC_000962.3	4322420	4322429	-	10.9927	1.67e-05	0.561	CACCAGCGGT
CAWMAGCGKT	MEME-3	NC_000962.3	4322995	4323004	-	10.9927	1.67e-05	0.561	CAGCAGCGGT
CAWMAGCGKT	MEME-3	NC_000962.3	4363933	4363942	+	10.9927	1.67e-05	0.561	CACCAGCGGT
TWTKCATTGYTWTYT	MEME-2	NC_000962.3	545595	545609	+	8.17391	2.01e-05	1	TTTGCATGGTTGTTG
TWTKCATTGYTWTYT	MEME-2	NC_000962.3	695183	695197	-	8.17391	2.01e-05	1	TTTTCATTGGCATCG
TWTKCATTGYTWTYT	MEME-2	NC_000962.3	1475542	1475556	-	8.17391	2.01e-05	1	TAACCATAGTTATCT
TWTKCATTGYTWTYT	MEME-2	NC_000962.3	1528250	1528264	+	8.17391	2.01e-05	1	TATTCAGTGCTTGAT
TWTKCATTGYTWTYT	MEME-2	NC_000962.3	1534136	1534150	+	8.17391	2.01e-05	1	TTTTCAGTGACTTCT
TWTKCATTGYTWTYT	MEME-2	NC_000962.3	1771476	1771490	-	8.17391	2.01e-05	1	TTTTCGTTGTTCTCC
TWTKCATTGYTWTYT	MEME-2	NC_000962.3	1865568	1865582	-	8.17391	2.01e-05	1	TTTGCATCGTTATGC
TWTKCATTGYTWTYT	MEME-2	NC_000962.3	2187263	2187277	-	8.17391	2.01e-05	1	TTTGCATGGGAATTT
TWTKCATTGYTWTYT	MEME-2	NC_000962.3	2207082	2207096	+	8.17391	2.01e-05	1	ATTACATTGCAATTT
TWTKCATTGYTWTYT	MEME-2	NC_000962.3	2237120	2237134	-	8.17391	2.01e-05	1	CATCCATTGTGATCT
TWTKCATTGYTWTYT	MEME-2	NC_000962.3	2579768	2579782	-	8.17391	2.01e-05	1	TTTTCTATGGTTTCT
TWTKCATTGYTWTYT	MEME-2	NC_000962.3	2630896	2630910	-	8.17391	2.01e-05	1	CCTGCATTGTCATTT
TWTKCATTGYTWTYT	MEME-2	NC_000962.3	2650494	2650508	+	8.17391	2.01e-05	1	GTTGCATTGTTCGTT
TWTKCATTGYTWTYT	MEME-2	NC_000962.3	3185165	3185179	-	8.17391	2.01e-05	1	TATTCGTTGCCGTTT
TWTKCATTGYTWTYT	MEME-2	NC_000962.3	3774868	3774882	+	8.17391	2.01e-05	1	CTTTCATTGCTGATT
TWTKCATTGYTWTYT	MEME-2	NC_000962.3	3798581	3798595	-	8.17391	2.01e-05	1	GTTGCGTTGATATTT
TWTKCATTGYTWTYT	MEME-2	NC_000962.3	4173986	4174000	+	8.17391	2.01e-05	1	AATCCAGTGTTTTCT
TWTKCATTGYTWTYT	MEME-2	NC_000962.3	4195034	4195048	-	8.17391	2.01e-05	1	TGCTCATTGTCATCT
TWTKCATTGYTWTYT	MEME-2	NC_000962.3	4345231	4345245	-	8.17391	2.01e-05	1	TTTGCCTTGTGGTTT
TWTKCATTGYTWTYT	MEME-2	NC_000962.3	4382278	4382292	+	8.17391	2.01e-05	1	TATCCAACGCTTTTT
TWTKCATTGYTWTYT	MEME-2	NC_000962.3	801478	801492	-	7.71739	2.39e-05	1	TTTTGAGTGTCTTCT
TWTKCATTGYTWTYT	MEME-2	NC_000962.3	1525187	1525201	+	7.71739	2.39e-05	1	TATTCATTCCGATTC
TWTKCATTGYTWTYT	MEME-2	NC_000962.3	1627702	1627716	+	7.71739	2.39e-05	1	GTTGGATCGTTTTTT
TWTKCATTGYTWTYT	MEME-2	NC_000962.3	1697041	1697055	-	7.71739	2.39e-05	1	TATTGAATGCGATTT
TWTKCATTGYTWTYT	MEME-2	NC_000962.3	2141897	2141911	-	7.71739	2.39e-05	1	GTTTCAGTTCTATTT
TWTKCATTGYTWTYT	MEME-2	NC_000962.3	2211909	2211923	-	7.71739	2.39e-05	1	TTTTGATTGCCACTT
TWTKCATTGYTWTYT	MEME-2	NC_000962.3	2405556	2405570	-	7.71739	2.39e-05	1	TAAGGATTGTGATTT
TWTKCATTGYTWTYT	MEME-2	NC_000962.3	3609305	3609319	-	7.71739	2.39e-05	1	TATGTGTTGTTTTTG
TWTKCATTGYTWTYT	MEME-2	NC_000962.3	3614385	3614399	-	7.71739	2.39e-05	1	TATGAAGCGTTATTT
TWTKCATTGYTWTYT	MEME-2	NC_000962.3	3925341	3925355	+	7.71739	2.39e-05	1	TTTTCATGCTGATCT
TWTKCATTGYTWTYT	MEME-2	NC_000962.3	4062326	4062340	-	7.71739	2.39e-05	1	AATGAATTGTTATTG
TWTKCATTGYTWTYT	MEME-2	NC_000962.3	4121114	4121128	-	7.71739	2.39e-05	1	CATTCATTTCTAATT
TWTKCATTGYTWTYT	MEME-2	NC_000962.3	146701	146715	-	7.71014	2.51e-05	1	TTCTCATCGTTTTTC
TWTKCATTGYTWTYT	MEME-2	NC_000962.3	1254583	1254597	+	7.71014	2.51e-05	1	TTTTCAGGGTCTTTT
TWTKCATTGYTWTYT	MEME-2	NC_000962.3	3086846	3086860	-	7.71014	2.51e-05	1	AATTCGTTGTTTTTG
TWTKCATTGYTWTYT	MEME-2	NC_000962.3	3677219	3677233	+	7.71014	2.51e-05	1	GAGTCATTGTTTTTG
TWTKCATTGYTWTYT	MEME-2	NC_000962.3	3842299	3842313	+	7.71014	2.51e-05	1	GACTCATTGTTTTTC
TWTKCATTGYTWTYT	MEME-2	NC_000962.3	3874418	3874432	-	7.71014	2.51e-05	1	CTTTCACTGTTTGTT
TWTKCATTGYTWTYT	MEME-2	NC_000962.3	4291727	4291741	+	7.71014	2.51e-05	1	CTTTCGATGTTATTT
TWTKCATTGYTWTYT	MEME-2	NC_000962.3	4319869	4319883	+	7.71014	2.51e-05	1	TTTTCAGCGTCTTTT
TWTKCATTGYTWTYT	MEME-2	NC_000962.3	3226268	3226282	-	7.65942	2.56e-05	1	TTTGAATCGCTGTCT
CAWMAGCGKT	MEME-3	NC_000962.3	1936	1945	-	10.9416	2.78e-05	0.561	CAACAGCAGT
CAWMAGCGKT	MEME-3	NC_000962.3	119228	119237	-	10.9416	2.78e-05	0.561	GAACAGCGGT
CAWMAGCGKT	MEME-3	NC_000962.3	127050	127059	+	10.9416	2.78e-05	0.561	CAACATCGGT
CAWMAGCGKT	MEME-3	NC_000962.3	137587	137596	+	10.9416	2.78e-05	0.561	TAACAGCGGT
CAWMAGCGKT	MEME-3	NC_000962.3	150723	150732	+	10.9416	2.78e-05	0.561	CAACACCGGT
CAWMAGCGKT	MEME-3	NC_000962.3	153208	153217	+	10.9416	2.78e-05	0.561	CAACACCGGT
CAWMAGCGKT	MEME-3	NC_000962.3	182625	182634	-	10.9416	2.78e-05	0.561	CAACAGCAGT
CAWMAGCGKT	MEME-3	NC_000962.3	193833	193842	-	10.9416	2.78e-05	0.561	GAACAGCGGT
CAWMAGCGKT	MEME-3	NC_000962.3	197962	197971	+	10.9416	2.78e-05	0.561	CAACATCGGT
CAWMAGCGKT	MEME-3	NC_000962.3	206508	206517	+	10.9416	2.78e-05	0.561	CAACACCGGT
CAWMAGCGKT	MEME-3	NC_000962.3	311563	311572	-	10.9416	2.78e-05	0.561	CAACAGTGGT
CAWMAGCGKT	MEME-3	NC_000962.3	348325	348334	-	10.9416	2.78e-05	0.561	CAACAGCAGT
CAWMAGCGKT	MEME-3	NC_000962.3	366546	366555	-	10.9416	2.78e-05	0.561	CAACACCGGT
CAWMAGCGKT	MEME-3	NC_000962.3	368397	368406	-	10.9416	2.78e-05	0.561	CAACACCGGT
CAWMAGCGKT	MEME-3	NC_000962.3	371940	371949	-	10.9416	2.78e-05	0.561	CAACACCGGT
CAWMAGCGKT	MEME-3	NC_000962.3	371970	371979	-	10.9416	2.78e-05	0.561	CAACACCGGT
CAWMAGCGKT	MEME-3	NC_000962.3	373333	373342	-	10.9416	2.78e-05	0.561	CAACACCGGT
CAWMAGCGKT	MEME-3	NC_000962.3	424156	424165	-	10.9416	2.78e-05	0.561	CAACAACGGT
CAWMAGCGKT	MEME-3	NC_000962.3	426406	426415	-	10.9416	2.78e-05	0.561	CAACACCGGT
CAWMAGCGKT	MEME-3	NC_000962.3	426847	426856	-	10.9416	2.78e-05	0.561	CAACACCGGT
CAWMAGCGKT	MEME-3	NC_000962.3	427144	427153	-	10.9416	2.78e-05	0.561	CAACACCGGT
CAWMAGCGKT	MEME-3	NC_000962.3	427159	427168	-	10.9416	2.78e-05	0.561	CAACATCGGT
CAWMAGCGKT	MEME-3	NC_000962.3	427189	427198	-	10.9416	2.78e-05	0.561	CAACATCGGT
CAWMAGCGKT	MEME-3	NC_000962.3	428278	428287	-	10.9416	2.78e-05	0.561	CAACACCGGT
CAWMAGCGKT	MEME-3	NC_000962.3	428458	428467	-	10.9416	2.78e-05	0.561	CAACATCGGT
CAWMAGCGKT	MEME-3	NC_000962.3	428523	428532	-	10.9416	2.78e-05	0.561	CAACAGGGGT
CAWMAGCGKT	MEME-3	NC_000962.3	428554	428563	-	10.9416	2.78e-05	0.561	CAACATCGGT
CAWMAGCGKT	MEME-3	NC_000962.3	429781	429790	-	10.9416	2.78e-05	0.561	CAACACCGGT
CAWMAGCGKT	MEME-3	NC_000962.3	429856	429865	-	10.9416	2.78e-05	0.561	CAACATCGGT
CAWMAGCGKT	MEME-3	NC_000962.3	429961	429970	-	10.9416	2.78e-05	0.561	CAACATCGGT
CAWMAGCGKT	MEME-3	NC_000962.3	431113	431122	-	10.9416	2.78e-05	0.561	CAACACCGGT
CAWMAGCGKT	MEME-3	NC_000962.3	431458	431467	-	10.9416	2.78e-05	0.561	CAACATCGGT
CAWMAGCGKT	MEME-3	NC_000962.3	432820	432829	-	10.9416	2.78e-05	0.561	CAACATCGGT
CAWMAGCGKT	MEME-3	NC_000962.3	433579	433588	-	10.9416	2.78e-05	0.561	CAACACCGGT
CAWMAGCGKT	MEME-3	NC_000962.3	433669	433678	-	10.9416	2.78e-05	0.561	CAACACCGGT
CAWMAGCGKT	MEME-3	NC_000962.3	433762	433771	-	10.9416	2.78e-05	0.561	CAACATCGGT
CAWMAGCGKT	MEME-3	NC_000962.3	433918	433927	-	10.9416	2.78e-05	0.561	CAACATCGGT
CAWMAGCGKT	MEME-3	NC_000962.3	476814	476823	-	10.9416	2.78e-05	0.561	CAACAACGGT
CAWMAGCGKT	MEME-3	NC_000962.3	481978	481987	-	10.9416	2.78e-05	0.561	CAACATCGGT
CAWMAGCGKT	MEME-3	NC_000962.3	486280	486289	+	10.9416	2.78e-05	0.561	CAACAACGGT
CAWMAGCGKT	MEME-3	NC_000962.3	531477	531486	-	10.9416	2.78e-05	0.561	CAACACCGGT
CAWMAGCGKT	MEME-3	NC_000962.3	586013	586022	+	10.9416	2.78e-05	0.561	CAACAGCCGT
CAWMAGCGKT	MEME-3	NC_000962.3	608913	608922	-	10.9416	2.78e-05	0.561	CAACATCGGT
CAWMAGCGKT	MEME-3	NC_000962.3	659719	659728	-	10.9416	2.78e-05	0.561	CAACAGCAGT
CAWMAGCGKT	MEME-3	NC_000962.3	686248	686257	+	10.9416	2.78e-05	0.561	CAACATCGGT
CAWMAGCGKT	MEME-3	NC_000962.3	687597	687606	+	10.9416	2.78e-05	0.561	CAACACCGGT
CAWMAGCGKT	MEME-3	NC_000962.3	760214	760223	+	10.9416	2.78e-05	0.561	CAACACCGGT
CAWMAGCGKT	MEME-3	NC_000962.3	761264	761273	+	10.9416	2.78e-05	0.561	CAACATCGGT
CAWMAGCGKT	MEME-3	NC_000962.3	790837	790846	+	10.9416	2.78e-05	0.561	CAACACCGGT
CAWMAGCGKT	MEME-3	NC_000962.3	836534	836543	+	10.9416	2.78e-05	0.561	CAACAACGGT
CAWMAGCGKT	MEME-3	NC_000962.3	836654	836663	+	10.9416	2.78e-05	0.561	CAACACCGGT
CAWMAGCGKT	MEME-3	NC_000962.3	840751	840760	+	10.9416	2.78e-05	0.561	TAACAGCGGT
CAWMAGCGKT	MEME-3	NC_000962.3	849270	849279	-	10.9416	2.78e-05	0.561	CAACATCGGT
CAWMAGCGKT	MEME-3	NC_000962.3	850497	850506	-	10.9416	2.78e-05	0.561	GAACAGCGGT
CAWMAGCGKT	MEME-3	NC_000962.3	873753	873762	-	10.9416	2.78e-05	0.561	GAACAGCGGT
CAWMAGCGKT	MEME-3	NC_000962.3	902498	902507	-	10.9416	2.78e-05	0.561	CAACACCGGT
CAWMAGCGKT	MEME-3	NC_000962.3	907300	907309	-	10.9416	2.78e-05	0.561	CAACAGAGGT
CAWMAGCGKT	MEME-3	NC_000962.3	909617	909626	+	10.9416	2.78e-05	0.561	CAACAGTGGT
CAWMAGCGKT	MEME-3	NC_000962.3	911809	911818	+	10.9416	2.78e-05	0.561	CAACAGCAGT
CAWMAGCGKT	MEME-3	NC_000962.3	924994	925003	+	10.9416	2.78e-05	0.561	CAACAGAGGT
CAWMAGCGKT	MEME-3	NC_000962.3	949341	949350	-	10.9416	2.78e-05	0.561	GAACAGCGGT
CAWMAGCGKT	MEME-3	NC_000962.3	968688	968697	-	10.9416	2.78e-05	0.561	CAACAGTGGT
CAWMAGCGKT	MEME-3	NC_000962.3	988294	988303	+	10.9416	2.78e-05	0.561	CAACACCGGT
CAWMAGCGKT	MEME-3	NC_000962.3	991374	991383	-	10.9416	2.78e-05	0.561	CAACAGCAGT
CAWMAGCGKT	MEME-3	NC_000962.3	1014477	1014486	+	10.9416	2.78e-05	0.561	CAACATCGGT
CAWMAGCGKT	MEME-3	NC_000962.3	1068112	1068121	-	10.9416	2.78e-05	0.561	CAACAGCCGT
CAWMAGCGKT	MEME-3	NC_000962.3	1074566	1074575	-	10.9416	2.78e-05	0.561	CAACACCGGT
CAWMAGCGKT	MEME-3	NC_000962.3	1075348	1075357	-	10.9416	2.78e-05	0.561	CAACACCGGT
CAWMAGCGKT	MEME-3	NC_000962.3	1092736	1092745	+	10.9416	2.78e-05	0.561	CAACAACGGT
CAWMAGCGKT	MEME-3	NC_000962.3	1105134	1105143	-	10.9416	2.78e-05	0.561	CAACACCGGT
CAWMAGCGKT	MEME-3	NC_000962.3	1123908	1123917	-	10.9416	2.78e-05	0.561	AAACAGCGGT
CAWMAGCGKT	MEME-3	NC_000962.3	1128087	1128096	-	10.9416	2.78e-05	0.561	CAACATCGGT
CAWMAGCGKT	MEME-3	NC_000962.3	1144498	1144507	+	10.9416	2.78e-05	0.561	TAACAGCGGT
CAWMAGCGKT	MEME-3	NC_000962.3	1176023	1176032	-	10.9416	2.78e-05	0.561	CAACAGCCGT
CAWMAGCGKT	MEME-3	NC_000962.3	1176145	1176154	+	10.9416	2.78e-05	0.561	CAACATCGGT
CAWMAGCGKT	MEME-3	NC_000962.3	1262902	1262911	-	10.9416	2.78e-05	0.561	CAACACCGGT
CAWMAGCGKT	MEME-3	NC_000962.3	1263088	1263097	-	10.9416	2.78e-05	0.561	CAACATCGGT
CAWMAGCGKT	MEME-3	NC_000962.3	1269335	1269344	+	10.9416	2.78e-05	0.561	CAACAGCCGT
CAWMAGCGKT	MEME-3	NC_000962.3	1273562	1273571	-	10.9416	2.78e-05	0.561	CAACAGCCGT
CAWMAGCGKT	MEME-3	NC_000962.3	1317499	1317508	-	10.9416	2.78e-05	0.561	CAACACCGGT
CAWMAGCGKT	MEME-3	NC_000962.3	1350645	1350654	+	10.9416	2.78e-05	0.561	CAACACCGGT
CAWMAGCGKT	MEME-3	NC_000962.3	1367471	1367480	+	10.9416	2.78e-05	0.561	CAACATCGGT
CAWMAGCGKT	MEME-3	NC_000962.3	1415775	1415784	+	10.9416	2.78e-05	0.561	CAACAGCCGT
CAWMAGCGKT	MEME-3	NC_000962.3	1415880	1415889	+	10.9416	2.78e-05	0.561	CAACAACGGT
CAWMAGCGKT	MEME-3	NC_000962.3	1433534	1433543	+	10.9416	2.78e-05	0.561	CAACAACGGT
CAWMAGCGKT	MEME-3	NC_000962.3	1441516	1441525	-	10.9416	2.78e-05	0.561	CAACAACGGT
CAWMAGCGKT	MEME-3	NC_000962.3	1441669	1441678	-	10.9416	2.78e-05	0.561	CAACAACGGT
CAWMAGCGKT	MEME-3	NC_000962.3	1483423	1483432	+	10.9416	2.78e-05	0.561	CAACAGTGGT
CAWMAGCGKT	MEME-3	NC_000962.3	1515272	1515281	+	10.9416	2.78e-05	0.561	CAACAGTGGT
CAWMAGCGKT	MEME-3	NC_000962.3	1522503	1522512	+	10.9416	2.78e-05	0.561	CAACAGCTGT
CAWMAGCGKT	MEME-3	NC_000962.3	1595899	1595908	-	10.9416	2.78e-05	0.561	GAACAGCGGT
CAWMAGCGKT	MEME-3	NC_000962.3	1618881	1618890	-	10.9416	2.78e-05	0.561	TAACAGCGGT
CAWMAGCGKT	MEME-3	NC_000962.3	1643182	1643191	+	10.9416	2.78e-05	0.561	CAACAGCAGT
CAWMAGCGKT	MEME-3	NC_000962.3	1710067	1710076	+	10.9416	2.78e-05	0.561	CAACAACGGT
CAWMAGCGKT	MEME-3	NC_000962.3	1711222	1711231	+	10.9416	2.78e-05	0.561	CAACATCGGT
CAWMAGCGKT	MEME-3	NC_000962.3	1711883	1711892	+	10.9416	2.78e-05	0.561	CAACACCGGT
CAWMAGCGKT	MEME-3	NC_000962.3	1732204	1732213	-	10.9416	2.78e-05	0.561	CAACAACGGT
CAWMAGCGKT	MEME-3	NC_000962.3	1749511	1749520	+	10.9416	2.78e-05	0.561	CAACAGGGGT
CAWMAGCGKT	MEME-3	NC_000962.3	1753259	1753268	+	10.9416	2.78e-05	0.561	CAACATCGGT
CAWMAGCGKT	MEME-3	NC_000962.3	1784070	1784079	-	10.9416	2.78e-05	0.561	CAACAGCAGT
CAWMAGCGKT	MEME-3	NC_000962.3	1869727	1869736	-	10.9416	2.78e-05	0.561	CAACAGCAGT
CAWMAGCGKT	MEME-3	NC_000962.3	1876782	1876791	-	10.9416	2.78e-05	0.561	CAACAGCCGT
CAWMAGCGKT	MEME-3	NC_000962.3	1885219	1885228	-	10.9416	2.78e-05	0.561	CAACACCGGT
CAWMAGCGKT	MEME-3	NC_000962.3	1983720	1983729	-	10.9416	2.78e-05	0.561	CAACACCGGT
CAWMAGCGKT	MEME-3	NC_000962.3	2027428	2027437	-	10.9416	2.78e-05	0.561	CAACAGAGGT
CAWMAGCGKT	MEME-3	NC_000962.3	2074357	2074366	-	10.9416	2.78e-05	0.561	GAACAGCGGT
CAWMAGCGKT	MEME-3	NC_000962.3	2097207	2097216	+	10.9416	2.78e-05	0.561	CAACAGCTGT
CAWMAGCGKT	MEME-3	NC_000962.3	2102493	2102502	+	10.9416	2.78e-05	0.561	CAACACCGGT
CAWMAGCGKT	MEME-3	NC_000962.3	2166142	2166151	-	10.9416	2.78e-05	0.561	CAACACCGGT
CAWMAGCGKT	MEME-3	NC_000962.3	2214935	2214944	-	10.9416	2.78e-05	0.561	CAACACCGGT
CAWMAGCGKT	MEME-3	NC_000962.3	2272262	2272271	+	10.9416	2.78e-05	0.561	CAACACCGGT
CAWMAGCGKT	MEME-3	NC_000962.3	2317268	2317277	+	10.9416	2.78e-05	0.561	CAACAGCCGT
CAWMAGCGKT	MEME-3	NC_000962.3	2321933	2321942	-	10.9416	2.78e-05	0.561	CAACAGCAGT
CAWMAGCGKT	MEME-3	NC_000962.3	2327641	2327650	-	10.9416	2.78e-05	0.561	GAACAGCGGT
CAWMAGCGKT	MEME-3	NC_000962.3	2338347	2338356	+	10.9416	2.78e-05	0.561	GAACAGCGGT
CAWMAGCGKT	MEME-3	NC_000962.3	2341972	2341981	-	10.9416	2.78e-05	0.561	AAACAGCGGT
CAWMAGCGKT	MEME-3	NC_000962.3	2348684	2348693	-	10.9416	2.78e-05	0.561	CAACAACGGT
CAWMAGCGKT	MEME-3	NC_000962.3	2407454	2407463	+	10.9416	2.78e-05	0.561	CAACATCGGT
CAWMAGCGKT	MEME-3	NC_000962.3	2418186	2418195	-	10.9416	2.78e-05	0.561	CAACACCGGT
CAWMAGCGKT	MEME-3	NC_000962.3	2438829	2438838	+	10.9416	2.78e-05	0.561	CAACACCGGT
CAWMAGCGKT	MEME-3	NC_000962.3	2483362	2483371	+	10.9416	2.78e-05	0.561	CAACATCGGT
CAWMAGCGKT	MEME-3	NC_000962.3	2524674	2524683	+	10.9416	2.78e-05	0.561	CAACACCGGT
CAWMAGCGKT	MEME-3	NC_000962.3	2541333	2541342	-	10.9416	2.78e-05	0.561	CAACAGCCGT
CAWMAGCGKT	MEME-3	NC_000962.3	2558555	2558564	-	10.9416	2.78e-05	0.561	GAACAGCGGT
CAWMAGCGKT	MEME-3	NC_000962.3	2573341	2573350	+	10.9416	2.78e-05	0.561	CAACAGCTGT
CAWMAGCGKT	MEME-3	NC_000962.3	2601364	2601373	-	10.9416	2.78e-05	0.561	CAACACCGGT
CAWMAGCGKT	MEME-3	NC_000962.3	2603908	2603917	+	10.9416	2.78e-05	0.561	CAACAGCTGT
CAWMAGCGKT	MEME-3	NC_000962.3	2603910	2603919	-	10.9416	2.78e-05	0.561	CAACAGCTGT
CAWMAGCGKT	MEME-3	NC_000962.3	2610924	2610933	-	10.9416	2.78e-05	0.561	CAACAGTGGT
CAWMAGCGKT	MEME-3	NC_000962.3	2613053	2613062	+	10.9416	2.78e-05	0.561	AAACAGCGGT
CAWMAGCGKT	MEME-3	NC_000962.3	2635005	2635014	-	10.9416	2.78e-05	0.561	CAACAGTGGT
CAWMAGCGKT	MEME-3	NC_000962.3	2635341	2635350	-	10.9416	2.78e-05	0.561	CAACATCGGT
CAWMAGCGKT	MEME-3	NC_000962.3	2638033	2638042	-	10.9416	2.78e-05	0.561	CAACACCGGT
CAWMAGCGKT	MEME-3	NC_000962.3	2638063	2638072	-	10.9416	2.78e-05	0.561	CAACACCGGT
CAWMAGCGKT	MEME-3	NC_000962.3	2638093	2638102	-	10.9416	2.78e-05	0.561	CAACACCGGT
CAWMAGCGKT	MEME-3	NC_000962.3	2638303	2638312	-	10.9416	2.78e-05	0.561	CAACACCGGT
CAWMAGCGKT	MEME-3	NC_000962.3	2651401	2651410	-	10.9416	2.78e-05	0.561	CAACAGTGGT
CAWMAGCGKT	MEME-3	NC_000962.3	2683500	2683509	-	10.9416	2.78e-05	0.561	CAACACCGGT
CAWMAGCGKT	MEME-3	NC_000962.3	2696203	2696212	+	10.9416	2.78e-05	0.561	CAACACCGGT
CAWMAGCGKT	MEME-3	NC_000962.3	2743032	2743041	-	10.9416	2.78e-05	0.561	CAACACCGGT
CAWMAGCGKT	MEME-3	NC_000962.3	2744034	2744043	+	10.9416	2.78e-05	0.561	CAACACCGGT
CAWMAGCGKT	MEME-3	NC_000962.3	2751827	2751836	-	10.9416	2.78e-05	0.561	CAACACCGGT
CAWMAGCGKT	MEME-3	NC_000962.3	2760495	2760504	+	10.9416	2.78e-05	0.561	GAACAGCGGT
CAWMAGCGKT	MEME-3	NC_000962.3	2777031	2777040	-	10.9416	2.78e-05	0.561	GAACAGCGGT
CAWMAGCGKT	MEME-3	NC_000962.3	2783518	2783527	+	10.9416	2.78e-05	0.561	CAACAGCAGT
CAWMAGCGKT	MEME-3	NC_000962.3	2837167	2837176	+	10.9416	2.78e-05	0.561	CAACACCGGT
CAWMAGCGKT	MEME-3	NC_000962.3	2848652	2848661	+	10.9416	2.78e-05	0.561	CAACACCGGT
CAWMAGCGKT	MEME-3	NC_000962.3	2880842	2880851	+	10.9416	2.78e-05	0.561	CAACATCGGT
CAWMAGCGKT	MEME-3	NC_000962.3	2901988	2901997	+	10.9416	2.78e-05	0.561	CAACAACGGT
CAWMAGCGKT	MEME-3	NC_000962.3	2902027	2902036	-	10.9416	2.78e-05	0.561	GAACAGCGGT
CAWMAGCGKT	MEME-3	NC_000962.3	2907263	2907272	+	10.9416	2.78e-05	0.561	CAACATCGGT
CAWMAGCGKT	MEME-3	NC_000962.3	2939305	2939314	+	10.9416	2.78e-05	0.561	CAACACCGGT
CAWMAGCGKT	MEME-3	NC_000962.3	2961269	2961278	-	10.9416	2.78e-05	0.561	CAACACCGGT
CAWMAGCGKT	MEME-3	NC_000962.3	2965447	2965456	-	10.9416	2.78e-05	0.561	CAACACCGGT
CAWMAGCGKT	MEME-3	NC_000962.3	3093575	3093584	+	10.9416	2.78e-05	0.561	CAACAGCAGT
CAWMAGCGKT	MEME-3	NC_000962.3	3101317	3101326	+	10.9416	2.78e-05	0.561	CAACACCGGT
CAWMAGCGKT	MEME-3	NC_000962.3	3114973	3114982	+	10.9416	2.78e-05	0.561	CAACAGTGGT
CAWMAGCGKT	MEME-3	NC_000962.3	3252190	3252199	+	10.9416	2.78e-05	0.561	CAACATCGGT
CAWMAGCGKT	MEME-3	NC_000962.3	3268007	3268016	+	10.9416	2.78e-05	0.561	CAACACCGGT
CAWMAGCGKT	MEME-3	NC_000962.3	3274636	3274645	-	10.9416	2.78e-05	0.561	CAACAACGGT
CAWMAGCGKT	MEME-3	NC_000962.3	3328653	3328662	-	10.9416	2.78e-05	0.561	CAACACCGGT
CAWMAGCGKT	MEME-3	NC_000962.3	3344181	3344190	-	10.9416	2.78e-05	0.561	CAACAGTGGT
CAWMAGCGKT	MEME-3	NC_000962.3	3425098	3425107	+	10.9416	2.78e-05	0.561	CAACAGCCGT
CAWMAGCGKT	MEME-3	NC_000962.3	3469517	3469526	+	10.9416	2.78e-05	0.561	CAACAGCAGT
CAWMAGCGKT	MEME-3	NC_000962.3	3508781	3508790	-	10.9416	2.78e-05	0.561	CAACAGCCGT
CAWMAGCGKT	MEME-3	NC_000962.3	3528084	3528093	-	10.9416	2.78e-05	0.561	CAACATCGGT
CAWMAGCGKT	MEME-3	NC_000962.3	3528180	3528189	-	10.9416	2.78e-05	0.561	CAACATCGGT
CAWMAGCGKT	MEME-3	NC_000962.3	3528240	3528249	-	10.9416	2.78e-05	0.561	CAACATCGGT
CAWMAGCGKT	MEME-3	NC_000962.3	3651074	3651083	+	10.9416	2.78e-05	0.561	CAACATCGGT
CAWMAGCGKT	MEME-3	NC_000962.3	3684368	3684377	-	10.9416	2.78e-05	0.561	CAACACCGGT
CAWMAGCGKT	MEME-3	NC_000962.3	3727260	3727269	+	10.9416	2.78e-05	0.561	CAACATCGGT
CAWMAGCGKT	MEME-3	NC_000962.3	3734434	3734443	-	10.9416	2.78e-05	0.561	CAACACCGGT
CAWMAGCGKT	MEME-3	NC_000962.3	3735709	3735718	-	10.9416	2.78e-05	0.561	CAACACCGGT
CAWMAGCGKT	MEME-3	NC_000962.3	3741767	3741776	-	10.9416	2.78e-05	0.561	CAACAACGGT
CAWMAGCGKT	MEME-3	NC_000962.3	3744806	3744815	-	10.9416	2.78e-05	0.561	CAACACCGGT
CAWMAGCGKT	MEME-3	NC_000962.3	3744851	3744860	-	10.9416	2.78e-05	0.561	CAACACCGGT
CAWMAGCGKT	MEME-3	NC_000962.3	3744911	3744920	-	10.9416	2.78e-05	0.561	CAACACCGGT
CAWMAGCGKT	MEME-3	NC_000962.3	3744971	3744980	-	10.9416	2.78e-05	0.561	CAACACCGGT
CAWMAGCGKT	MEME-3	NC_000962.3	3746615	3746624	-	10.9416	2.78e-05	0.561	CAACACCGGT
CAWMAGCGKT	MEME-3	NC_000962.3	3746660	3746669	-	10.9416	2.78e-05	0.561	CAACACCGGT
CAWMAGCGKT	MEME-3	NC_000962.3	3750287	3750296	-	10.9416	2.78e-05	0.561	CAACACCGGT
CAWMAGCGKT	MEME-3	NC_000962.3	3752144	3752153	-	10.9416	2.78e-05	0.561	CAACACCGGT
CAWMAGCGKT	MEME-3	NC_000962.3	3752330	3752339	-	10.9416	2.78e-05	0.561	CAACATCGGT
CAWMAGCGKT	MEME-3	NC_000962.3	3757152	3757161	-	10.9416	2.78e-05	0.561	CAACACCGGT
CAWMAGCGKT	MEME-3	NC_000962.3	3760695	3760704	-	10.9416	2.78e-05	0.561	CAACACCGGT
CAWMAGCGKT	MEME-3	NC_000962.3	3761067	3761076	-	10.9416	2.78e-05	0.561	CAACATCGGT
CAWMAGCGKT	MEME-3	NC_000962.3	3761589	3761598	-	10.9416	2.78e-05	0.561	CAACACCGGT
CAWMAGCGKT	MEME-3	NC_000962.3	3762432	3762441	-	10.9416	2.78e-05	0.561	CAACACCGGT
CAWMAGCGKT	MEME-3	NC_000962.3	3762864	3762873	-	10.9416	2.78e-05	0.561	CAACATCGGT
CAWMAGCGKT	MEME-3	NC_000962.3	3764193	3764202	-	10.9416	2.78e-05	0.561	CAACACCGGT
CAWMAGCGKT	MEME-3	NC_000962.3	3764685	3764694	-	10.9416	2.78e-05	0.561	CAACATCGGT
CAWMAGCGKT	MEME-3	NC_000962.3	3765939	3765948	-	10.9416	2.78e-05	0.561	CAACACCGGT
CAWMAGCGKT	MEME-3	NC_000962.3	3766059	3766068	-	10.9416	2.78e-05	0.561	CAACACCGGT
CAWMAGCGKT	MEME-3	NC_000962.3	3766245	3766254	-	10.9416	2.78e-05	0.561	CAACATCGGT
CAWMAGCGKT	MEME-3	NC_000962.3	3814025	3814034	+	10.9416	2.78e-05	0.561	CAACACCGGT
CAWMAGCGKT	MEME-3	NC_000962.3	3842199	3842208	+	10.9416	2.78e-05	0.561	CAACAGCCGT
CAWMAGCGKT	MEME-3	NC_000962.3	3842996	3843005	+	10.9416	2.78e-05	0.561	CAACAGCCGT
CAWMAGCGKT	MEME-3	NC_000962.3	3847125	3847134	+	10.9416	2.78e-05	0.561	CAACAGCCGT
CAWMAGCGKT	MEME-3	NC_000962.3	3871508	3871517	-	10.9416	2.78e-05	0.561	CAACACCGGT
CAWMAGCGKT	MEME-3	NC_000962.3	3905807	3905816	-	10.9416	2.78e-05	0.561	CAACAGCCGT
CAWMAGCGKT	MEME-3	NC_000962.3	3971512	3971521	-	10.9416	2.78e-05	0.561	CAACATCGGT
CAWMAGCGKT	MEME-3	NC_000962.3	3971842	3971851	-	10.9416	2.78e-05	0.561	CAACATCGGT
CAWMAGCGKT	MEME-3	NC_000962.3	3998852	3998861	+	10.9416	2.78e-05	0.561	CAACATCGGT
CAWMAGCGKT	MEME-3	NC_000962.3	4007229	4007238	-	10.9416	2.78e-05	0.561	CAACACCGGT
CAWMAGCGKT	MEME-3	NC_000962.3	4019150	4019159	+	10.9416	2.78e-05	0.561	CAACAGCTGT
CAWMAGCGKT	MEME-3	NC_000962.3	4024874	4024883	+	10.9416	2.78e-05	0.561	CAACAACGGT
CAWMAGCGKT	MEME-3	NC_000962.3	4026466	4026475	-	10.9416	2.78e-05	0.561	GAACAGCGGT
CAWMAGCGKT	MEME-3	NC_000962.3	4072475	4072484	+	10.9416	2.78e-05	0.561	CAACAGCTGT
CAWMAGCGKT	MEME-3	NC_000962.3	4099573	4099582	+	10.9416	2.78e-05	0.561	CAACATCGGT
CAWMAGCGKT	MEME-3	NC_000962.3	4124668	4124677	+	10.9416	2.78e-05	0.561	CAACACCGGT
CAWMAGCGKT	MEME-3	NC_000962.3	4135520	4135529	-	10.9416	2.78e-05	0.561	CAACAGCAGT
CAWMAGCGKT	MEME-3	NC_000962.3	4172308	4172317	-	10.9416	2.78e-05	0.561	GAACAGCGGT
CAWMAGCGKT	MEME-3	NC_000962.3	4246157	4246166	-	10.9416	2.78e-05	0.561	CAACACCGGT
CAWMAGCGKT	MEME-3	NC_000962.3	4263256	4263265	-	10.9416	2.78e-05	0.561	GAACAGCGGT
CAWMAGCGKT	MEME-3	NC_000962.3	4336478	4336487	-	10.9416	2.78e-05	0.561	AAACAGCGGT
CAWMAGCGKT	MEME-3	NC_000962.3	4340368	4340377	+	10.9416	2.78e-05	0.561	CAACACCGGT
CAWMAGCGKT	MEME-3	NC_000962.3	4349060	4349069	+	10.9416	2.78e-05	0.561	CAACATCGGT
CAWMAGCGKT	MEME-3	NC_000962.3	4351658	4351667	+	10.9416	2.78e-05	0.561	CAACACCGGT
CAWMAGCGKT	MEME-3	NC_000962.3	4354743	4354752	+	10.9416	2.78e-05	0.561	CAACAACGGT
CAWMAGCGKT	MEME-3	NC_000962.3	4364041	4364050	-	10.9416	2.78e-05	0.561	CAACACCGGT
CAWMAGCGKT	MEME-3	NC_000962.3	4402420	4402429	+	10.9416	2.78e-05	0.561	CAACACCGGT
CAWMAGCGKT	MEME-3	NC_000962.3	4411467	4411476	+	10.9416	2.78e-05	0.561	CAACAACGGT
TWTKCATTGYTWTYT	MEME-2	NC_000962.3	48094	48108	+	7.65217	3.1e-05	1	TTGGCATCGGTATCT
TWTKCATTGYTWTYT	MEME-2	NC_000962.3	450480	450494	+	7.65217	3.1e-05	1	TACGCATTGTGGTCT
TWTKCATTGYTWTYT	MEME-2	NC_000962.3	584137	584151	+	7.65217	3.1e-05	1	TTGGCATTGCCATGT
TWTKCATTGYTWTYT	MEME-2	NC_000962.3	910607	910621	+	7.65217	3.1e-05	1	AATGCCTTGATTTCT
TWTKCATTGYTWTYT	MEME-2	NC_000962.3	918483	918497	+	7.65217	3.1e-05	1	TGTTCATCGCGATCT
TWTKCATTGYTWTYT	MEME-2	NC_000962.3	1801401	1801415	+	7.65217	3.1e-05	1	TGTTCATTGCTAGCC
TWTKCATTGYTWTYT	MEME-2	NC_000962.3	1842248	1842262	-	7.65217	3.1e-05	1	TGTGCAAGGCTTTTT
TWTKCATTGYTWTYT	MEME-2	NC_000962.3	1852167	1852181	+	7.65217	3.1e-05	1	TGTGCAGGGCTTTTT
TWTKCATTGYTWTYT	MEME-2	NC_000962.3	1925013	1925027	+	7.65217	3.1e-05	1	TTTGCAGTGCATTGT
TWTKCATTGYTWTYT	MEME-2	NC_000962.3	1999658	1999672	+	7.65217	3.1e-05	1	CGTGCATTGTTTTCG
TWTKCATTGYTWTYT	MEME-2	NC_000962.3	2007068	2007082	+	7.65217	3.1e-05	1	TATGCGCTGCTCTTT
TWTKCATTGYTWTYT	MEME-2	NC_000962.3	2014053	2014067	+	7.65217	3.1e-05	1	TGTGCATAGCTTGTT
TWTKCATTGYTWTYT	MEME-2	NC_000962.3	2041686	2041700	-	7.65217	3.1e-05	1	TTGGCATTGCTATGG
TWTKCATTGYTWTYT	MEME-2	NC_000962.3	2248619	2248633	-	7.65217	3.1e-05	1	GCTTCGTTGCTATCT
TWTKCATTGYTWTYT	MEME-2	NC_000962.3	2542147	2542161	+	7.65217	3.1e-05	1	TATGCGTTGGATTCT
TWTKCATTGYTWTYT	MEME-2	NC_000962.3	3183729	3183743	-	7.65217	3.1e-05	1	GTTGCGTTGTTCTCT
ACATCAWA	MEME-1	NC_000962.3	273	280	+	10.2246	3.11e-05	1	ACATCAGA
ACATCAWA	MEME-1	NC_000962.3	29994	30001	+	10.2246	3.11e-05	1	ACATCAGA
ACATCAWA	MEME-1	NC_000962.3	42973	42980	-	10.2246	3.11e-05	1	ACATCACA
ACATCAWA	MEME-1	NC_000962.3	84715	84722	-	10.2246	3.11e-05	1	ACATCAGA
ACATCAWA	MEME-1	NC_000962.3	149529	149536	-	10.2246	3.11e-05	1	ACATCACA
ACATCAWA	MEME-1	NC_000962.3	220721	220728	+	10.2246	3.11e-05	1	ACATCACA
ACATCAWA	MEME-1	NC_000962.3	262852	262859	+	10.2246	3.11e-05	1	ACATCAGA
ACATCAWA	MEME-1	NC_000962.3	282677	282684	-	10.2246	3.11e-05	1	ACATCAGA
ACATCAWA	MEME-1	NC_000962.3	318776	318783	-	10.2246	3.11e-05	1	ACATCACA
ACATCAWA	MEME-1	NC_000962.3	341023	341030	+	10.2246	3.11e-05	1	ACATCACA
ACATCAWA	MEME-1	NC_000962.3	351844	351851	-	10.2246	3.11e-05	1	ACATCACA
ACATCAWA	MEME-1	NC_000962.3	400545	400552	-	10.2246	3.11e-05	1	ACATCAGA
ACATCAWA	MEME-1	NC_000962.3	471664	471671	+	10.2246	3.11e-05	1	ACATCAGA
ACATCAWA	MEME-1	NC_000962.3	506264	506271	-	10.2246	3.11e-05	1	ACATCACA
ACATCAWA	MEME-1	NC_000962.3	521709	521716	-	10.2246	3.11e-05	1	ACATCACA
ACATCAWA	MEME-1	NC_000962.3	548334	548341	-	10.2246	3.11e-05	1	ACATCAGA
ACATCAWA	MEME-1	NC_000962.3	568173	568180	-	10.2246	3.11e-05	1	ACATCACA
ACATCAWA	MEME-1	NC_000962.3	606105	606112	-	10.2246	3.11e-05	1	ACATCAGA
ACATCAWA	MEME-1	NC_000962.3	606904	606911	-	10.2246	3.11e-05	1	ACATCAGA
ACATCAWA	MEME-1	NC_000962.3	753014	753021	-	10.2246	3.11e-05	1	ACATCAGA
ACATCAWA	MEME-1	NC_000962.3	780542	780549	-	10.2246	3.11e-05	1	ACATCAGA
ACATCAWA	MEME-1	NC_000962.3	877168	877175	-	10.2246	3.11e-05	1	ACATCAGA
ACATCAWA	MEME-1	NC_000962.3	918560	918567	+	10.2246	3.11e-05	1	ACATCAGA
ACATCAWA	MEME-1	NC_000962.3	939847	939854	-	10.2246	3.11e-05	1	ACATCACA
ACATCAWA	MEME-1	NC_000962.3	994015	994022	-	10.2246	3.11e-05	1	ACATCACA
ACATCAWA	MEME-1	NC_000962.3	1117415	1117422	+	10.2246	3.11e-05	1	ACATCACA
ACATCAWA	MEME-1	NC_000962.3	1135990	1135997	-	10.2246	3.11e-05	1	ACATCAGA
ACATCAWA	MEME-1	NC_000962.3	1151126	1151133	-	10.2246	3.11e-05	1	ACATCACA
ACATCAWA	MEME-1	NC_000962.3	1152008	1152015	-	10.2246	3.11e-05	1	ACATCAGA
ACATCAWA	MEME-1	NC_000962.3	1160725	1160732	+	10.2246	3.11e-05	1	ACATCAGA
ACATCAWA	MEME-1	NC_000962.3	1201434	1201441	+	10.2246	3.11e-05	1	ACATCACA
ACATCAWA	MEME-1	NC_000962.3	1288746	1288753	-	10.2246	3.11e-05	1	ACATCAGA
ACATCAWA	MEME-1	NC_000962.3	1492228	1492235	-	10.2246	3.11e-05	1	ACATCACA
ACATCAWA	MEME-1	NC_000962.3	1507106	1507113	-	10.2246	3.11e-05	1	ACATCACA
ACATCAWA	MEME-1	NC_000962.3	1513067	1513074	-	10.2246	3.11e-05	1	ACATCACA
ACATCAWA	MEME-1	NC_000962.3	1558128	1558135	+	10.2246	3.11e-05	1	ACATCACA
ACATCAWA	MEME-1	NC_000962.3	1574780	1574787	+	10.2246	3.11e-05	1	ACATCACA
ACATCAWA	MEME-1	NC_000962.3	1600121	1600128	+	10.2246	3.11e-05	1	ACATCACA
ACATCAWA	MEME-1	NC_000962.3	1634624	1634631	+	10.2246	3.11e-05	1	ACATCACA
ACATCAWA	MEME-1	NC_000962.3	1638226	1638233	+	10.2246	3.11e-05	1	ACATCACA
ACATCAWA	MEME-1	NC_000962.3	1641365	1641372	+	10.2246	3.11e-05	1	ACATCACA
ACATCAWA	MEME-1	NC_000962.3	1691840	1691847	+	10.2246	3.11e-05	1	ACATCAGA
ACATCAWA	MEME-1	NC_000962.3	1712298	1712305	-	10.2246	3.11e-05	1	ACATCACA
ACATCAWA	MEME-1	NC_000962.3	1722127	1722134	+	10.2246	3.11e-05	1	ACATCAGA
ACATCAWA	MEME-1	NC_000962.3	1746027	1746034	+	10.2246	3.11e-05	1	ACATCAGA
ACATCAWA	MEME-1	NC_000962.3	1771598	1771605	+	10.2246	3.11e-05	1	ACATCACA
ACATCAWA	MEME-1	NC_000962.3	1880563	1880570	-	10.2246	3.11e-05	1	ACATCACA
ACATCAWA	MEME-1	NC_000962.3	1911943	1911950	+	10.2246	3.11e-05	1	ACATCACA
ACATCAWA	MEME-1	NC_000962.3	2034721	2034728	-	10.2246	3.11e-05	1	ACATCACA
ACATCAWA	MEME-1	NC_000962.3	2050510	2050517	+	10.2246	3.11e-05	1	ACATCACA
ACATCAWA	MEME-1	NC_000962.3	2056473	2056480	-	10.2246	3.11e-05	1	ACATCAGA
ACATCAWA	MEME-1	NC_000962.3	2100121	2100128	+	10.2246	3.11e-05	1	ACATCACA
ACATCAWA	MEME-1	NC_000962.3	2132807	2132814	+	10.2246	3.11e-05	1	ACATCAGA
ACATCAWA	MEME-1	NC_000962.3	2158557	2158564	-	10.2246	3.11e-05	1	ACATCAGA
ACATCAWA	MEME-1	NC_000962.3	2170816	2170823	-	10.2246	3.11e-05	1	ACATCAGA
ACATCAWA	MEME-1	NC_000962.3	2268124	2268131	-	10.2246	3.11e-05	1	ACATCACA
ACATCAWA	MEME-1	NC_000962.3	2343663	2343670	+	10.2246	3.11e-05	1	ACATCACA
ACATCAWA	MEME-1	NC_000962.3	2346558	2346565	+	10.2246	3.11e-05	1	ACATCAGA
ACATCAWA	MEME-1	NC_000962.3	2505733	2505740	+	10.2246	3.11e-05	1	ACATCACA
ACATCAWA	MEME-1	NC_000962.3	2697238	2697245	-	10.2246	3.11e-05	1	ACATCAGA
ACATCAWA	MEME-1	NC_000962.3	2697801	2697808	+	10.2246	3.11e-05	1	ACATCAGA
ACATCAWA	MEME-1	NC_000962.3	2807932	2807939	-	10.2246	3.11e-05	1	ACATCACA
ACATCAWA	MEME-1	NC_000962.3	2814393	2814400	-	10.2246	3.11e-05	1	ACATCACA
ACATCAWA	MEME-1	NC_000962.3	2826276	2826283	+	10.2246	3.11e-05	1	ACATCAGA
ACATCAWA	MEME-1	NC_000962.3	2894430	2894437	+	10.2246	3.11e-05	1	ACATCACA
ACATCAWA	MEME-1	NC_000962.3	2905398	2905405	+	10.2246	3.11e-05	1	ACATCAGA
ACATCAWA	MEME-1	NC_000962.3	2973844	2973851	+	10.2246	3.11e-05	1	ACATCAGA
ACATCAWA	MEME-1	NC_000962.3	2976722	2976729	-	10.2246	3.11e-05	1	ACATCACA
ACATCAWA	MEME-1	NC_000962.3	2980861	2980868	+	10.2246	3.11e-05	1	ACATCAGA
ACATCAWA	MEME-1	NC_000962.3	3015073	3015080	+	10.2246	3.11e-05	1	ACATCACA
ACATCAWA	MEME-1	NC_000962.3	3266395	3266402	+	10.2246	3.11e-05	1	ACATCACA
ACATCAWA	MEME-1	NC_000962.3	3283182	3283189	+	10.2246	3.11e-05	1	ACATCACA
ACATCAWA	MEME-1	NC_000962.3	3347824	3347831	-	10.2246	3.11e-05	1	ACATCACA
ACATCAWA	MEME-1	NC_000962.3	3368141	3368148	+	10.2246	3.11e-05	1	ACATCAGA
ACATCAWA	MEME-1	NC_000962.3	3378998	3379005	+	10.2246	3.11e-05	1	ACATCACA
ACATCAWA	MEME-1	NC_000962.3	3419728	3419735	-	10.2246	3.11e-05	1	ACATCAGA
ACATCAWA	MEME-1	NC_000962.3	3562151	3562158	+	10.2246	3.11e-05	1	ACATCAGA
ACATCAWA	MEME-1	NC_000962.3	3642401	3642408	+	10.2246	3.11e-05	1	ACATCACA
ACATCAWA	MEME-1	NC_000962.3	3647884	3647891	-	10.2246	3.11e-05	1	ACATCACA
ACATCAWA	MEME-1	NC_000962.3	3725853	3725860	+	10.2246	3.11e-05	1	ACATCAGA
ACATCAWA	MEME-1	NC_000962.3	3778564	3778571	-	10.2246	3.11e-05	1	ACATCACA
ACATCAWA	MEME-1	NC_000962.3	3824454	3824461	+	10.2246	3.11e-05	1	ACATCACA
ACATCAWA	MEME-1	NC_000962.3	3877381	3877388	-	10.2246	3.11e-05	1	ACATCAGA
ACATCAWA	MEME-1	NC_000962.3	3951915	3951922	+	10.2246	3.11e-05	1	ACATCACA
ACATCAWA	MEME-1	NC_000962.3	4035979	4035986	-	10.2246	3.11e-05	1	ACATCACA
ACATCAWA	MEME-1	NC_000962.3	4060165	4060172	+	10.2246	3.11e-05	1	ACATCAGA
ACATCAWA	MEME-1	NC_000962.3	4062289	4062296	+	10.2246	3.11e-05	1	ACATCACA
ACATCAWA	MEME-1	NC_000962.3	4077811	4077818	+	10.2246	3.11e-05	1	ACATCAGA
ACATCAWA	MEME-1	NC_000962.3	4107658	4107665	-	10.2246	3.11e-05	1	ACATCACA
ACATCAWA	MEME-1	NC_000962.3	4140464	4140471	+	10.2246	3.11e-05	1	ACATCAGA
ACATCAWA	MEME-1	NC_000962.3	4145611	4145618	+	10.2246	3.11e-05	1	ACATCAGA
ACATCAWA	MEME-1	NC_000962.3	4295890	4295897	+	10.2246	3.11e-05	1	ACATCAGA
ACATCAWA	MEME-1	NC_000962.3	4303634	4303641	+	10.2246	3.11e-05	1	ACATCACA
ACATCAWA	MEME-1	NC_000962.3	4315423	4315430	+	10.2246	3.11e-05	1	ACATCACA
ACATCAWA	MEME-1	NC_000962.3	4320063	4320070	+	10.2246	3.11e-05	1	ACATCAGA
ACATCAWA	MEME-1	NC_000962.3	4330020	4330027	-	10.2246	3.11e-05	1	ACATCAGA
ACATCAWA	MEME-1	NC_000962.3	4338972	4338979	+	10.2246	3.11e-05	1	ACATCAGA
ACATCAWA	MEME-1	NC_000962.3	4372162	4372169	-	10.2246	3.11e-05	1	ACATCAGA
TWTKCATTGYTWTYT	MEME-2	NC_000962.3	547488	547502	-	7.2029	3.12e-05	1	TACGTATTACTATCT
TWTKCATTGYTWTYT	MEME-2	NC_000962.3	2869789	2869803	+	7.2029	3.12e-05	1	TTTGGATGCCTTTCT
TWTKCATTGYTWTYT	MEME-2	NC_000962.3	51741	51755	+	7.19565	3.6e-05	1	TTTGTATGGCTTTTG
TWTKCATTGYTWTYT	MEME-2	NC_000962.3	539994	540008	+	7.19565	3.6e-05	1	TTTGCATGCTGATCT
TWTKCATTGYTWTYT	MEME-2	NC_000962.3	665214	665228	+	7.19565	3.6e-05	1	TACGCGTTCTTTTCT
TWTKCATTGYTWTYT	MEME-2	NC_000962.3	871087	871101	+	7.19565	3.6e-05	1	GTTGGATCGTTATCT
TWTKCATTGYTWTYT	MEME-2	NC_000962.3	1374268	1374282	-	7.19565	3.6e-05	1	TATGTATGGTGATCT
TWTKCATTGYTWTYT	MEME-2	NC_000962.3	1887082	1887096	+	7.19565	3.6e-05	1	TTTGTGTTGTTTTCG
TWTKCATTGYTWTYT	MEME-2	NC_000962.3	2493880	2493894	-	7.19565	3.6e-05	1	GATGCACTATTTTCT
TWTKCATTGYTWTYT	MEME-2	NC_000962.3	2545591	2545605	-	7.19565	3.6e-05	1	CATTCATTACGATCT
TWTKCATTGYTWTYT	MEME-2	NC_000962.3	2767144	2767158	-	7.19565	3.6e-05	1	AATGAGTTGCTTTTT
TWTKCATTGYTWTYT	MEME-2	NC_000962.3	3244287	3244301	+	7.19565	3.6e-05	1	TATGTACGGCTATTT
TWTKCATTGYTWTYT	MEME-2	NC_000962.3	3404249	3404263	-	7.19565	3.6e-05	1	TATTGATTGCGTTCC
TWTKCATTGYTWTYT	MEME-2	NC_000962.3	3559267	3559281	-	7.19565	3.6e-05	1	CTTGGCTTGCTATTT
TWTKCATTGYTWTYT	MEME-2	NC_000962.3	4208071	4208085	-	7.19565	3.6e-05	1	GATGCACTTCTATTT
CAWMAGCGKT	MEME-3	NC_000962.3	181355	181364	-	10.5328	3.64e-05	0.571	CAGCAGCGTT
CAWMAGCGKT	MEME-3	NC_000962.3	287223	287232	+	10.5328	3.64e-05	0.571	CAGCAGCGTT
CAWMAGCGKT	MEME-3	NC_000962.3	287956	287965	-	10.5328	3.64e-05	0.571	CACCAGCGTT
CAWMAGCGKT	MEME-3	NC_000962.3	329314	329323	-	10.5328	3.64e-05	0.571	CACAAGCGGT
CAWMAGCGKT	MEME-3	NC_000962.3	346790	346799	-	10.5328	3.64e-05	0.571	CATCAGCGCT
CAWMAGCGKT	MEME-3	NC_000962.3	359297	359306	-	10.5328	3.64e-05	0.571	CACAAGCGGT
CAWMAGCGKT	MEME-3	NC_000962.3	423632	423641	-	10.5328	3.64e-05	0.571	CATCAGCGAT
CAWMAGCGKT	MEME-3	NC_000962.3	509295	509304	+	10.5328	3.64e-05	0.571	CATCAGCGAT
CAWMAGCGKT	MEME-3	NC_000962.3	511776	511785	-	10.5328	3.64e-05	0.571	CATTAGCGGT
CAWMAGCGKT	MEME-3	NC_000962.3	577763	577772	-	10.5328	3.64e-05	0.571	CATCAGCGAT
CAWMAGCGKT	MEME-3	NC_000962.3	603521	603530	+	10.5328	3.64e-05	0.571	CAGCAGCGTT
CAWMAGCGKT	MEME-3	NC_000962.3	658643	658652	-	10.5328	3.64e-05	0.571	CAGAAGCGGT
CAWMAGCGKT	MEME-3	NC_000962.3	661336	661345	-	10.5328	3.64e-05	0.571	CACCAGCGTT
CAWMAGCGKT	MEME-3	NC_000962.3	686826	686835	-	10.5328	3.64e-05	0.571	CACCAGCGTT
CAWMAGCGKT	MEME-3	NC_000962.3	696956	696965	+	10.5328	3.64e-05	0.571	CATTAGCGGT
CAWMAGCGKT	MEME-3	NC_000962.3	699198	699207	+	10.5328	3.64e-05	0.571	CAGCAGCGTT
CAWMAGCGKT	MEME-3	NC_000962.3	715259	715268	-	10.5328	3.64e-05	0.571	CATCAGCGAT
CAWMAGCGKT	MEME-3	NC_000962.3	724704	724713	-	10.5328	3.64e-05	0.571	CAGAAGCGGT
CAWMAGCGKT	MEME-3	NC_000962.3	791607	791616	-	10.5328	3.64e-05	0.571	CATCAGCGAT
CAWMAGCGKT	MEME-3	NC_000962.3	794982	794991	+	10.5328	3.64e-05	0.571	CACCAGCGTT
CAWMAGCGKT	MEME-3	NC_000962.3	800694	800703	+	10.5328	3.64e-05	0.571	CACAAGCGGT
CAWMAGCGKT	MEME-3	NC_000962.3	822317	822326	-	10.5328	3.64e-05	0.571	CACCAGCGTT
CAWMAGCGKT	MEME-3	NC_000962.3	1061216	1061225	+	10.5328	3.64e-05	0.571	CATGAGCGGT
CAWMAGCGKT	MEME-3	NC_000962.3	1111080	1111089	+	10.5328	3.64e-05	0.571	CAGAAGCGGT
CAWMAGCGKT	MEME-3	NC_000962.3	1157681	1157690	-	10.5328	3.64e-05	0.571	CACAAGCGGT
CAWMAGCGKT	MEME-3	NC_000962.3	1175802	1175811	+	10.5328	3.64e-05	0.571	CACAAGCGGT
CAWMAGCGKT	MEME-3	NC_000962.3	1181610	1181619	-	10.5328	3.64e-05	0.571	CATCAGCGAT
CAWMAGCGKT	MEME-3	NC_000962.3	1197424	1197433	+	10.5328	3.64e-05	0.571	CATCAGCGCT
CAWMAGCGKT	MEME-3	NC_000962.3	1274636	1274645	+	10.5328	3.64e-05	0.571	CATGAGCGGT
CAWMAGCGKT	MEME-3	NC_000962.3	1287301	1287310	-	10.5328	3.64e-05	0.571	CATGAGCGGT
CAWMAGCGKT	MEME-3	NC_000962.3	1316829	1316838	+	10.5328	3.64e-05	0.571	CATGAGCGGT
CAWMAGCGKT	MEME-3	NC_000962.3	1319137	1319146	-	10.5328	3.64e-05	0.571	CATCAGCGAT
CAWMAGCGKT	MEME-3	NC_000962.3	1327136	1327145	-	10.5328	3.64e-05	0.571	CAGAAGCGGT
CAWMAGCGKT	MEME-3	NC_000962.3	1357364	1357373	+	10.5328	3.64e-05	0.571	CAGCAGCGTT
CAWMAGCGKT	MEME-3	NC_000962.3	1359268	1359277	+	10.5328	3.64e-05	0.571	CAGCAGCGTT
CAWMAGCGKT	MEME-3	NC_000962.3	1391531	1391540	-	10.5328	3.64e-05	0.571	CAGAAGCGGT
CAWMAGCGKT	MEME-3	NC_000962.3	1421898	1421907	+	10.5328	3.64e-05	0.571	CATCAGCGCT
CAWMAGCGKT	MEME-3	NC_000962.3	1422374	1422383	+	10.5328	3.64e-05	0.571	CAGCAGCGTT
CAWMAGCGKT	MEME-3	NC_000962.3	1427684	1427693	+	10.5328	3.64e-05	0.571	CACAAGCGGT
CAWMAGCGKT	MEME-3	NC_000962.3	1467192	1467201	-	10.5328	3.64e-05	0.571	CACAAGCGGT
CAWMAGCGKT	MEME-3	NC_000962.3	1500143	1500152	+	10.5328	3.64e-05	0.571	CACCAGCGTT
CAWMAGCGKT	MEME-3	NC_000962.3	1526605	1526614	-	10.5328	3.64e-05	0.571	CATCAGCGAT
CAWMAGCGKT	MEME-3	NC_000962.3	1611735	1611744	-	10.5328	3.64e-05	0.571	CAGAAGCGGT
CAWMAGCGKT	MEME-3	NC_000962.3	1645356	1645365	+	10.5328	3.64e-05	0.571	CATCAGCGCT
CAWMAGCGKT	MEME-3	NC_000962.3	1656972	1656981	-	10.5328	3.64e-05	0.571	CACAAGCGGT
CAWMAGCGKT	MEME-3	NC_000962.3	1671015	1671024	+	10.5328	3.64e-05	0.571	CATCAGCGAT
CAWMAGCGKT	MEME-3	NC_000962.3	1761464	1761473	+	10.5328	3.64e-05	0.571	CATCAGCGAT
CAWMAGCGKT	MEME-3	NC_000962.3	1848378	1848387	+	10.5328	3.64e-05	0.571	CATCAGCGAT
CAWMAGCGKT	MEME-3	NC_000962.3	1967739	1967748	+	10.5328	3.64e-05	0.571	CACAAGCGGT
CAWMAGCGKT	MEME-3	NC_000962.3	2020798	2020807	-	10.5328	3.64e-05	0.571	CATCAGCGAT
CAWMAGCGKT	MEME-3	NC_000962.3	2048022	2048031	+	10.5328	3.64e-05	0.571	CAGAAGCGGT
CAWMAGCGKT	MEME-3	NC_000962.3	2069689	2069698	-	10.5328	3.64e-05	0.571	CACCAGCGTT
CAWMAGCGKT	MEME-3	NC_000962.3	2109100	2109109	+	10.5328	3.64e-05	0.571	CAGAAGCGGT
CAWMAGCGKT	MEME-3	NC_000962.3	2139063	2139072	-	10.5328	3.64e-05	0.571	CACAAGCGGT
CAWMAGCGKT	MEME-3	NC_000962.3	2338126	2338135	-	10.5328	3.64e-05	0.571	CAGCAGCGTT
CAWMAGCGKT	MEME-3	NC_000962.3	2377205	2377214	+	10.5328	3.64e-05	0.571	CAGAAGCGGT
CAWMAGCGKT	MEME-3	NC_000962.3	2396317	2396326	-	10.5328	3.64e-05	0.571	CATCAGCGCT
CAWMAGCGKT	MEME-3	NC_000962.3	2408994	2409003	+	10.5328	3.64e-05	0.571	CATCAGCGAT
CAWMAGCGKT	MEME-3	NC_000962.3	2492956	2492965	+	10.5328	3.64e-05	0.571	CATCAGCGCT
CAWMAGCGKT	MEME-3	NC_000962.3	2501296	2501305	-	10.5328	3.64e-05	0.571	CATCAGCGCT
CAWMAGCGKT	MEME-3	NC_000962.3	2511174	2511183	+	10.5328	3.64e-05	0.571	CATCAGCGCT
CAWMAGCGKT	MEME-3	NC_000962.3	2518130	2518139	-	10.5328	3.64e-05	0.571	CATTAGCGGT
CAWMAGCGKT	MEME-3	NC_000962.3	2643801	2643810	-	10.5328	3.64e-05	0.571	CACCAGCGTT
CAWMAGCGKT	MEME-3	NC_000962.3	2727771	2727780	+	10.5328	3.64e-05	0.571	CAGCAGCGTT
CAWMAGCGKT	MEME-3	NC_000962.3	2809931	2809940	-	10.5328	3.64e-05	0.571	CATGAGCGGT
CAWMAGCGKT	MEME-3	NC_000962.3	2843603	2843612	-	10.5328	3.64e-05	0.571	CAGCAGCGTT
CAWMAGCGKT	MEME-3	NC_000962.3	2848787	2848796	+	10.5328	3.64e-05	0.571	CACCAGCGTT
CAWMAGCGKT	MEME-3	NC_000962.3	2863389	2863398	-	10.5328	3.64e-05	0.571	CATCAGCGCT
CAWMAGCGKT	MEME-3	NC_000962.3	2890631	2890640	-	10.5328	3.64e-05	0.571	CAGCAGCGTT
CAWMAGCGKT	MEME-3	NC_000962.3	2925231	2925240	-	10.5328	3.64e-05	0.571	CATCAGCGAT
CAWMAGCGKT	MEME-3	NC_000962.3	3073131	3073140	+	10.5328	3.64e-05	0.571	CATGAGCGGT
CAWMAGCGKT	MEME-3	NC_000962.3	3121991	3122000	+	10.5328	3.64e-05	0.571	CATCAGCGAT
CAWMAGCGKT	MEME-3	NC_000962.3	3202228	3202237	+	10.5328	3.64e-05	0.571	CACCAGCGTT
CAWMAGCGKT	MEME-3	NC_000962.3	3264921	3264930	+	10.5328	3.64e-05	0.571	CATCAGCGAT
CAWMAGCGKT	MEME-3	NC_000962.3	3329481	3329490	+	10.5328	3.64e-05	0.571	CATCAGCGAT
CAWMAGCGKT	MEME-3	NC_000962.3	3338022	3338031	+	10.5328	3.64e-05	0.571	CAGCAGCGTT
CAWMAGCGKT	MEME-3	NC_000962.3	3342052	3342061	-	10.5328	3.64e-05	0.571	CATCAGCGAT
CAWMAGCGKT	MEME-3	NC_000962.3	3357925	3357934	-	10.5328	3.64e-05	0.571	CAGCAGCGTT
CAWMAGCGKT	MEME-3	NC_000962.3	3393868	3393877	+	10.5328	3.64e-05	0.571	CACCAGCGTT
CAWMAGCGKT	MEME-3	NC_000962.3	3437525	3437534	-	10.5328	3.64e-05	0.571	CAGCAGCGTT
CAWMAGCGKT	MEME-3	NC_000962.3	3447364	3447373	-	10.5328	3.64e-05	0.571	CAGAAGCGGT
CAWMAGCGKT	MEME-3	NC_000962.3	3466863	3466872	-	10.5328	3.64e-05	0.571	CATGAGCGGT
CAWMAGCGKT	MEME-3	NC_000962.3	3481142	3481151	+	10.5328	3.64e-05	0.571	CATCAGCGCT
CAWMAGCGKT	MEME-3	NC_000962.3	3497838	3497847	-	10.5328	3.64e-05	0.571	CACCAGCGTT
CAWMAGCGKT	MEME-3	NC_000962.3	3557212	3557221	-	10.5328	3.64e-05	0.571	CACCAGCGTT
CAWMAGCGKT	MEME-3	NC_000962.3	3575411	3575420	-	10.5328	3.64e-05	0.571	CATCAGCGAT
CAWMAGCGKT	MEME-3	NC_000962.3	3614175	3614184	+	10.5328	3.64e-05	0.571	CACCAGCGTT
CAWMAGCGKT	MEME-3	NC_000962.3	3689057	3689066	+	10.5328	3.64e-05	0.571	CACCAGCGTT
CAWMAGCGKT	MEME-3	NC_000962.3	3706115	3706124	+	10.5328	3.64e-05	0.571	CACCAGCGTT
CAWMAGCGKT	MEME-3	NC_000962.3	3747587	3747596	-	10.5328	3.64e-05	0.571	CAGCAGCGTT
CAWMAGCGKT	MEME-3	NC_000962.3	3787067	3787076	+	10.5328	3.64e-05	0.571	CACAAGCGGT
CAWMAGCGKT	MEME-3	NC_000962.3	3787231	3787240	-	10.5328	3.64e-05	0.571	CAGCAGCGTT
CAWMAGCGKT	MEME-3	NC_000962.3	3799925	3799934	+	10.5328	3.64e-05	0.571	CACAAGCGGT
CAWMAGCGKT	MEME-3	NC_000962.3	3835873	3835882	-	10.5328	3.64e-05	0.571	CAGAAGCGGT
CAWMAGCGKT	MEME-3	NC_000962.3	3837780	3837789	+	10.5328	3.64e-05	0.571	CAGCAGCGTT
CAWMAGCGKT	MEME-3	NC_000962.3	3863142	3863151	-	10.5328	3.64e-05	0.571	CATGAGCGGT
CAWMAGCGKT	MEME-3	NC_000962.3	3959522	3959531	-	10.5328	3.64e-05	0.571	CATCAGCGCT
CAWMAGCGKT	MEME-3	NC_000962.3	3977476	3977485	+	10.5328	3.64e-05	0.571	CAGAAGCGGT
CAWMAGCGKT	MEME-3	NC_000962.3	4028952	4028961	+	10.5328	3.64e-05	0.571	CATCAGCGAT
CAWMAGCGKT	MEME-3	NC_000962.3	4033123	4033132	+	10.5328	3.64e-05	0.571	CATCAGCGCT
CAWMAGCGKT	MEME-3	NC_000962.3	4056227	4056236	-	10.5328	3.64e-05	0.571	CAGCAGCGTT
CAWMAGCGKT	MEME-3	NC_000962.3	4078990	4078999	-	10.5328	3.64e-05	0.571	CATCAGCGCT
CAWMAGCGKT	MEME-3	NC_000962.3	4093847	4093856	+	10.5328	3.64e-05	0.571	CATGAGCGGT
CAWMAGCGKT	MEME-3	NC_000962.3	4096931	4096940	-	10.5328	3.64e-05	0.571	CATGAGCGGT
CAWMAGCGKT	MEME-3	NC_000962.3	4115056	4115065	+	10.5328	3.64e-05	0.571	CATCAGCGCT
CAWMAGCGKT	MEME-3	NC_000962.3	4120444	4120453	+	10.5328	3.64e-05	0.571	CAGCAGCGTT
CAWMAGCGKT	MEME-3	NC_000962.3	4124581	4124590	+	10.5328	3.64e-05	0.571	CATCAGCGAT
CAWMAGCGKT	MEME-3	NC_000962.3	4211584	4211593	-	10.5328	3.64e-05	0.571	CATGAGCGGT
CAWMAGCGKT	MEME-3	NC_000962.3	4230719	4230728	-	10.5328	3.64e-05	0.571	CACAAGCGGT
CAWMAGCGKT	MEME-3	NC_000962.3	4237856	4237865	+	10.5328	3.64e-05	0.571	CAGCAGCGTT
CAWMAGCGKT	MEME-3	NC_000962.3	4297004	4297013	+	10.5328	3.64e-05	0.571	CACCAGCGTT
CAWMAGCGKT	MEME-3	NC_000962.3	4311699	4311708	-	10.5328	3.64e-05	0.571	CATGAGCGGT
CAWMAGCGKT	MEME-3	NC_000962.3	4354310	4354319	+	10.5328	3.64e-05	0.571	CAGCAGCGTT
CAWMAGCGKT	MEME-3	NC_000962.3	4354426	4354435	-	10.5328	3.64e-05	0.571	CATCAGCGAT
TWTKCATTGYTWTYT	MEME-2	NC_000962.3	659132	659146	+	7.18841	4.14e-05	1	CTTTCATTGTGATCG
TWTKCATTGYTWTYT	MEME-2	NC_000962.3	1225245	1225259	-	7.18841	4.14e-05	1	TACGCACCGTTATTT
TWTKCATTGYTWTYT	MEME-2	NC_000962.3	1512324	1512338	-	7.18841	4.14e-05	1	TATTCGTTGCCATTG
TWTKCATTGYTWTYT	MEME-2	NC_000962.3	2056544	2056558	+	7.18841	4.14e-05	1	CATTCCATGTTTTCT
TWTKCATTGYTWTYT	MEME-2	NC_000962.3	2072904	2072918	-	7.18841	4.14e-05	1	AATTCGTTGTTTTCC
TWTKCATTGYTWTYT	MEME-2	NC_000962.3	2338535	2338549	-	7.18841	4.14e-05	1	TATTCAGTGTCTGCT
TWTKCATTGYTWTYT	MEME-2	NC_000962.3	2457484	2457498	+	7.18841	4.14e-05	1	TATTCACCGTGATCT
TWTKCATTGYTWTYT	MEME-2	NC_000962.3	2493754	2493768	+	7.18841	4.14e-05	1	TATGCACTGTCTGTT
TWTKCATTGYTWTYT	MEME-2	NC_000962.3	2603664	2603678	-	7.18841	4.14e-05	1	CTTTCGCTGTTTTCT
TWTKCATTGYTWTYT	MEME-2	NC_000962.3	2640056	2640070	-	7.18841	4.14e-05	1	CATTCATGGCGTTTT
TWTKCATTGYTWTYT	MEME-2	NC_000962.3	2772795	2772809	-	7.18841	4.14e-05	1	TTGTCATGGTGATCT
TWTKCATTGYTWTYT	MEME-2	NC_000962.3	2778307	2778321	-	7.18841	4.14e-05	1	GTTGCCTCGTTATTT
TWTKCATTGYTWTYT	MEME-2	NC_000962.3	2897889	2897903	-	7.18841	4.14e-05	1	GTTGCAATGTTTGTT
TWTKCATTGYTWTYT	MEME-2	NC_000962.3	3115056	3115070	+	7.18841	4.14e-05	1	TTCTCGATGCTATTT
TWTKCATTGYTWTYT	MEME-2	NC_000962.3	3302449	3302463	+	7.18841	4.14e-05	1	TTTTCATGGTCTTCC
TWTKCATTGYTWTYT	MEME-2	NC_000962.3	3310060	3310074	+	7.18841	4.14e-05	1	TATTCGCTGCTTTTC
TWTKCATTGYTWTYT	MEME-2	NC_000962.3	3378483	3378497	-	7.18841	4.14e-05	1	TAATCGTAGCTATTT
TWTKCATTGYTWTYT	MEME-2	NC_000962.3	3502035	3502049	-	7.18841	4.14e-05	1	TTTGCTGTGTCTTTT
TWTKCATTGYTWTYT	MEME-2	NC_000962.3	3560912	3560926	+	7.18841	4.14e-05	1	TTAGCAATGTTTTTC
TWTKCATTGYTWTYT	MEME-2	NC_000962.3	4139090	4139104	-	7.18841	4.14e-05	1	TTGTCGTTGTTTTCG
TWTKCATTGYTWTYT	MEME-2	NC_000962.3	4364781	4364795	+	7.18841	4.14e-05	1	GATTCATTGCGATTC
TWTKCATTGYTWTYT	MEME-2	NC_000962.3	4372731	4372745	+	7.18841	4.14e-05	1	GATTCCTTGTTTACT
TWTKCATTGYTWTYT	MEME-2	NC_000962.3	141773	141787	+	7.13043	4.28e-05	1	TTGGCATTGCTCACT
TWTKCATTGYTWTYT	MEME-2	NC_000962.3	263340	263354	+	7.13043	4.28e-05	1	TATGCGGTGCTGTCT
TWTKCATTGYTWTYT	MEME-2	NC_000962.3	544867	544881	-	7.13043	4.28e-05	1	TGTGCATTGCCTGCT
TWTKCATTGYTWTYT	MEME-2	NC_000962.3	787776	787790	+	7.13043	4.28e-05	1	TGTGCATAGCTTTCC
TWTKCATTGYTWTYT	MEME-2	NC_000962.3	1008685	1008699	-	7.13043	4.28e-05	1	TGTGCAGTGCGATCT
TWTKCATTGYTWTYT	MEME-2	NC_000962.3	1459162	1459176	+	7.13043	4.28e-05	1	TTTGCTTTGCTGTCG
TWTKCATTGYTWTYT	MEME-2	NC_000962.3	2194524	2194538	+	7.13043	4.28e-05	1	TGCGCATTGCTTTCG
TWTKCATTGYTWTYT	MEME-2	NC_000962.3	3243756	3243770	-	7.13043	4.28e-05	1	TATGCAGTGCTGTCA
TWTKCATTGYTWTYT	MEME-2	NC_000962.3	6042	6056	-	6.67391	4.51e-05	1	TATGAATCGCGTTCT
TWTKCATTGYTWTYT	MEME-2	NC_000962.3	1290444	1290458	+	6.67391	4.51e-05	1	TATGCACTTCTACCT
TWTKCATTGYTWTYT	MEME-2	NC_000962.3	1584702	1584716	+	6.67391	4.51e-05	1	GATGGATTGCCATCT
TWTKCATTGYTWTYT	MEME-2	NC_000962.3	1897426	1897440	-	6.67391	4.51e-05	1	GTTGCAGTTCTTTCT
TWTKCATTGYTWTYT	MEME-2	NC_000962.3	2012677	2012691	+	6.67391	4.51e-05	1	TATGTTGTGCTATCT
TWTKCATTGYTWTYT	MEME-2	NC_000962.3	2498772	2498786	+	6.67391	4.51e-05	1	TATGCATGCCTATCC
TWTKCATTGYTWTYT	MEME-2	NC_000962.3	2798541	2798555	-	6.67391	4.51e-05	1	GATGCATTCCTTTCA
TWTKCATTGYTWTYT	MEME-2	NC_000962.3	3014959	3014973	+	6.67391	4.51e-05	1	TAGGCATTCCTATCC
TWTKCATTGYTWTYT	MEME-2	NC_000962.3	3474196	3474210	-	6.67391	4.51e-05	1	TTCGAATTGCTTGCT
TWTKCATTGYTWTYT	MEME-2	NC_000962.3	3798689	3798703	-	6.67391	4.51e-05	1	TATGCGTGTCTTTCT
CAWMAGCGKT	MEME-3	NC_000962.3	6640	6649	+	10.4818	5.17e-05	0.571	AAAAAGCGGT
CAWMAGCGKT	MEME-3	NC_000962.3	25189	25198	+	10.4818	5.17e-05	0.571	CAAAACCGGT
CAWMAGCGKT	MEME-3	NC_000962.3	45775	45784	+	10.4818	5.17e-05	0.571	CAAAATCGGT
CAWMAGCGKT	MEME-3	NC_000962.3	70584	70593	-	10.4818	5.17e-05	0.571	AAACAGCGTT
CAWMAGCGKT	MEME-3	NC_000962.3	72547	72556	-	10.4818	5.17e-05	0.571	CAAAACCGGT
CAWMAGCGKT	MEME-3	NC_000962.3	78029	78038	-	10.4818	5.17e-05	0.571	CAACAACGTT
CAWMAGCGKT	MEME-3	NC_000962.3	85399	85408	+	10.4818	5.17e-05	0.571	CAACAGCATT
CAWMAGCGKT	MEME-3	NC_000962.3	105698	105707	+	10.4818	5.17e-05	0.571	CAACACCGTT
CAWMAGCGKT	MEME-3	NC_000962.3	137619	137628	-	10.4818	5.17e-05	0.571	CAAAAACGGT
CAWMAGCGKT	MEME-3	NC_000962.3	161621	161630	+	10.4818	5.17e-05	0.571	CAAAAGTGGT
CAWMAGCGKT	MEME-3	NC_000962.3	199112	199121	+	10.4818	5.17e-05	0.571	CAACACCGTT
CAWMAGCGKT	MEME-3	NC_000962.3	308912	308921	-	10.4818	5.17e-05	0.571	CAACAACGTT
CAWMAGCGKT	MEME-3	NC_000962.3	315485	315494	-	10.4818	5.17e-05	0.571	CAACAGCATT
CAWMAGCGKT	MEME-3	NC_000962.3	352506	352515	-	10.4818	5.17e-05	0.571	CAACACCGTT
CAWMAGCGKT	MEME-3	NC_000962.3	389415	389424	-	10.4818	5.17e-05	0.571	CAACAGCTTT
CAWMAGCGKT	MEME-3	NC_000962.3	392392	392401	+	10.4818	5.17e-05	0.571	CAAAACCGGT
CAWMAGCGKT	MEME-3	NC_000962.3	406747	406756	-	10.4818	5.17e-05	0.571	CAACAGCATT
CAWMAGCGKT	MEME-3	NC_000962.3	412425	412434	+	10.4818	5.17e-05	0.571	CAAAACCGGT
CAWMAGCGKT	MEME-3	NC_000962.3	433665	433674	+	10.4818	5.17e-05	0.571	CAAAACCGGT
CAWMAGCGKT	MEME-3	NC_000962.3	470575	470584	+	10.4818	5.17e-05	0.571	CAAAAGTGGT
CAWMAGCGKT	MEME-3	NC_000962.3	487621	487630	-	10.4818	5.17e-05	0.571	CAAAAGCCGT
CAWMAGCGKT	MEME-3	NC_000962.3	532524	532533	+	10.4818	5.17e-05	0.571	CAACAGCATT
CAWMAGCGKT	MEME-3	NC_000962.3	533768	533777	+	10.4818	5.17e-05	0.571	CAAAATCGGT
CAWMAGCGKT	MEME-3	NC_000962.3	591144	591153	-	10.4818	5.17e-05	0.571	CAAAACCGGT
CAWMAGCGKT	MEME-3	NC_000962.3	630965	630974	+	10.4818	5.17e-05	0.571	CAAAACCGGT
CAWMAGCGKT	MEME-3	NC_000962.3	639913	639922	-	10.4818	5.17e-05	0.571	CAACAGCCTT
CAWMAGCGKT	MEME-3	NC_000962.3	681289	681298	-	10.4818	5.17e-05	0.571	GAAAAGCGGT
CAWMAGCGKT	MEME-3	NC_000962.3	697788	697797	+	10.4818	5.17e-05	0.571	CAACAGCCTT
CAWMAGCGKT	MEME-3	NC_000962.3	717105	717114	-	10.4818	5.17e-05	0.571	CAACACCGTT
CAWMAGCGKT	MEME-3	NC_000962.3	779594	779603	-	10.4818	5.17e-05	0.571	CAAAAACGGT
CAWMAGCGKT	MEME-3	NC_000962.3	780177	780186	-	10.4818	5.17e-05	0.571	CAACACCGTT
CAWMAGCGKT	MEME-3	NC_000962.3	797461	797470	-	10.4818	5.17e-05	0.571	CAACATCGTT
CAWMAGCGKT	MEME-3	NC_000962.3	797508	797517	+	10.4818	5.17e-05	0.571	CAACATCGTT
CAWMAGCGKT	MEME-3	NC_000962.3	834979	834988	+	10.4818	5.17e-05	0.571	CAACATCGTT
CAWMAGCGKT	MEME-3	NC_000962.3	842968	842977	+	10.4818	5.17e-05	0.571	GAACAGCGTT
CAWMAGCGKT	MEME-3	NC_000962.3	851697	851706	+	10.4818	5.17e-05	0.571	CAACATCGTT
CAWMAGCGKT	MEME-3	NC_000962.3	914639	914648	-	10.4818	5.17e-05	0.571	CAAAAGAGGT
CAWMAGCGKT	MEME-3	NC_000962.3	978578	978587	-	10.4818	5.17e-05	0.571	CAACAGGGTT
CAWMAGCGKT	MEME-3	NC_000962.3	1003075	1003084	+	10.4818	5.17e-05	0.571	CAACACCGTT
CAWMAGCGKT	MEME-3	NC_000962.3	1025142	1025151	-	10.4818	5.17e-05	0.571	CAACAGCATT
CAWMAGCGKT	MEME-3	NC_000962.3	1034347	1034356	-	10.4818	5.17e-05	0.571	CAACAACGTT
CAWMAGCGKT	MEME-3	NC_000962.3	1038190	1038199	-	10.4818	5.17e-05	0.571	CAACAGGGTT
CAWMAGCGKT	MEME-3	NC_000962.3	1102776	1102785	+	10.4818	5.17e-05	0.571	CAACAGCTTT
CAWMAGCGKT	MEME-3	NC_000962.3	1107212	1107221	+	10.4818	5.17e-05	0.571	GAAAAGCGGT
CAWMAGCGKT	MEME-3	NC_000962.3	1147545	1147554	-	10.4818	5.17e-05	0.571	AAACAGCGTT
CAWMAGCGKT	MEME-3	NC_000962.3	1192963	1192972	-	10.4818	5.17e-05	0.571	CAACACCGTT
CAWMAGCGKT	MEME-3	NC_000962.3	1245446	1245455	-	10.4818	5.17e-05	0.571	CAACAGCTTT
CAWMAGCGKT	MEME-3	NC_000962.3	1246866	1246875	-	10.4818	5.17e-05	0.571	CAAAACCGGT
CAWMAGCGKT	MEME-3	NC_000962.3	1284310	1284319	-	10.4818	5.17e-05	0.571	CAACAGCTTT
CAWMAGCGKT	MEME-3	NC_000962.3	1327797	1327806	-	10.4818	5.17e-05	0.571	CAACACCGTT
CAWMAGCGKT	MEME-3	NC_000962.3	1492465	1492474	+	10.4818	5.17e-05	0.571	CAAAACCGGT
CAWMAGCGKT	MEME-3	NC_000962.3	1522175	1522184	+	10.4818	5.17e-05	0.571	CAAAATCGGT
CAWMAGCGKT	MEME-3	NC_000962.3	1527413	1527422	-	10.4818	5.17e-05	0.571	CAAAAGTGGT
CAWMAGCGKT	MEME-3	NC_000962.3	1545446	1545455	-	10.4818	5.17e-05	0.571	AAACAGCGTT
CAWMAGCGKT	MEME-3	NC_000962.3	1587656	1587665	-	10.4818	5.17e-05	0.571	GAACAGCGTT
CAWMAGCGKT	MEME-3	NC_000962.3	1614841	1614850	-	10.4818	5.17e-05	0.571	CAACAGGGTT
CAWMAGCGKT	MEME-3	NC_000962.3	1650071	1650080	+	10.4818	5.17e-05	0.571	CAACACCGTT
CAWMAGCGKT	MEME-3	NC_000962.3	1793579	1793588	+	10.4818	5.17e-05	0.571	CAACACCGTT
CAWMAGCGKT	MEME-3	NC_000962.3	1802671	1802680	+	10.4818	5.17e-05	0.571	CAAAATCGGT
CAWMAGCGKT	MEME-3	NC_000962.3	1868462	1868471	-	10.4818	5.17e-05	0.571	CAACAGCTTT
CAWMAGCGKT	MEME-3	NC_000962.3	1883605	1883614	-	10.4818	5.17e-05	0.571	CAACAACGTT
CAWMAGCGKT	MEME-3	NC_000962.3	1931866	1931875	-	10.4818	5.17e-05	0.571	CAACAGCCTT
CAWMAGCGKT	MEME-3	NC_000962.3	2029751	2029760	-	10.4818	5.17e-05	0.571	TAACAGCGTT
CAWMAGCGKT	MEME-3	NC_000962.3	2166574	2166583	-	10.4818	5.17e-05	0.571	CAACAACGTT
CAWMAGCGKT	MEME-3	NC_000962.3	2172879	2172888	+	10.4818	5.17e-05	0.571	CAACACCGTT
CAWMAGCGKT	MEME-3	NC_000962.3	2193813	2193822	+	10.4818	5.17e-05	0.571	CAAAATCGGT
CAWMAGCGKT	MEME-3	NC_000962.3	2219628	2219637	+	10.4818	5.17e-05	0.571	GAAAAGCGGT
CAWMAGCGKT	MEME-3	NC_000962.3	2226585	2226594	-	10.4818	5.17e-05	0.571	CAACAACGTT
CAWMAGCGKT	MEME-3	NC_000962.3	2229673	2229682	-	10.4818	5.17e-05	0.571	AAACAGCGTT
CAWMAGCGKT	MEME-3	NC_000962.3	2235912	2235921	-	10.4818	5.17e-05	0.571	CAAAACCGGT
CAWMAGCGKT	MEME-3	NC_000962.3	2246745	2246754	+	10.4818	5.17e-05	0.571	CAAAAGAGGT
CAWMAGCGKT	MEME-3	NC_000962.3	2295952	2295961	+	10.4818	5.17e-05	0.571	CAAAAGTGGT
CAWMAGCGKT	MEME-3	NC_000962.3	2302042	2302051	+	10.4818	5.17e-05	0.571	CAAAAGTGGT
CAWMAGCGKT	MEME-3	NC_000962.3	2378796	2378805	-	10.4818	5.17e-05	0.571	CAACAGAGTT
CAWMAGCGKT	MEME-3	NC_000962.3	2389476	2389485	+	10.4818	5.17e-05	0.571	CAAAATCGGT
CAWMAGCGKT	MEME-3	NC_000962.3	2389629	2389638	+	10.4818	5.17e-05	0.571	GAAAAGCGGT
CAWMAGCGKT	MEME-3	NC_000962.3	2390395	2390404	-	10.4818	5.17e-05	0.571	CAACACCGTT
CAWMAGCGKT	MEME-3	NC_000962.3	2393231	2393240	+	10.4818	5.17e-05	0.571	CAACAGCTTT
CAWMAGCGKT	MEME-3	NC_000962.3	2472509	2472518	+	10.4818	5.17e-05	0.571	CAACAGCTTT
CAWMAGCGKT	MEME-3	NC_000962.3	2495237	2495246	-	10.4818	5.17e-05	0.571	CAACAGAGTT
CAWMAGCGKT	MEME-3	NC_000962.3	2505997	2506006	-	10.4818	5.17e-05	0.571	CAACAGCATT
CAWMAGCGKT	MEME-3	NC_000962.3	2572208	2572217	+	10.4818	5.17e-05	0.571	CAACAGCTTT
CAWMAGCGKT	MEME-3	NC_000962.3	2587258	2587267	-	10.4818	5.17e-05	0.571	CAACATCGTT
CAWMAGCGKT	MEME-3	NC_000962.3	2601685	2601694	-	10.4818	5.17e-05	0.571	CAACAACGTT
CAWMAGCGKT	MEME-3	NC_000962.3	2603051	2603060	+	10.4818	5.17e-05	0.571	CAACACCGTT
CAWMAGCGKT	MEME-3	NC_000962.3	2627595	2627604	-	10.4818	5.17e-05	0.571	CAACAGTGTT
CAWMAGCGKT	MEME-3	NC_000962.3	2638029	2638038	+	10.4818	5.17e-05	0.571	CAAAACCGGT
CAWMAGCGKT	MEME-3	NC_000962.3	2640182	2640191	+	10.4818	5.17e-05	0.571	CAAAATCGGT
CAWMAGCGKT	MEME-3	NC_000962.3	2812385	2812394	+	10.4818	5.17e-05	0.571	CAACATCGTT
CAWMAGCGKT	MEME-3	NC_000962.3	2813193	2813202	-	10.4818	5.17e-05	0.571	CAAAAGCAGT
CAWMAGCGKT	MEME-3	NC_000962.3	2938426	2938435	+	10.4818	5.17e-05	0.571	CAACACCGTT
CAWMAGCGKT	MEME-3	NC_000962.3	2974748	2974757	+	10.4818	5.17e-05	0.571	CAACAGGGTT
CAWMAGCGKT	MEME-3	NC_000962.3	3029988	3029997	-	10.4818	5.17e-05	0.571	CAAAAGAGGT
CAWMAGCGKT	MEME-3	NC_000962.3	3079375	3079384	-	10.4818	5.17e-05	0.571	CAACAGTGTT
CAWMAGCGKT	MEME-3	NC_000962.3	3102126	3102135	+	10.4818	5.17e-05	0.571	CAACACCGTT
CAWMAGCGKT	MEME-3	NC_000962.3	3123359	3123368	+	10.4818	5.17e-05	0.571	CAAAAGCTGT
CAWMAGCGKT	MEME-3	NC_000962.3	3139227	3139236	-	10.4818	5.17e-05	0.571	CAAAAACGGT
CAWMAGCGKT	MEME-3	NC_000962.3	3149520	3149529	+	10.4818	5.17e-05	0.571	CAACAGCTTT
CAWMAGCGKT	MEME-3	NC_000962.3	3162264	3162273	-	10.4818	5.17e-05	0.571	CAACATCGTT
CAWMAGCGKT	MEME-3	NC_000962.3	3165246	3165255	+	10.4818	5.17e-05	0.571	CAACAGCATT
CAWMAGCGKT	MEME-3	NC_000962.3	3186652	3186661	+	10.4818	5.17e-05	0.571	CAACAGCTTT
CAWMAGCGKT	MEME-3	NC_000962.3	3216118	3216127	+	10.4818	5.17e-05	0.571	CAACAACGTT
CAWMAGCGKT	MEME-3	NC_000962.3	3231735	3231744	+	10.4818	5.17e-05	0.571	CAACACCGTT
CAWMAGCGKT	MEME-3	NC_000962.3	3232212	3232221	+	10.4818	5.17e-05	0.571	CAACAGCATT
CAWMAGCGKT	MEME-3	NC_000962.3	3247866	3247875	+	10.4818	5.17e-05	0.571	CAAAACCGGT
CAWMAGCGKT	MEME-3	NC_000962.3	3253280	3253289	+	10.4818	5.17e-05	0.571	CAAAACCGGT
CAWMAGCGKT	MEME-3	NC_000962.3	3263282	3263291	-	10.4818	5.17e-05	0.571	CAACACCGTT
CAWMAGCGKT	MEME-3	NC_000962.3	3264471	3264480	+	10.4818	5.17e-05	0.571	CAAAACCGGT
CAWMAGCGKT	MEME-3	NC_000962.3	3335712	3335721	+	10.4818	5.17e-05	0.571	CAACACCGTT
CAWMAGCGKT	MEME-3	NC_000962.3	3339441	3339450	+	10.4818	5.17e-05	0.571	CAACATCGTT
CAWMAGCGKT	MEME-3	NC_000962.3	3359999	3360008	+	10.4818	5.17e-05	0.571	CAACACCGTT
CAWMAGCGKT	MEME-3	NC_000962.3	3417313	3417322	+	10.4818	5.17e-05	0.571	CAACACCGTT
CAWMAGCGKT	MEME-3	NC_000962.3	3519234	3519243	-	10.4818	5.17e-05	0.571	CAAAATCGGT
CAWMAGCGKT	MEME-3	NC_000962.3	3608783	3608792	+	10.4818	5.17e-05	0.571	CAAAAGCAGT
CAWMAGCGKT	MEME-3	NC_000962.3	3613448	3613457	+	10.4818	5.17e-05	0.571	CAAAACCGGT
CAWMAGCGKT	MEME-3	NC_000962.3	3709793	3709802	-	10.4818	5.17e-05	0.571	AAAAAGCGGT
CAWMAGCGKT	MEME-3	NC_000962.3	3797254	3797263	+	10.4818	5.17e-05	0.571	CAACAGTGTT
CAWMAGCGKT	MEME-3	NC_000962.3	3800487	3800496	-	10.4818	5.17e-05	0.571	CAACAGCTTT
CAWMAGCGKT	MEME-3	NC_000962.3	3921884	3921893	+	10.4818	5.17e-05	0.571	CAACATCGTT
CAWMAGCGKT	MEME-3	NC_000962.3	3924385	3924394	-	10.4818	5.17e-05	0.571	GAAAAGCGGT
CAWMAGCGKT	MEME-3	NC_000962.3	3966357	3966366	-	10.4818	5.17e-05	0.571	GAAAAGCGGT
CAWMAGCGKT	MEME-3	NC_000962.3	3984497	3984506	+	10.4818	5.17e-05	0.571	GAAAAGCGGT
CAWMAGCGKT	MEME-3	NC_000962.3	4003278	4003287	+	10.4818	5.17e-05	0.571	CAACACCGTT
CAWMAGCGKT	MEME-3	NC_000962.3	4006886	4006895	+	10.4818	5.17e-05	0.571	CAACAGCTTT
CAWMAGCGKT	MEME-3	NC_000962.3	4112361	4112370	-	10.4818	5.17e-05	0.571	CAAAATCGGT
CAWMAGCGKT	MEME-3	NC_000962.3	4144502	4144511	+	10.4818	5.17e-05	0.571	AAACAGCGTT
CAWMAGCGKT	MEME-3	NC_000962.3	4158653	4158662	-	10.4818	5.17e-05	0.571	CAAAACCGGT
CAWMAGCGKT	MEME-3	NC_000962.3	4248013	4248022	-	10.4818	5.17e-05	0.571	CAACACCGTT
CAWMAGCGKT	MEME-3	NC_000962.3	4289796	4289805	-	10.4818	5.17e-05	0.571	CAACAGGGTT
CAWMAGCGKT	MEME-3	NC_000962.3	4292032	4292041	+	10.4818	5.17e-05	0.571	AAAAAGCGGT
CAWMAGCGKT	MEME-3	NC_000962.3	4303331	4303340	+	10.4818	5.17e-05	0.571	CAACACCGTT
CAWMAGCGKT	MEME-3	NC_000962.3	4306753	4306762	-	10.4818	5.17e-05	0.571	AAAAAGCGGT
TWTKCATTGYTWTYT	MEME-2	NC_000962.3	178	192	+	6.66667	5.3e-05	1	TTTGCTCTGTTATCC
TWTKCATTGYTWTYT	MEME-2	NC_000962.3	99311	99325	+	6.66667	5.3e-05	1	TTCGCACTGTTTACT
TWTKCATTGYTWTYT	MEME-2	NC_000962.3	105659	105673	+	6.66667	5.3e-05	1	CATTCATGGCGTTCT
TWTKCATTGYTWTYT	MEME-2	NC_000962.3	276612	276626	-	6.66667	5.3e-05	1	TACTCCTGGCTTTCT
TWTKCATTGYTWTYT	MEME-2	NC_000962.3	389927	389941	+	6.66667	5.3e-05	1	TTATCAATGCGATCT
TWTKCATTGYTWTYT	MEME-2	NC_000962.3	546473	546487	-	6.66667	5.3e-05	1	AATTCATGGCCATCT
TWTKCATTGYTWTYT	MEME-2	NC_000962.3	561173	561187	+	6.66667	5.3e-05	1	TTTTCCCTGCCTTCT
TWTKCATTGYTWTYT	MEME-2	NC_000962.3	591517	591531	-	6.66667	5.3e-05	1	CTTGCGATGCTTTTT
TWTKCATTGYTWTYT	MEME-2	NC_000962.3	620624	620638	+	6.66667	5.3e-05	1	TATTCGGTGCCATCT
TWTKCATTGYTWTYT	MEME-2	NC_000962.3	654419	654433	+	6.66667	5.3e-05	1	TTTGCACTGCTTCTG
TWTKCATTGYTWTYT	MEME-2	NC_000962.3	691519	691533	+	6.66667	5.3e-05	1	TTTGCAGCGCTATTC
TWTKCATTGYTWTYT	MEME-2	NC_000962.3	730573	730587	-	6.66667	5.3e-05	1	CAGTCAGTGCTTTCT
TWTKCATTGYTWTYT	MEME-2	NC_000962.3	909719	909733	-	6.66667	5.3e-05	1	TTTTCGGTGCTTTCG
TWTKCATTGYTWTYT	MEME-2	NC_000962.3	921638	921652	-	6.66667	5.3e-05	1	GTCGCATTGCCATTT
TWTKCATTGYTWTYT	MEME-2	NC_000962.3	959388	959402	+	6.66667	5.3e-05	1	ATTTCCTTGCGTTCT
TWTKCATTGYTWTYT	MEME-2	NC_000962.3	1167989	1168003	+	6.66667	5.3e-05	1	GATTCACTGCAATCT
TWTKCATTGYTWTYT	MEME-2	NC_000962.3	1245121	1245135	-	6.66667	5.3e-05	1	GTTGCATCGCCTTTT
TWTKCATTGYTWTYT	MEME-2	NC_000962.3	1929986	1930000	+	6.66667	5.3e-05	1	TTTTCATTGCAAGCC
TWTKCATTGYTWTYT	MEME-2	NC_000962.3	1933927	1933941	-	6.66667	5.3e-05	1	TAGTCATAGCTATCG
TWTKCATTGYTWTYT	MEME-2	NC_000962.3	2086975	2086989	+	6.66667	5.3e-05	1	CTGTCATTGCTTCCT
TWTKCATTGYTWTYT	MEME-2	NC_000962.3	2162405	2162419	-	6.66667	5.3e-05	1	TTGTCATCGCTTTCG
TWTKCATTGYTWTYT	MEME-2	NC_000962.3	2422272	2422286	+	6.66667	5.3e-05	1	TAGGCATGGCTTTTG
TWTKCATTGYTWTYT	MEME-2	NC_000962.3	2616414	2616428	+	6.66667	5.3e-05	1	GTTGCGTAGCTATTT
TWTKCATTGYTWTYT	MEME-2	NC_000962.3	3110592	3110606	+	6.66667	5.3e-05	1	TTGGCATAGTCATCT
TWTKCATTGYTWTYT	MEME-2	NC_000962.3	3191844	3191858	+	6.66667	5.3e-05	1	TATGCTTTGCCTGTT
TWTKCATTGYTWTYT	MEME-2	NC_000962.3	3194379	3194393	+	6.66667	5.3e-05	1	GTCGCATTGCCATTT
TWTKCATTGYTWTYT	MEME-2	NC_000962.3	3312064	3312078	-	6.66667	5.3e-05	1	GACGCATTGCATTTT
TWTKCATTGYTWTYT	MEME-2	NC_000962.3	3687493	3687507	+	6.66667	5.3e-05	1	GTTTCATCGCTATCC
TWTKCATTGYTWTYT	MEME-2	NC_000962.3	3791942	3791956	-	6.66667	5.3e-05	1	TTGGCCTTGCCATTT
TWTKCATTGYTWTYT	MEME-2	NC_000962.3	3833601	3833615	+	6.66667	5.3e-05	1	CTTGCATTGTCATCG
TWTKCATTGYTWTYT	MEME-2	NC_000962.3	3834579	3834593	+	6.66667	5.3e-05	1	TACTCACAGCTTTCT
TWTKCATTGYTWTYT	MEME-2	NC_000962.3	3916706	3916720	+	6.66667	5.3e-05	1	TTTGCACTGTTTCCG
TWTKCATTGYTWTYT	MEME-2	NC_000962.3	4153382	4153396	+	6.66667	5.3e-05	1	ATTGCCTTGCTTCTT
TWTKCATTGYTWTYT	MEME-2	NC_000962.3	4208027	4208041	+	6.66667	5.3e-05	1	TATGCGTGGCGTTTT
TWTKCATTGYTWTYT	MEME-2	NC_000962.3	4295183	4295197	-	6.66667	5.3e-05	1	TACTCATCGCTTTCG
TWTKCATTGYTWTYT	MEME-2	NC_000962.3	4397081	4397095	+	6.66667	5.3e-05	1	TATTCATGGCGATCC
TWTKCATTGYTWTYT	MEME-2	NC_000962.3	6102	6116	-	6.14493	5.68e-05	1	ATTGCATCGCGATCT
TWTKCATTGYTWTYT	MEME-2	NC_000962.3	31369	31383	-	6.14493	5.68e-05	1	GTAGCACTGCTTTCT
TWTKCATTGYTWTYT	MEME-2	NC_000962.3	144956	144970	-	6.14493	5.68e-05	1	TTTGCAGTGCTAGCG
TWTKCATTGYTWTYT	MEME-2	NC_000962.3	1001072	1001086	+	6.14493	5.68e-05	1	GATGCATGGCTTGCT
TWTKCATTGYTWTYT	MEME-2	NC_000962.3	1274265	1274279	+	6.14493	5.68e-05	1	TTTGCATCGCATTCG
TWTKCATTGYTWTYT	MEME-2	NC_000962.3	1321843	1321857	-	6.14493	5.68e-05	1	CATGCCTTGCCATCT
TWTKCATTGYTWTYT	MEME-2	NC_000962.3	1449141	1449155	-	6.14493	5.68e-05	1	TTCGCAGTGCTTTCC
TWTKCATTGYTWTYT	MEME-2	NC_000962.3	1662747	1662761	-	6.14493	5.68e-05	1	TTTGCGGTGCTACCT
TWTKCATTGYTWTYT	MEME-2	NC_000962.3	2094810	2094824	+	6.14493	5.68e-05	1	CACGCATCGCTTTCT
TWTKCATTGYTWTYT	MEME-2	NC_000962.3	2730509	2730523	-	6.14493	5.68e-05	1	TTGGCATTGCGATCG
TWTKCATTGYTWTYT	MEME-2	NC_000962.3	2733223	2733237	-	6.14493	5.68e-05	1	TTTGCCATGCTTGCT
TWTKCATTGYTWTYT	MEME-2	NC_000962.3	2806816	2806830	-	6.14493	5.68e-05	1	CTTGCTTTGCGATCT
TWTKCATTGYTWTYT	MEME-2	NC_000962.3	2806940	2806954	-	6.14493	5.68e-05	1	TAGGCATTGCCATCG
TWTKCATTGYTWTYT	MEME-2	NC_000962.3	3028441	3028455	-	6.14493	5.68e-05	1	ATTGCATTGCTACCC
TWTKCATTGYTWTYT	MEME-2	NC_000962.3	3522073	3522087	+	6.14493	5.68e-05	1	CATGCATGGCCATCT
TWTKCATTGYTWTYT	MEME-2	NC_000962.3	4388512	4388526	+	6.14493	5.68e-05	1	AATGCATTGCAAGCT
TWTKCATTGYTWTYT	MEME-2	NC_000962.3	297068	297082	+	4.56522	5.69e-05	1	TGTTCATTATTGTGT
TWTKCATTGYTWTYT	MEME-2	NC_000962.3	1240118	1240132	+	4.1087	5.7e-05	1	TATCTATTTTTATAT
TWTKCATTGYTWTYT	MEME-2	NC_000962.3	2429473	2429487	+	4.03623	5.82e-05	1	TCTTCATGGATTTGT
TWTKCATTGYTWTYT	MEME-2	NC_000962.3	2596263	2596277	+	4.03623	5.82e-05	1	TTTCCATTGATACAT
TWTKCATTGYTWTYT	MEME-2	NC_000962.3	2656109	2656123	+	4.03623	5.82e-05	1	TCTTCATGGTTGTGT
TWTKCATTGYTWTYT	MEME-2	NC_000962.3	3593479	3593493	-	3.58696	5.84e-05	1	TATGTATTTGTGTTT
TWTKCATTGYTWTYT	MEME-2	NC_000962.3	1103512	1103526	+	3.57971	6.07e-05	1	TCTTGATTGGAATTT
TWTKCATTGYTWTYT	MEME-2	NC_000962.3	1385509	1385523	+	3.57971	6.07e-05	1	TCTTGATTGGCATTT
TWTKCATTGYTWTYT	MEME-2	NC_000962.3	1507099	1507113	+	3.57971	6.07e-05	1	TATCGATTGTGATGT
TWTKCATTGYTWTYT	MEME-2	NC_000962.3	3791857	3791871	+	3.57971	6.07e-05	1	TGTTTATTGATTTTG
TWTKCATTGYTWTYT	MEME-2	NC_000962.3	4075501	4075515	-	3.57971	6.07e-05	1	GATTGATTGTTGTAT
TWTKCATTGYTWTYT	MEME-2	NC_000962.3	4274723	4274737	-	3.57971	6.07e-05	1	TTTCTATTGGTATTA
TWTKCATTGYTWTYT	MEME-2	NC_000962.3	4359541	4359555	+	3.57971	6.07e-05	1	AATTGATTGATGTTT
TWTKCATTGYTWTYT	MEME-2	NC_000962.3	305396	305410	+	3.51449	6.22e-05	1	TGTCCATTGGTATCC
TWTKCATTGYTWTYT	MEME-2	NC_000962.3	509181	509195	+	3.51449	6.22e-05	1	TGTGCATTGGGATAT
TWTKCATTGYTWTYT	MEME-2	NC_000962.3	2014691	2014705	-	3.51449	6.22e-05	1	TTTGCATAGGTGTAT
TWTKCATTGYTWTYT	MEME-2	NC_000962.3	2237583	2237597	+	3.51449	6.22e-05	1	TCTCCTTTGCTTTGT
TWTKCATTGYTWTYT	MEME-2	NC_000962.3	4016239	4016253	-	3.51449	6.22e-05	1	GCTCCATTGCTATGT
TWTKCATTGYTWTYT	MEME-2	NC_000962.3	2930040	2930054	-	3.12319	6.29e-05	1	TTTTTATGCTTTTAT
CAWMAGCGKT	MEME-3	NC_000962.3	11751	11760	-	10.4088	6.53e-05	0.571	CAACTGCGGT
CAWMAGCGKT	MEME-3	NC_000962.3	21398	21407	+	10.4088	6.53e-05	0.571	CAACAGCGGG
CAWMAGCGKT	MEME-3	NC_000962.3	24176	24185	-	10.4088	6.53e-05	0.571	CTACAGCGGT
CAWMAGCGKT	MEME-3	NC_000962.3	40816	40825	+	10.4088	6.53e-05	0.571	CAACAGCGGC
CAWMAGCGKT	MEME-3	NC_000962.3	52028	52037	+	10.4088	6.53e-05	0.571	CCACAGCGGT
CAWMAGCGKT	MEME-3	NC_000962.3	56523	56532	-	10.4088	6.53e-05	0.571	CAACAGCGGA
CAWMAGCGKT	MEME-3	NC_000962.3	70011	70020	+	10.4088	6.53e-05	0.571	CAACAGCGGG
CAWMAGCGKT	MEME-3	NC_000962.3	77137	77146	-	10.4088	6.53e-05	0.571	CAACAGCGGC
CAWMAGCGKT	MEME-3	NC_000962.3	81714	81723	+	10.4088	6.53e-05	0.571	CTACAGCGGT
CAWMAGCGKT	MEME-3	NC_000962.3	81976	81985	-	10.4088	6.53e-05	0.571	CGACAGCGGT
CAWMAGCGKT	MEME-3	NC_000962.3	132554	132563	+	10.4088	6.53e-05	0.571	CAACGGCGGT
CAWMAGCGKT	MEME-3	NC_000962.3	135161	135170	-	10.4088	6.53e-05	0.571	CAACAGCGGA
CAWMAGCGKT	MEME-3	NC_000962.3	164256	164265	+	10.4088	6.53e-05	0.571	CAACGGCGGT
CAWMAGCGKT	MEME-3	NC_000962.3	183796	183805	-	10.4088	6.53e-05	0.571	CGACAGCGGT
CAWMAGCGKT	MEME-3	NC_000962.3	187802	187811	+	10.4088	6.53e-05	0.571	CAACAGCGGC
CAWMAGCGKT	MEME-3	NC_000962.3	191689	191698	-	10.4088	6.53e-05	0.571	CAACAGCGGC
CAWMAGCGKT	MEME-3	NC_000962.3	207984	207993	+	10.4088	6.53e-05	0.571	CAACCGCGGT
CAWMAGCGKT	MEME-3	NC_000962.3	216945	216954	-	10.4088	6.53e-05	0.571	CAACCGCGGT
CAWMAGCGKT	MEME-3	NC_000962.3	224463	224472	+	10.4088	6.53e-05	0.571	CAACAGCGGC
CAWMAGCGKT	MEME-3	NC_000962.3	225978	225987	+	10.4088	6.53e-05	0.571	CGACAGCGGT
CAWMAGCGKT	MEME-3	NC_000962.3	237596	237605	-	10.4088	6.53e-05	0.571	CAACAGCGGC
CAWMAGCGKT	MEME-3	NC_000962.3	293867	293876	+	10.4088	6.53e-05	0.571	CAACAGCGGC
CAWMAGCGKT	MEME-3	NC_000962.3	294182	294191	-	10.4088	6.53e-05	0.571	CGACAGCGGT
CAWMAGCGKT	MEME-3	NC_000962.3	333683	333692	-	10.4088	6.53e-05	0.571	CAACGGCGGT
CAWMAGCGKT	MEME-3	NC_000962.3	334577	334586	-	10.4088	6.53e-05	0.571	CAACGGCGGT
CAWMAGCGKT	MEME-3	NC_000962.3	334970	334979	-	10.4088	6.53e-05	0.571	CAACGGCGGT
CAWMAGCGKT	MEME-3	NC_000962.3	350681	350690	-	10.4088	6.53e-05	0.571	CAACAGCGGC
CAWMAGCGKT	MEME-3	NC_000962.3	361939	361948	+	10.4088	6.53e-05	0.571	CAACGGCGGT
CAWMAGCGKT	MEME-3	NC_000962.3	366354	366363	-	10.4088	6.53e-05	0.571	CAACAGCGGC
CAWMAGCGKT	MEME-3	NC_000962.3	366423	366432	+	10.4088	6.53e-05	0.571	CAACAGCGGC
CAWMAGCGKT	MEME-3	NC_000962.3	377159	377168	+	10.4088	6.53e-05	0.571	CAACCGCGGT
CAWMAGCGKT	MEME-3	NC_000962.3	380222	380231	-	10.4088	6.53e-05	0.571	CTACAGCGGT
CAWMAGCGKT	MEME-3	NC_000962.3	405074	405083	+	10.4088	6.53e-05	0.571	CAACAGCGGG
CAWMAGCGKT	MEME-3	NC_000962.3	412084	412093	+	10.4088	6.53e-05	0.571	CCACAGCGGT
CAWMAGCGKT	MEME-3	NC_000962.3	428599	428608	-	10.4088	6.53e-05	0.571	CAACAGCGGC
CAWMAGCGKT	MEME-3	NC_000962.3	429886	429895	-	10.4088	6.53e-05	0.571	CAACAGCGGC
CAWMAGCGKT	MEME-3	NC_000962.3	432625	432634	-	10.4088	6.53e-05	0.571	CAACAGCGGC
CAWMAGCGKT	MEME-3	NC_000962.3	435070	435079	+	10.4088	6.53e-05	0.571	CAACAGCGGC
CAWMAGCGKT	MEME-3	NC_000962.3	447927	447936	+	10.4088	6.53e-05	0.571	CAACAGCGGC
CAWMAGCGKT	MEME-3	NC_000962.3	455810	455819	+	10.4088	6.53e-05	0.571	CAACAGCGGA
CAWMAGCGKT	MEME-3	NC_000962.3	464883	464892	+	10.4088	6.53e-05	0.571	CAACAGCGGC
CAWMAGCGKT	MEME-3	NC_000962.3	490957	490966	-	10.4088	6.53e-05	0.571	CGACAGCGGT
CAWMAGCGKT	MEME-3	NC_000962.3	508202	508211	+	10.4088	6.53e-05	0.571	CAACAGCGGG
CAWMAGCGKT	MEME-3	NC_000962.3	515242	515251	-	10.4088	6.53e-05	0.571	CGACAGCGGT
CAWMAGCGKT	MEME-3	NC_000962.3	527235	527244	+	10.4088	6.53e-05	0.571	CGACAGCGGT
CAWMAGCGKT	MEME-3	NC_000962.3	559683	559692	-	10.4088	6.53e-05	0.571	CAACAGCGGA
CAWMAGCGKT	MEME-3	NC_000962.3	581309	581318	+	10.4088	6.53e-05	0.571	CAACAGCGGG
CAWMAGCGKT	MEME-3	NC_000962.3	623206	623215	+	10.4088	6.53e-05	0.571	CAACGGCGGT
CAWMAGCGKT	MEME-3	NC_000962.3	623473	623482	+	10.4088	6.53e-05	0.571	CAACGGCGGT
CAWMAGCGKT	MEME-3	NC_000962.3	624304	624313	+	10.4088	6.53e-05	0.571	CAACGGCGGT
CAWMAGCGKT	MEME-3	NC_000962.3	649290	649299	+	10.4088	6.53e-05	0.571	CCACAGCGGT
CAWMAGCGKT	MEME-3	NC_000962.3	674216	674225	-	10.4088	6.53e-05	0.571	CAACGGCGGT
CAWMAGCGKT	MEME-3	NC_000962.3	678134	678143	+	10.4088	6.53e-05	0.571	CAACTGCGGT
CAWMAGCGKT	MEME-3	NC_000962.3	717587	717596	+	10.4088	6.53e-05	0.571	CAACGGCGGT
CAWMAGCGKT	MEME-3	NC_000962.3	725034	725043	+	10.4088	6.53e-05	0.571	CAACAGCGGC
CAWMAGCGKT	MEME-3	NC_000962.3	726504	726513	+	10.4088	6.53e-05	0.571	CAACAGCGGC
CAWMAGCGKT	MEME-3	NC_000962.3	798392	798401	+	10.4088	6.53e-05	0.571	CCACAGCGGT
CAWMAGCGKT	MEME-3	NC_000962.3	808554	808563	+	10.4088	6.53e-05	0.571	CAACGGCGGT
CAWMAGCGKT	MEME-3	NC_000962.3	821753	821762	-	10.4088	6.53e-05	0.571	CGACAGCGGT
CAWMAGCGKT	MEME-3	NC_000962.3	833513	833522	+	10.4088	6.53e-05	0.571	CAACGGCGGT
CAWMAGCGKT	MEME-3	NC_000962.3	834728	834737	+	10.4088	6.53e-05	0.571	CAACAGCGGG
CAWMAGCGKT	MEME-3	NC_000962.3	840742	840751	+	10.4088	6.53e-05	0.571	CAACGGCGGT
CAWMAGCGKT	MEME-3	NC_000962.3	846267	846276	-	10.4088	6.53e-05	0.571	CCACAGCGGT
CAWMAGCGKT	MEME-3	NC_000962.3	868683	868692	-	10.4088	6.53e-05	0.571	CAACGGCGGT
CAWMAGCGKT	MEME-3	NC_000962.3	894768	894777	-	10.4088	6.53e-05	0.571	CAACCGCGGT
CAWMAGCGKT	MEME-3	NC_000962.3	921224	921233	-	10.4088	6.53e-05	0.571	CAACGGCGGT
CAWMAGCGKT	MEME-3	NC_000962.3	927412	927421	+	10.4088	6.53e-05	0.571	CAACGGCGGT
CAWMAGCGKT	MEME-3	NC_000962.3	930036	930045	-	10.4088	6.53e-05	0.571	CAACGGCGGT
CAWMAGCGKT	MEME-3	NC_000962.3	937634	937643	+	10.4088	6.53e-05	0.571	CAACCGCGGT
CAWMAGCGKT	MEME-3	NC_000962.3	938954	938963	-	10.4088	6.53e-05	0.571	CAACAGCGGG
CAWMAGCGKT	MEME-3	NC_000962.3	939768	939777	-	10.4088	6.53e-05	0.571	CAACAGCGGC
CAWMAGCGKT	MEME-3	NC_000962.3	940326	940335	+	10.4088	6.53e-05	0.571	CAACGGCGGT
CAWMAGCGKT	MEME-3	NC_000962.3	978997	979006	+	10.4088	6.53e-05	0.571	CAACTGCGGT
CAWMAGCGKT	MEME-3	NC_000962.3	980344	980353	-	10.4088	6.53e-05	0.571	CAACAGCGGA
CAWMAGCGKT	MEME-3	NC_000962.3	996326	996335	-	10.4088	6.53e-05	0.571	CGACAGCGGT
CAWMAGCGKT	MEME-3	NC_000962.3	1013602	1013611	-	10.4088	6.53e-05	0.571	CAACAGCGGA
CAWMAGCGKT	MEME-3	NC_000962.3	1041497	1041506	+	10.4088	6.53e-05	0.571	CTACAGCGGT
CAWMAGCGKT	MEME-3	NC_000962.3	1056941	1056950	-	10.4088	6.53e-05	0.571	CAACGGCGGT
CAWMAGCGKT	MEME-3	NC_000962.3	1063445	1063454	-	10.4088	6.53e-05	0.571	CAACAGCGGA
CAWMAGCGKT	MEME-3	NC_000962.3	1066317	1066326	-	10.4088	6.53e-05	0.571	CAACAGCGGC
CAWMAGCGKT	MEME-3	NC_000962.3	1072698	1072707	-	10.4088	6.53e-05	0.571	CAACAGCGGC
CAWMAGCGKT	MEME-3	NC_000962.3	1086254	1086263	+	10.4088	6.53e-05	0.571	CAACAGCGGC
CAWMAGCGKT	MEME-3	NC_000962.3	1090801	1090810	+	10.4088	6.53e-05	0.571	CAACGGCGGT
CAWMAGCGKT	MEME-3	NC_000962.3	1128594	1128603	-	10.4088	6.53e-05	0.571	CAACAGCGGC
CAWMAGCGKT	MEME-3	NC_000962.3	1145032	1145041	-	10.4088	6.53e-05	0.571	CGACAGCGGT
CAWMAGCGKT	MEME-3	NC_000962.3	1165967	1165976	-	10.4088	6.53e-05	0.571	CAACAGCGGC
CAWMAGCGKT	MEME-3	NC_000962.3	1189459	1189468	-	10.4088	6.53e-05	0.571	CAACGGCGGT
CAWMAGCGKT	MEME-3	NC_000962.3	1189747	1189756	-	10.4088	6.53e-05	0.571	CAACGGCGGT
CAWMAGCGKT	MEME-3	NC_000962.3	1190964	1190973	-	10.4088	6.53e-05	0.571	CAACGGCGGT
CAWMAGCGKT	MEME-3	NC_000962.3	1191471	1191480	-	10.4088	6.53e-05	0.571	CAACGGCGGT
CAWMAGCGKT	MEME-3	NC_000962.3	1193467	1193476	-	10.4088	6.53e-05	0.571	CCACAGCGGT
CAWMAGCGKT	MEME-3	NC_000962.3	1214882	1214891	+	10.4088	6.53e-05	0.571	CAACAGCGGC
CAWMAGCGKT	MEME-3	NC_000962.3	1217497	1217506	+	10.4088	6.53e-05	0.571	CAACGGCGGT
CAWMAGCGKT	MEME-3	NC_000962.3	1228778	1228787	-	10.4088	6.53e-05	0.571	CAACCGCGGT
CAWMAGCGKT	MEME-3	NC_000962.3	1245061	1245070	-	10.4088	6.53e-05	0.571	CAACCGCGGT
CAWMAGCGKT	MEME-3	NC_000962.3	1310183	1310192	+	10.4088	6.53e-05	0.571	CAACAGCGGG
CAWMAGCGKT	MEME-3	NC_000962.3	1311097	1311106	+	10.4088	6.53e-05	0.571	CAACTGCGGT
CAWMAGCGKT	MEME-3	NC_000962.3	1356261	1356270	+	10.4088	6.53e-05	0.571	CGACAGCGGT
CAWMAGCGKT	MEME-3	NC_000962.3	1383401	1383410	-	10.4088	6.53e-05	0.571	CAACAGCGGG
CAWMAGCGKT	MEME-3	NC_000962.3	1400630	1400639	-	10.4088	6.53e-05	0.571	CCACAGCGGT
CAWMAGCGKT	MEME-3	NC_000962.3	1407173	1407182	+	10.4088	6.53e-05	0.571	CAACAGCGGC
CAWMAGCGKT	MEME-3	NC_000962.3	1417748	1417757	-	10.4088	6.53e-05	0.571	CGACAGCGGT
CAWMAGCGKT	MEME-3	NC_000962.3	1424574	1424583	+	10.4088	6.53e-05	0.571	CCACAGCGGT
CAWMAGCGKT	MEME-3	NC_000962.3	1432235	1432244	-	10.4088	6.53e-05	0.571	CAACAGCGGC
CAWMAGCGKT	MEME-3	NC_000962.3	1444256	1444265	+	10.4088	6.53e-05	0.571	CAACAGCGGC
CAWMAGCGKT	MEME-3	NC_000962.3	1469875	1469884	+	10.4088	6.53e-05	0.571	CGACAGCGGT
CAWMAGCGKT	MEME-3	NC_000962.3	1495974	1495983	+	10.4088	6.53e-05	0.571	CAACTGCGGT
CAWMAGCGKT	MEME-3	NC_000962.3	1500556	1500565	+	10.4088	6.53e-05	0.571	CCACAGCGGT
CAWMAGCGKT	MEME-3	NC_000962.3	1506054	1506063	-	10.4088	6.53e-05	0.571	CAACGGCGGT
CAWMAGCGKT	MEME-3	NC_000962.3	1517716	1517725	-	10.4088	6.53e-05	0.571	CGACAGCGGT
CAWMAGCGKT	MEME-3	NC_000962.3	1528582	1528591	-	10.4088	6.53e-05	0.571	CCACAGCGGT
CAWMAGCGKT	MEME-3	NC_000962.3	1559709	1559718	+	10.4088	6.53e-05	0.571	CCACAGCGGT
CAWMAGCGKT	MEME-3	NC_000962.3	1572763	1572772	-	10.4088	6.53e-05	0.571	CAACGGCGGT
CAWMAGCGKT	MEME-3	NC_000962.3	1572862	1572871	-	10.4088	6.53e-05	0.571	CAACGGCGGT
CAWMAGCGKT	MEME-3	NC_000962.3	1618338	1618347	-	10.4088	6.53e-05	0.571	CAACGGCGGT
CAWMAGCGKT	MEME-3	NC_000962.3	1619058	1619067	-	10.4088	6.53e-05	0.571	CAACGGCGGT
CAWMAGCGKT	MEME-3	NC_000962.3	1623359	1623368	+	10.4088	6.53e-05	0.571	CGACAGCGGT
CAWMAGCGKT	MEME-3	NC_000962.3	1631526	1631535	-	10.4088	6.53e-05	0.571	CAACGGCGGT
CAWMAGCGKT	MEME-3	NC_000962.3	1631772	1631781	-	10.4088	6.53e-05	0.571	CAACGGCGGT
CAWMAGCGKT	MEME-3	NC_000962.3	1632891	1632900	-	10.4088	6.53e-05	0.571	CAACGGCGGT
CAWMAGCGKT	MEME-3	NC_000962.3	1636286	1636295	-	10.4088	6.53e-05	0.571	CAACGGCGGT
CAWMAGCGKT	MEME-3	NC_000962.3	1655999	1656008	-	10.4088	6.53e-05	0.571	CAACGGCGGT
CAWMAGCGKT	MEME-3	NC_000962.3	1656604	1656613	+	10.4088	6.53e-05	0.571	CGACAGCGGT
CAWMAGCGKT	MEME-3	NC_000962.3	1670805	1670814	+	10.4088	6.53e-05	0.571	CAACAGCGGC
CAWMAGCGKT	MEME-3	NC_000962.3	1680441	1680450	-	10.4088	6.53e-05	0.571	CGACAGCGGT
CAWMAGCGKT	MEME-3	NC_000962.3	1699030	1699039	-	10.4088	6.53e-05	0.571	CGACAGCGGT
CAWMAGCGKT	MEME-3	NC_000962.3	1699318	1699327	+	10.4088	6.53e-05	0.571	CAACCGCGGT
CAWMAGCGKT	MEME-3	NC_000962.3	1701678	1701687	-	10.4088	6.53e-05	0.571	CCACAGCGGT
CAWMAGCGKT	MEME-3	NC_000962.3	1720133	1720142	+	10.4088	6.53e-05	0.571	CAACCGCGGT
CAWMAGCGKT	MEME-3	NC_000962.3	1768356	1768365	+	10.4088	6.53e-05	0.571	CAACAGCGGA
CAWMAGCGKT	MEME-3	NC_000962.3	1770947	1770956	+	10.4088	6.53e-05	0.571	CAACGGCGGT
CAWMAGCGKT	MEME-3	NC_000962.3	1784289	1784298	+	10.4088	6.53e-05	0.571	CGACAGCGGT
CAWMAGCGKT	MEME-3	NC_000962.3	1817208	1817217	-	10.4088	6.53e-05	0.571	CAACGGCGGT
CAWMAGCGKT	MEME-3	NC_000962.3	1817827	1817836	+	10.4088	6.53e-05	0.571	CAACGGCGGT
CAWMAGCGKT	MEME-3	NC_000962.3	1847960	1847969	+	10.4088	6.53e-05	0.571	CAACAGCGGC
CAWMAGCGKT	MEME-3	NC_000962.3	1848287	1848296	-	10.4088	6.53e-05	0.571	CAACGGCGGT
CAWMAGCGKT	MEME-3	NC_000962.3	1864276	1864285	-	10.4088	6.53e-05	0.571	CAACGGCGGT
CAWMAGCGKT	MEME-3	NC_000962.3	1864804	1864813	-	10.4088	6.53e-05	0.571	CAACGGCGGT
CAWMAGCGKT	MEME-3	NC_000962.3	1883106	1883115	+	10.4088	6.53e-05	0.571	CAACAGCGGC
CAWMAGCGKT	MEME-3	NC_000962.3	1933090	1933099	-	10.4088	6.53e-05	0.571	CGACAGCGGT
CAWMAGCGKT	MEME-3	NC_000962.3	1933797	1933806	+	10.4088	6.53e-05	0.571	CAACGGCGGT
CAWMAGCGKT	MEME-3	NC_000962.3	1968974	1968983	-	10.4088	6.53e-05	0.571	CAACCGCGGT
CAWMAGCGKT	MEME-3	NC_000962.3	1990010	1990019	-	10.4088	6.53e-05	0.571	CAACGGCGGT
CAWMAGCGKT	MEME-3	NC_000962.3	2002173	2002182	+	10.4088	6.53e-05	0.571	CAACGGCGGT
CAWMAGCGKT	MEME-3	NC_000962.3	2017008	2017017	+	10.4088	6.53e-05	0.571	CAACAGCGGC
CAWMAGCGKT	MEME-3	NC_000962.3	2042119	2042128	+	10.4088	6.53e-05	0.571	CAACAGCGGC
CAWMAGCGKT	MEME-3	NC_000962.3	2056946	2056955	+	10.4088	6.53e-05	0.571	CAACAGCGGC
CAWMAGCGKT	MEME-3	NC_000962.3	2081277	2081286	-	10.4088	6.53e-05	0.571	CGACAGCGGT
CAWMAGCGKT	MEME-3	NC_000962.3	2082622	2082631	-	10.4088	6.53e-05	0.571	CAACCGCGGT
CAWMAGCGKT	MEME-3	NC_000962.3	2083651	2083660	-	10.4088	6.53e-05	0.571	CAACAGCGGG
CAWMAGCGKT	MEME-3	NC_000962.3	2088943	2088952	-	10.4088	6.53e-05	0.571	CAACGGCGGT
CAWMAGCGKT	MEME-3	NC_000962.3	2097846	2097855	+	10.4088	6.53e-05	0.571	CGACAGCGGT
CAWMAGCGKT	MEME-3	NC_000962.3	2116915	2116924	+	10.4088	6.53e-05	0.571	CAACGGCGGT
CAWMAGCGKT	MEME-3	NC_000962.3	2129876	2129885	+	10.4088	6.53e-05	0.571	CCACAGCGGT
CAWMAGCGKT	MEME-3	NC_000962.3	2134069	2134078	+	10.4088	6.53e-05	0.571	CAACGGCGGT
CAWMAGCGKT	MEME-3	NC_000962.3	2150257	2150266	+	10.4088	6.53e-05	0.571	CAACCGCGGT
CAWMAGCGKT	MEME-3	NC_000962.3	2167874	2167883	-	10.4088	6.53e-05	0.571	CAACAGCGGC
CAWMAGCGKT	MEME-3	NC_000962.3	2175190	2175199	-	10.4088	6.53e-05	0.571	CAACCGCGGT
CAWMAGCGKT	MEME-3	NC_000962.3	2185133	2185142	-	10.4088	6.53e-05	0.571	CAACGGCGGT
CAWMAGCGKT	MEME-3	NC_000962.3	2221465	2221474	-	10.4088	6.53e-05	0.571	CGACAGCGGT
CAWMAGCGKT	MEME-3	NC_000962.3	2225218	2225227	-	10.4088	6.53e-05	0.571	CAACAGCGGC
CAWMAGCGKT	MEME-3	NC_000962.3	2229696	2229705	+	10.4088	6.53e-05	0.571	CAACAGCGGG
CAWMAGCGKT	MEME-3	NC_000962.3	2232024	2232033	+	10.4088	6.53e-05	0.571	CAACAGCGGG
CAWMAGCGKT	MEME-3	NC_000962.3	2235613	2235622	-	10.4088	6.53e-05	0.571	CCACAGCGGT
CAWMAGCGKT	MEME-3	NC_000962.3	2293327	2293336	-	10.4088	6.53e-05	0.571	CAACAGCGGG
CAWMAGCGKT	MEME-3	NC_000962.3	2310270	2310279	+	10.4088	6.53e-05	0.571	CAACAGCGGG
CAWMAGCGKT	MEME-3	NC_000962.3	2328377	2328386	-	10.4088	6.53e-05	0.571	CAACAGCGGA
CAWMAGCGKT	MEME-3	NC_000962.3	2385410	2385419	+	10.4088	6.53e-05	0.571	CGACAGCGGT
CAWMAGCGKT	MEME-3	NC_000962.3	2423765	2423774	-	10.4088	6.53e-05	0.571	CAACGGCGGT
CAWMAGCGKT	MEME-3	NC_000962.3	2437111	2437120	-	10.4088	6.53e-05	0.571	CAACAGCGGC
CAWMAGCGKT	MEME-3	NC_000962.3	2466190	2466199	-	10.4088	6.53e-05	0.571	CGACAGCGGT
CAWMAGCGKT	MEME-3	NC_000962.3	2510904	2510913	+	10.4088	6.53e-05	0.571	CAACAGCGGA
CAWMAGCGKT	MEME-3	NC_000962.3	2514189	2514198	-	10.4088	6.53e-05	0.571	CAACCGCGGT
CAWMAGCGKT	MEME-3	NC_000962.3	2520793	2520802	-	10.4088	6.53e-05	0.571	CAACAGCGGA
CAWMAGCGKT	MEME-3	NC_000962.3	2536045	2536054	-	10.4088	6.53e-05	0.571	CAACAGCGGC
CAWMAGCGKT	MEME-3	NC_000962.3	2542748	2542757	+	10.4088	6.53e-05	0.571	CCACAGCGGT
CAWMAGCGKT	MEME-3	NC_000962.3	2546379	2546388	+	10.4088	6.53e-05	0.571	CGACAGCGGT
CAWMAGCGKT	MEME-3	NC_000962.3	2576470	2576479	+	10.4088	6.53e-05	0.571	CAACCGCGGT
CAWMAGCGKT	MEME-3	NC_000962.3	2576472	2576481	-	10.4088	6.53e-05	0.571	CAACCGCGGT
CAWMAGCGKT	MEME-3	NC_000962.3	2588252	2588261	-	10.4088	6.53e-05	0.571	CAACAGCGGG
CAWMAGCGKT	MEME-3	NC_000962.3	2598975	2598984	+	10.4088	6.53e-05	0.571	CGACAGCGGT
CAWMAGCGKT	MEME-3	NC_000962.3	2603024	2603033	+	10.4088	6.53e-05	0.571	CCACAGCGGT
CAWMAGCGKT	MEME-3	NC_000962.3	2620479	2620488	-	10.4088	6.53e-05	0.571	CAACGGCGGT
CAWMAGCGKT	MEME-3	NC_000962.3	2632143	2632152	+	10.4088	6.53e-05	0.571	CGACAGCGGT
CAWMAGCGKT	MEME-3	NC_000962.3	2670581	2670590	+	10.4088	6.53e-05	0.571	CAACAGCGGC
CAWMAGCGKT	MEME-3	NC_000962.3	2683619	2683628	+	10.4088	6.53e-05	0.571	CAACGGCGGT
CAWMAGCGKT	MEME-3	NC_000962.3	2687417	2687426	-	10.4088	6.53e-05	0.571	CGACAGCGGT
CAWMAGCGKT	MEME-3	NC_000962.3	2689089	2689098	+	10.4088	6.53e-05	0.571	CAACGGCGGT
CAWMAGCGKT	MEME-3	NC_000962.3	2693677	2693686	+	10.4088	6.53e-05	0.571	CAACGGCGGT
CAWMAGCGKT	MEME-3	NC_000962.3	2693770	2693779	+	10.4088	6.53e-05	0.571	CAACGGCGGT
CAWMAGCGKT	MEME-3	NC_000962.3	2705797	2705806	+	10.4088	6.53e-05	0.571	CAACCGCGGT
CAWMAGCGKT	MEME-3	NC_000962.3	2738592	2738601	-	10.4088	6.53e-05	0.571	CGACAGCGGT
CAWMAGCGKT	MEME-3	NC_000962.3	2777193	2777202	-	10.4088	6.53e-05	0.571	CAACTGCGGT
CAWMAGCGKT	MEME-3	NC_000962.3	2796813	2796822	-	10.4088	6.53e-05	0.571	CAACGGCGGT
CAWMAGCGKT	MEME-3	NC_000962.3	2797103	2797112	+	10.4088	6.53e-05	0.571	CAACAGCGGC
CAWMAGCGKT	MEME-3	NC_000962.3	2798327	2798336	+	10.4088	6.53e-05	0.571	CAACGGCGGT
CAWMAGCGKT	MEME-3	NC_000962.3	2803072	2803081	-	10.4088	6.53e-05	0.571	CAACGGCGGT
CAWMAGCGKT	MEME-3	NC_000962.3	2803549	2803558	-	10.4088	6.53e-05	0.571	CAACGGCGGT
CAWMAGCGKT	MEME-3	NC_000962.3	2803906	2803915	-	10.4088	6.53e-05	0.571	CAACGGCGGT
CAWMAGCGKT	MEME-3	NC_000962.3	2803996	2804005	-	10.4088	6.53e-05	0.571	CAACGGCGGT
CAWMAGCGKT	MEME-3	NC_000962.3	2816848	2816857	-	10.4088	6.53e-05	0.571	CAACCGCGGT
CAWMAGCGKT	MEME-3	NC_000962.3	2834340	2834349	-	10.4088	6.53e-05	0.571	CTACAGCGGT
CAWMAGCGKT	MEME-3	NC_000962.3	2871488	2871497	-	10.4088	6.53e-05	0.571	CGACAGCGGT
CAWMAGCGKT	MEME-3	NC_000962.3	2892407	2892416	-	10.4088	6.53e-05	0.571	CCACAGCGGT
CAWMAGCGKT	MEME-3	NC_000962.3	2897976	2897985	-	10.4088	6.53e-05	0.571	CAACAGCGGC
CAWMAGCGKT	MEME-3	NC_000962.3	2912965	2912974	+	10.4088	6.53e-05	0.571	CAACAGCGGC
CAWMAGCGKT	MEME-3	NC_000962.3	2918776	2918785	+	10.4088	6.53e-05	0.571	CAACGGCGGT
CAWMAGCGKT	MEME-3	NC_000962.3	2921946	2921955	+	10.4088	6.53e-05	0.571	CAACGGCGGT
CAWMAGCGKT	MEME-3	NC_000962.3	2922438	2922447	+	10.4088	6.53e-05	0.571	CAACGGCGGT
CAWMAGCGKT	MEME-3	NC_000962.3	2936260	2936269	-	10.4088	6.53e-05	0.571	CAACTGCGGT
CAWMAGCGKT	MEME-3	NC_000962.3	2944191	2944200	-	10.4088	6.53e-05	0.571	CAACAGCGGG
CAWMAGCGKT	MEME-3	NC_000962.3	2951085	2951094	+	10.4088	6.53e-05	0.571	CAACAGCGGA
CAWMAGCGKT	MEME-3	NC_000962.3	2961245	2961254	-	10.4088	6.53e-05	0.571	CAACAGCGGC
CAWMAGCGKT	MEME-3	NC_000962.3	2961374	2961383	-	10.4088	6.53e-05	0.571	CAACGGCGGT
CAWMAGCGKT	MEME-3	NC_000962.3	2988010	2988019	+	10.4088	6.53e-05	0.571	CCACAGCGGT
CAWMAGCGKT	MEME-3	NC_000962.3	2989920	2989929	-	10.4088	6.53e-05	0.571	CAACAGCGGA
CAWMAGCGKT	MEME-3	NC_000962.3	2990830	2990839	+	10.4088	6.53e-05	0.571	CAACAGCGGG
CAWMAGCGKT	MEME-3	NC_000962.3	3006691	3006700	+	10.4088	6.53e-05	0.571	CGACAGCGGT
CAWMAGCGKT	MEME-3	NC_000962.3	3020372	3020381	-	10.4088	6.53e-05	0.571	CCACAGCGGT
CAWMAGCGKT	MEME-3	NC_000962.3	3054657	3054666	+	10.4088	6.53e-05	0.571	CAACGGCGGT
CAWMAGCGKT	MEME-3	NC_000962.3	3071582	3071591	+	10.4088	6.53e-05	0.571	CAACAGCGGA
CAWMAGCGKT	MEME-3	NC_000962.3	3079899	3079908	+	10.4088	6.53e-05	0.571	CAACAGCGGC
CAWMAGCGKT	MEME-3	NC_000962.3	3109633	3109642	+	10.4088	6.53e-05	0.571	CAACGGCGGT
CAWMAGCGKT	MEME-3	NC_000962.3	3111757	3111766	-	10.4088	6.53e-05	0.571	CGACAGCGGT
CAWMAGCGKT	MEME-3	NC_000962.3	3113106	3113115	-	10.4088	6.53e-05	0.571	CAACAGCGGC
CAWMAGCGKT	MEME-3	NC_000962.3	3162684	3162693	+	10.4088	6.53e-05	0.571	CAACGGCGGT
CAWMAGCGKT	MEME-3	NC_000962.3	3163116	3163125	+	10.4088	6.53e-05	0.571	CAACGGCGGT
CAWMAGCGKT	MEME-3	NC_000962.3	3163503	3163512	+	10.4088	6.53e-05	0.571	CAACGGCGGT
CAWMAGCGKT	MEME-3	NC_000962.3	3194912	3194921	-	10.4088	6.53e-05	0.571	CAACAGCGGC
CAWMAGCGKT	MEME-3	NC_000962.3	3196259	3196268	+	10.4088	6.53e-05	0.571	CAACGGCGGT
CAWMAGCGKT	MEME-3	NC_000962.3	3206629	3206638	+	10.4088	6.53e-05	0.571	CAACAGCGGC
CAWMAGCGKT	MEME-3	NC_000962.3	3235992	3236001	+	10.4088	6.53e-05	0.571	CAACTGCGGT
CAWMAGCGKT	MEME-3	NC_000962.3	3276779	3276788	-	10.4088	6.53e-05	0.571	CTACAGCGGT
CAWMAGCGKT	MEME-3	NC_000962.3	3323889	3323898	-	10.4088	6.53e-05	0.571	CAACAGCGGC
CAWMAGCGKT	MEME-3	NC_000962.3	3366968	3366977	-	10.4088	6.53e-05	0.571	CAACAGCGGG
CAWMAGCGKT	MEME-3	NC_000962.3	3373043	3373052	+	10.4088	6.53e-05	0.571	CCACAGCGGT
CAWMAGCGKT	MEME-3	NC_000962.3	3406746	3406755	-	10.4088	6.53e-05	0.571	CAACAGCGGC
CAWMAGCGKT	MEME-3	NC_000962.3	3449063	3449072	+	10.4088	6.53e-05	0.571	CAACGGCGGT
CAWMAGCGKT	MEME-3	NC_000962.3	3466483	3466492	+	10.4088	6.53e-05	0.571	CAACGGCGGT
CAWMAGCGKT	MEME-3	NC_000962.3	3482881	3482890	+	10.4088	6.53e-05	0.571	CAACAGCGGC
CAWMAGCGKT	MEME-3	NC_000962.3	3496019	3496028	+	10.4088	6.53e-05	0.571	CCACAGCGGT
CAWMAGCGKT	MEME-3	NC_000962.3	3503753	3503762	+	10.4088	6.53e-05	0.571	CAACGGCGGT
CAWMAGCGKT	MEME-3	NC_000962.3	3545662	3545671	+	10.4088	6.53e-05	0.571	CAACCGCGGT
CAWMAGCGKT	MEME-3	NC_000962.3	3547351	3547360	+	10.4088	6.53e-05	0.571	CAACCGCGGT
CAWMAGCGKT	MEME-3	NC_000962.3	3586309	3586318	+	10.4088	6.53e-05	0.571	CAACAGCGGA
CAWMAGCGKT	MEME-3	NC_000962.3	3593819	3593828	-	10.4088	6.53e-05	0.571	CAACCGCGGT
CAWMAGCGKT	MEME-3	NC_000962.3	3615079	3615088	-	10.4088	6.53e-05	0.571	CAACAGCGGA
CAWMAGCGKT	MEME-3	NC_000962.3	3617799	3617808	-	10.4088	6.53e-05	0.571	CAACGGCGGT
CAWMAGCGKT	MEME-3	NC_000962.3	3622476	3622485	-	10.4088	6.53e-05	0.571	CAACGGCGGT
CAWMAGCGKT	MEME-3	NC_000962.3	3637618	3637627	+	10.4088	6.53e-05	0.571	CGACAGCGGT
CAWMAGCGKT	MEME-3	NC_000962.3	3649228	3649237	+	10.4088	6.53e-05	0.571	CTACAGCGGT
CAWMAGCGKT	MEME-3	NC_000962.3	3668427	3668436	-	10.4088	6.53e-05	0.571	CGACAGCGGT
CAWMAGCGKT	MEME-3	NC_000962.3	3713698	3713707	-	10.4088	6.53e-05	0.571	CCACAGCGGT
CAWMAGCGKT	MEME-3	NC_000962.3	3726019	3726028	+	10.4088	6.53e-05	0.571	CAACCGCGGT
CAWMAGCGKT	MEME-3	NC_000962.3	3737095	3737104	-	10.4088	6.53e-05	0.571	CAACAGCGGC
CAWMAGCGKT	MEME-3	NC_000962.3	3737197	3737206	-	10.4088	6.53e-05	0.571	CAACGGCGGT
CAWMAGCGKT	MEME-3	NC_000962.3	3737365	3737374	-	10.4088	6.53e-05	0.571	CAACGGCGGT
CAWMAGCGKT	MEME-3	NC_000962.3	3737653	3737662	-	10.4088	6.53e-05	0.571	CAACAGCGGC
CAWMAGCGKT	MEME-3	NC_000962.3	3737692	3737701	-	10.4088	6.53e-05	0.571	CAACGGCGGT
CAWMAGCGKT	MEME-3	NC_000962.3	3738196	3738205	-	10.4088	6.53e-05	0.571	CAACGGCGGT
CAWMAGCGKT	MEME-3	NC_000962.3	3738331	3738340	-	10.4088	6.53e-05	0.571	CAACGGCGGT
CAWMAGCGKT	MEME-3	NC_000962.3	3739400	3739409	-	10.4088	6.53e-05	0.571	CAACGGCGGT
CAWMAGCGKT	MEME-3	NC_000962.3	3739757	3739766	-	10.4088	6.53e-05	0.571	CAACGGCGGT
CAWMAGCGKT	MEME-3	NC_000962.3	3739784	3739793	-	10.4088	6.53e-05	0.571	CAACGGCGGT
CAWMAGCGKT	MEME-3	NC_000962.3	3739889	3739898	-	10.4088	6.53e-05	0.571	CAACGGCGGT
CAWMAGCGKT	MEME-3	NC_000962.3	3740525	3740534	-	10.4088	6.53e-05	0.571	CAACGGCGGT
CAWMAGCGKT	MEME-3	NC_000962.3	3740702	3740711	-	10.4088	6.53e-05	0.571	CAACGGCGGT
CAWMAGCGKT	MEME-3	NC_000962.3	3741185	3741194	-	10.4088	6.53e-05	0.571	CAACGGCGGT
CAWMAGCGKT	MEME-3	NC_000962.3	3754303	3754312	+	10.4088	6.53e-05	0.571	CGACAGCGGT
CAWMAGCGKT	MEME-3	NC_000962.3	3777061	3777070	-	10.4088	6.53e-05	0.571	CAACGGCGGT
CAWMAGCGKT	MEME-3	NC_000962.3	3779056	3779065	+	10.4088	6.53e-05	0.571	CAACGGCGGT
CAWMAGCGKT	MEME-3	NC_000962.3	3779581	3779590	+	10.4088	6.53e-05	0.571	CAACGGCGGT
CAWMAGCGKT	MEME-3	NC_000962.3	3803674	3803683	+	10.4088	6.53e-05	0.571	CAACGGCGGT
CAWMAGCGKT	MEME-3	NC_000962.3	3803800	3803809	+	10.4088	6.53e-05	0.571	CAACGGCGGT
CAWMAGCGKT	MEME-3	NC_000962.3	3849599	3849608	+	10.4088	6.53e-05	0.571	CCACAGCGGT
CAWMAGCGKT	MEME-3	NC_000962.3	3876616	3876625	+	10.4088	6.53e-05	0.571	CAACAGCGGC
CAWMAGCGKT	MEME-3	NC_000962.3	3886010	3886019	+	10.4088	6.53e-05	0.571	CAACAGCGGA
CAWMAGCGKT	MEME-3	NC_000962.3	3927105	3927114	+	10.4088	6.53e-05	0.571	CAACGGCGGT
CAWMAGCGKT	MEME-3	NC_000962.3	3928527	3928536	+	10.4088	6.53e-05	0.571	CAACAGCGGC
CAWMAGCGKT	MEME-3	NC_000962.3	3929283	3929292	+	10.4088	6.53e-05	0.571	CAACGGCGGT
CAWMAGCGKT	MEME-3	NC_000962.3	3940387	3940396	+	10.4088	6.53e-05	0.571	CAACGGCGGT
CAWMAGCGKT	MEME-3	NC_000962.3	3941413	3941422	+	10.4088	6.53e-05	0.571	CAACGGCGGT
CAWMAGCGKT	MEME-3	NC_000962.3	3941750	3941759	+	10.4088	6.53e-05	0.571	CAACGGCGGT
CAWMAGCGKT	MEME-3	NC_000962.3	3942296	3942305	+	10.4088	6.53e-05	0.571	CAACAGCGGC
CAWMAGCGKT	MEME-3	NC_000962.3	3942686	3942695	+	10.4088	6.53e-05	0.571	CAACGGCGGT
CAWMAGCGKT	MEME-3	NC_000962.3	3943820	3943829	+	10.4088	6.53e-05	0.571	CAACGGCGGT
CAWMAGCGKT	MEME-3	NC_000962.3	3943901	3943910	+	10.4088	6.53e-05	0.571	CAACAGCGGC
CAWMAGCGKT	MEME-3	NC_000962.3	3944357	3944366	+	10.4088	6.53e-05	0.571	CAACGGCGGT
CAWMAGCGKT	MEME-3	NC_000962.3	3945425	3945434	-	10.4088	6.53e-05	0.571	CAACAGCGGC
CAWMAGCGKT	MEME-3	NC_000962.3	3951157	3951166	-	10.4088	6.53e-05	0.571	CAACAGCGGC
CAWMAGCGKT	MEME-3	NC_000962.3	4009136	4009145	+	10.4088	6.53e-05	0.571	CAACGGCGGT
CAWMAGCGKT	MEME-3	NC_000962.3	4013199	4013208	+	10.4088	6.53e-05	0.571	CGACAGCGGT
CAWMAGCGKT	MEME-3	NC_000962.3	4015522	4015531	+	10.4088	6.53e-05	0.571	CAACCGCGGT
CAWMAGCGKT	MEME-3	NC_000962.3	4032553	4032562	-	10.4088	6.53e-05	0.571	CAACGGCGGT
CAWMAGCGKT	MEME-3	NC_000962.3	4049621	4049630	+	10.4088	6.53e-05	0.571	CAACAGCGGC
CAWMAGCGKT	MEME-3	NC_000962.3	4064158	4064167	+	10.4088	6.53e-05	0.571	CAACAGCGGC
CAWMAGCGKT	MEME-3	NC_000962.3	4064740	4064749	+	10.4088	6.53e-05	0.571	CTACAGCGGT
CAWMAGCGKT	MEME-3	NC_000962.3	4087943	4087952	+	10.4088	6.53e-05	0.571	CAACAGCGGG
CAWMAGCGKT	MEME-3	NC_000962.3	4090672	4090681	+	10.4088	6.53e-05	0.571	CAACCGCGGT
CAWMAGCGKT	MEME-3	NC_000962.3	4092200	4092209	+	10.4088	6.53e-05	0.571	CAACAGCGGC
CAWMAGCGKT	MEME-3	NC_000962.3	4103652	4103661	+	10.4088	6.53e-05	0.571	CAACAGCGGC
CAWMAGCGKT	MEME-3	NC_000962.3	4118647	4118656	+	10.4088	6.53e-05	0.571	CAACAGCGGG
CAWMAGCGKT	MEME-3	NC_000962.3	4125662	4125671	+	10.4088	6.53e-05	0.571	CAACGGCGGT
CAWMAGCGKT	MEME-3	NC_000962.3	4161239	4161248	+	10.4088	6.53e-05	0.571	CAACAGCGGC
CAWMAGCGKT	MEME-3	NC_000962.3	4189975	4189984	-	10.4088	6.53e-05	0.571	CAACGGCGGT
CAWMAGCGKT	MEME-3	NC_000962.3	4211380	4211389	-	10.4088	6.53e-05	0.571	CGACAGCGGT
CAWMAGCGKT	MEME-3	NC_000962.3	4265945	4265954	+	10.4088	6.53e-05	0.571	CAACAGCGGG
CAWMAGCGKT	MEME-3	NC_000962.3	4268936	4268945	+	10.4088	6.53e-05	0.571	CAACAGCGGC
CAWMAGCGKT	MEME-3	NC_000962.3	4275241	4275250	+	10.4088	6.53e-05	0.571	CGACAGCGGT
CAWMAGCGKT	MEME-3	NC_000962.3	4282185	4282194	-	10.4088	6.53e-05	0.571	CAACAGCGGC
CAWMAGCGKT	MEME-3	NC_000962.3	4282565	4282574	+	10.4088	6.53e-05	0.571	CAACAGCGGG
CAWMAGCGKT	MEME-3	NC_000962.3	4294067	4294076	+	10.4088	6.53e-05	0.571	CCACAGCGGT
CAWMAGCGKT	MEME-3	NC_000962.3	4306625	4306634	+	10.4088	6.53e-05	0.571	CAACGGCGGT
CAWMAGCGKT	MEME-3	NC_000962.3	4316758	4316767	+	10.4088	6.53e-05	0.571	CCACAGCGGT
CAWMAGCGKT	MEME-3	NC_000962.3	4319313	4319322	+	10.4088	6.53e-05	0.571	CGACAGCGGT
CAWMAGCGKT	MEME-3	NC_000962.3	4326911	4326920	-	10.4088	6.53e-05	0.571	CAACGGCGGT
CAWMAGCGKT	MEME-3	NC_000962.3	4328998	4329007	+	10.4088	6.53e-05	0.571	CAACCGCGGT
CAWMAGCGKT	MEME-3	NC_000962.3	4366852	4366861	-	10.4088	6.53e-05	0.571	CAACCGCGGT
CAWMAGCGKT	MEME-3	NC_000962.3	4379211	4379220	+	10.4088	6.53e-05	0.571	CAACAGCGGC
CAWMAGCGKT	MEME-3	NC_000962.3	4379269	4379278	-	10.4088	6.53e-05	0.571	CAACCGCGGT
CAWMAGCGKT	MEME-3	NC_000962.3	4384272	4384281	+	10.4088	6.53e-05	0.571	CGACAGCGGT
CAWMAGCGKT	MEME-3	NC_000962.3	4389817	4389826	+	10.4088	6.53e-05	0.571	CGACAGCGGT
CAWMAGCGKT	MEME-3	NC_000962.3	4394774	4394783	-	10.4088	6.53e-05	0.571	CAACAGCGGA
CAWMAGCGKT	MEME-3	NC_000962.3	4409023	4409032	-	10.4088	6.53e-05	0.571	CAACAGCGGC
TWTKCATTGYTWTYT	MEME-2	NC_000962.3	173191	173205	+	3.05797	6.84e-05	1	TTTCTATTGCTGGTT
TWTKCATTGYTWTYT	MEME-2	NC_000962.3	208733	208747	-	3.05797	6.84e-05	1	TATCGTTTGCTCTTT
TWTKCATTGYTWTYT	MEME-2	NC_000962.3	874170	874184	-	3.05797	6.84e-05	1	TATGCATTAATATAA
TWTKCATTGYTWTYT	MEME-2	NC_000962.3	1473629	1473643	+	3.05797	6.84e-05	1	TGTGCAATATTCTTT
TWTKCATTGYTWTYT	MEME-2	NC_000962.3	1473878	1473892	-	3.05797	6.84e-05	1	TCACAATTGTTTTCT
TWTKCATTGYTWTYT	MEME-2	NC_000962.3	2946309	2946323	-	3.05797	6.84e-05	1	TTCAAATTGTTGTCT
TWTKCATTGYTWTYT	MEME-2	NC_000962.3	3141024	3141038	-	3.05797	6.84e-05	1	TTTGGCTTGGTGTTT
TWTKCATTGYTWTYT	MEME-2	NC_000962.3	3428326	3428340	+	3.05797	6.84e-05	1	TTTCCATTCCTGTTC
TWTKCATTGYTWTYT	MEME-2	NC_000962.3	3520171	3520185	+	3.05797	6.84e-05	1	TGTTCATCTATTTCT
TWTKCATTGYTWTYT	MEME-2	NC_000962.3	3522709	3522723	+	3.05797	6.84e-05	1	TGTTGATCGGTTTCT
TWTKCATTGYTWTYT	MEME-2	NC_000962.3	3664622	3664636	-	3.05797	6.84e-05	1	TGGTTATTGCTGTTT
TWTKCATTGYTWTYT	MEME-2	NC_000962.3	3704307	3704321	+	3.05797	6.84e-05	1	TCTTGATCGATTTCT
CAWMAGCGKT	MEME-3	NC_000962.3	142343	142352	+	10.073	6.96e-05	0.596	CATGAGCGTT
CAWMAGCGKT	MEME-3	NC_000962.3	483631	483640	+	10.073	6.96e-05	0.596	CAGAAGCGTT
CAWMAGCGKT	MEME-3	NC_000962.3	503087	503096	-	10.073	6.96e-05	0.596	CAGAAGCGTT
CAWMAGCGKT	MEME-3	NC_000962.3	774400	774409	+	10.073	6.96e-05	0.596	CACAAGCGTT
CAWMAGCGKT	MEME-3	NC_000962.3	817067	817076	-	10.073	6.96e-05	0.596	CATTAGCGTT
CAWMAGCGKT	MEME-3	NC_000962.3	1133773	1133782	-	10.073	6.96e-05	0.596	CACAAGCGTT
CAWMAGCGKT	MEME-3	NC_000962.3	1179395	1179404	+	10.073	6.96e-05	0.596	CATGAGCGTT
CAWMAGCGKT	MEME-3	NC_000962.3	1436035	1436044	+	10.073	6.96e-05	0.596	CATAAGCGCT
CAWMAGCGKT	MEME-3	NC_000962.3	1439739	1439748	+	10.073	6.96e-05	0.596	CAGAAGCGTT
CAWMAGCGKT	MEME-3	NC_000962.3	1614328	1614337	+	10.073	6.96e-05	0.596	CATGAGCGTT
CAWMAGCGKT	MEME-3	NC_000962.3	1657213	1657222	+	10.073	6.96e-05	0.596	CACAAGCGTT
CAWMAGCGKT	MEME-3	NC_000962.3	1946421	1946430	+	10.073	6.96e-05	0.596	CAGAAGCGTT
CAWMAGCGKT	MEME-3	NC_000962.3	2252927	2252936	+	10.073	6.96e-05	0.596	CAGAAGCGTT
CAWMAGCGKT	MEME-3	NC_000962.3	2493793	2493802	+	10.073	6.96e-05	0.596	CAGAAGCGTT
CAWMAGCGKT	MEME-3	NC_000962.3	2640764	2640773	-	10.073	6.96e-05	0.596	CATAAGCGCT
CAWMAGCGKT	MEME-3	NC_000962.3	3046727	3046736	-	10.073	6.96e-05	0.596	CATAAGCGAT
CAWMAGCGKT	MEME-3	NC_000962.3	3251298	3251307	+	10.073	6.96e-05	0.596	CAGAAGCGTT
CAWMAGCGKT	MEME-3	NC_000962.3	3342724	3342733	+	10.073	6.96e-05	0.596	CAGAAGCGTT
CAWMAGCGKT	MEME-3	NC_000962.3	3446371	3446380	+	10.073	6.96e-05	0.596	CACAAGCGTT
CAWMAGCGKT	MEME-3	NC_000962.3	3555562	3555571	-	10.073	6.96e-05	0.596	CATAAGCGCT
CAWMAGCGKT	MEME-3	NC_000962.3	4103326	4103335	-	10.073	6.96e-05	0.596	CAGAAGCGTT
CAWMAGCGKT	MEME-3	NC_000962.3	4282457	4282466	+	10.073	6.96e-05	0.596	CACAAGCGTT
CAWMAGCGKT	MEME-3	NC_000962.3	158399	158408	+	10.0219	7.49e-05	0.597	GAAAAGCGTT
CAWMAGCGKT	MEME-3	NC_000962.3	270761	270770	+	10.0219	7.49e-05	0.597	GAAAAGCGTT
CAWMAGCGKT	MEME-3	NC_000962.3	539466	539475	+	10.0219	7.49e-05	0.597	CAAAAGCCTT
CAWMAGCGKT	MEME-3	NC_000962.3	639896	639905	+	10.0219	7.49e-05	0.597	CAAAAGGGTT
CAWMAGCGKT	MEME-3	NC_000962.3	682568	682577	+	10.0219	7.49e-05	0.597	CAAAAGTGTT
CAWMAGCGKT	MEME-3	NC_000962.3	687789	687798	-	10.0219	7.49e-05	0.597	CAAAATCGTT
CAWMAGCGKT	MEME-3	NC_000962.3	894952	894961	-	10.0219	7.49e-05	0.597	AAAAAGCGTT
CAWMAGCGKT	MEME-3	NC_000962.3	1048750	1048759	-	10.0219	7.49e-05	0.597	CAAAACCGTT
CAWMAGCGKT	MEME-3	NC_000962.3	1056068	1056077	+	10.0219	7.49e-05	0.597	GAAAAGCGTT
CAWMAGCGKT	MEME-3	NC_000962.3	1124296	1124305	-	10.0219	7.49e-05	0.597	CAAAATCGTT
CAWMAGCGKT	MEME-3	NC_000962.3	1159087	1159096	-	10.0219	7.49e-05	0.597	GAAAAGCGTT
CAWMAGCGKT	MEME-3	NC_000962.3	1231243	1231252	+	10.0219	7.49e-05	0.597	CAAAACCGTT
CAWMAGCGKT	MEME-3	NC_000962.3	1350616	1350625	-	10.0219	7.49e-05	0.597	GAAAAGCGTT
CAWMAGCGKT	MEME-3	NC_000962.3	1430606	1430615	-	10.0219	7.49e-05	0.597	CAAAAGCCTT
CAWMAGCGKT	MEME-3	NC_000962.3	1722382	1722391	-	10.0219	7.49e-05	0.597	CAAAACCGTT
CAWMAGCGKT	MEME-3	NC_000962.3	1737458	1737467	-	10.0219	7.49e-05	0.597	GAAAAGCGTT
CAWMAGCGKT	MEME-3	NC_000962.3	2108249	2108258	+	10.0219	7.49e-05	0.597	CAAAAGCTTT
CAWMAGCGKT	MEME-3	NC_000962.3	2133141	2133150	+	10.0219	7.49e-05	0.597	GAAAAGCGTT
CAWMAGCGKT	MEME-3	NC_000962.3	2150232	2150241	+	10.0219	7.49e-05	0.597	TAAAAGCGTT
CAWMAGCGKT	MEME-3	NC_000962.3	2268521	2268530	-	10.0219	7.49e-05	0.597	CAAAACCGTT
CAWMAGCGKT	MEME-3	NC_000962.3	2279673	2279682	-	10.0219	7.49e-05	0.597	CAAAAGAGTT
CAWMAGCGKT	MEME-3	NC_000962.3	2502298	2502307	-	10.0219	7.49e-05	0.597	CAAAATCGTT
CAWMAGCGKT	MEME-3	NC_000962.3	2533626	2533635	+	10.0219	7.49e-05	0.597	CAAAAGCTTT
CAWMAGCGKT	MEME-3	NC_000962.3	2554336	2554345	-	10.0219	7.49e-05	0.597	CAAAAACGTT
CAWMAGCGKT	MEME-3	NC_000962.3	2672209	2672218	-	10.0219	7.49e-05	0.597	CAAAATCGTT
CAWMAGCGKT	MEME-3	NC_000962.3	2931941	2931950	+	10.0219	7.49e-05	0.597	CAAAAGCATT
CAWMAGCGKT	MEME-3	NC_000962.3	3014328	3014337	-	10.0219	7.49e-05	0.597	GAAAAGCGTT
CAWMAGCGKT	MEME-3	NC_000962.3	3226422	3226431	+	10.0219	7.49e-05	0.597	GAAAAGCGTT
CAWMAGCGKT	MEME-3	NC_000962.3	3291135	3291144	-	10.0219	7.49e-05	0.597	CAAAAGGGTT
CAWMAGCGKT	MEME-3	NC_000962.3	3309043	3309052	-	10.0219	7.49e-05	0.597	GAAAAGCGTT
CAWMAGCGKT	MEME-3	NC_000962.3	3466758	3466767	+	10.0219	7.49e-05	0.597	CAAAACCGTT
CAWMAGCGKT	MEME-3	NC_000962.3	3518074	3518083	+	10.0219	7.49e-05	0.597	CAAAACCGTT
CAWMAGCGKT	MEME-3	NC_000962.3	3523575	3523584	+	10.0219	7.49e-05	0.597	GAAAAGCGTT
CAWMAGCGKT	MEME-3	NC_000962.3	3546098	3546107	+	10.0219	7.49e-05	0.597	CAAAAGCCTT
CAWMAGCGKT	MEME-3	NC_000962.3	3551150	3551159	+	10.0219	7.49e-05	0.597	CAAAAGTGTT
CAWMAGCGKT	MEME-3	NC_000962.3	3685856	3685865	-	10.0219	7.49e-05	0.597	CAAAAGCATT
CAWMAGCGKT	MEME-3	NC_000962.3	3773566	3773575	-	10.0219	7.49e-05	0.597	GAAAAGCGTT
CAWMAGCGKT	MEME-3	NC_000962.3	3855643	3855652	-	10.0219	7.49e-05	0.597	CAAAAACGTT
CAWMAGCGKT	MEME-3	NC_000962.3	3887223	3887232	-	10.0219	7.49e-05	0.597	AAAAAGCGTT
CAWMAGCGKT	MEME-3	NC_000962.3	3968392	3968401	-	10.0219	7.49e-05	0.597	GAAAAGCGTT
CAWMAGCGKT	MEME-3	NC_000962.3	4036018	4036027	+	10.0219	7.49e-05	0.597	CAAAAGCATT
CAWMAGCGKT	MEME-3	NC_000962.3	4121710	4121719	-	10.0219	7.49e-05	0.597	AAAAAGCGTT
CAWMAGCGKT	MEME-3	NC_000962.3	4326231	4326240	+	10.0219	7.49e-05	0.597	CAAAACCGTT
CAWMAGCGKT	MEME-3	NC_000962.3	4348256	4348265	-	10.0219	7.49e-05	0.597	GAAAAGCGTT
CAWMAGCGKT	MEME-3	NC_000962.3	4364943	4364952	-	10.0219	7.49e-05	0.597	CAAAACCGTT
CAWMAGCGKT	MEME-3	NC_000962.3	4382283	4382292	-	10.0219	7.49e-05	0.597	AAAAAGCGTT
TWTKCATTGYTWTYT	MEME-2	NC_000962.3	119014	119028	-	3.05072	7.5e-05	1	TGTTCAGTGTCATGT
TWTKCATTGYTWTYT	MEME-2	NC_000962.3	199887	199901	-	3.05072	7.5e-05	1	TTTTCATGGGTTGAT
TWTKCATTGYTWTYT	MEME-2	NC_000962.3	230690	230704	-	3.05072	7.5e-05	1	TGTTCAATGAAATTT
TWTKCATTGYTWTYT	MEME-2	NC_000962.3	616059	616073	+	3.05072	7.5e-05	1	TATCCAGCGTTCTTT
TWTKCATTGYTWTYT	MEME-2	NC_000962.3	688024	688038	-	3.05072	7.5e-05	1	TTTTCATGGGTTGAT
TWTKCATTGYTWTYT	MEME-2	NC_000962.3	1021693	1021707	-	3.05072	7.5e-05	1	TTTCCGTGGTTATGT
TWTKCATTGYTWTYT	MEME-2	NC_000962.3	1106364	1106378	+	3.05072	7.5e-05	1	TATTCGTCGTTGTGT
TWTKCATTGYTWTYT	MEME-2	NC_000962.3	1152229	1152243	+	3.05072	7.5e-05	1	CGTTCAGTGTTATGT
TWTKCATTGYTWTYT	MEME-2	NC_000962.3	1227648	1227662	+	3.05072	7.5e-05	1	TATTCGTTGAGCTTT
TWTKCATTGYTWTYT	MEME-2	NC_000962.3	1672167	1672181	-	3.05072	7.5e-05	1	TCTTCATCGTTTCGT
TWTKCATTGYTWTYT	MEME-2	NC_000962.3	1811875	1811889	+	3.05072	7.5e-05	1	ATGCCATTGGTATTT
TWTKCATTGYTWTYT	MEME-2	NC_000962.3	2449947	2449961	-	3.05072	7.5e-05	1	TATTCCTTGTTGTAG
TWTKCATTGYTWTYT	MEME-2	NC_000962.3	2724480	2724494	+	3.05072	7.5e-05	1	TATTCGTTGATATGG
TWTKCATTGYTWTYT	MEME-2	NC_000962.3	2743246	2743260	+	3.05072	7.5e-05	1	TATTCATTGATCGTG
TWTKCATTGYTWTYT	MEME-2	NC_000962.3	3049125	3049139	+	3.05072	7.5e-05	1	TTTTCCTTGATCTTC
TWTKCATTGYTWTYT	MEME-2	NC_000962.3	3108656	3108670	+	3.05072	7.5e-05	1	TTTTCGCTGGTGTTT
TWTKCATTGYTWTYT	MEME-2	NC_000962.3	3128957	3128971	+	3.05072	7.5e-05	1	TAGTCATTGGGTTGT
TWTKCATTGYTWTYT	MEME-2	NC_000962.3	3451773	3451787	-	3.05072	7.5e-05	1	TTTTCATCGTGGTGT
TWTKCATTGYTWTYT	MEME-2	NC_000962.3	4104416	4104430	-	3.05072	7.5e-05	1	TTTCCGTCGTTGTTT
TWTKCATTGYTWTYT	MEME-2	NC_000962.3	2583667	2583681	-	2.99275	7.54e-05	1	TGTCCATTGCGCTCT
TWTKCATTGYTWTYT	MEME-2	NC_000962.3	1433601	1433615	-	2.60145	7.76e-05	1	TATTTATTTGTTTCC
TWTKCATTGYTWTYT	MEME-2	NC_000962.3	1477044	1477058	+	2.60145	7.76e-05	1	TTTGTATGTTTATAT
TWTKCATTGYTWTYT	MEME-2	NC_000962.3	1695274	1695288	+	2.60145	7.76e-05	1	TATTTCTTCATATCT
TWTKCATTGYTWTYT	MEME-2	NC_000962.3	1027059	1027073	+	2.5942	8.54e-05	1	TGTTGAGTGTGTTTT
TWTKCATTGYTWTYT	MEME-2	NC_000962.3	1158787	1158801	+	2.5942	8.54e-05	1	GATTCATAAATTTTT
TWTKCATTGYTWTYT	MEME-2	NC_000962.3	1192384	1192398	+	2.5942	8.54e-05	1	TTCCCGTTTTTATTT
TWTKCATTGYTWTYT	MEME-2	NC_000962.3	1200491	1200505	-	2.5942	8.54e-05	1	TTGACAGTCTTTTTT
TWTKCATTGYTWTYT	MEME-2	NC_000962.3	1689711	1689725	+	2.5942	8.54e-05	1	TAGTGACTGGTATTT
TWTKCATTGYTWTYT	MEME-2	NC_000962.3	1718718	1718732	-	2.5942	8.54e-05	1	ATTTCATGAGTTTTT
TWTKCATTGYTWTYT	MEME-2	NC_000962.3	1899956	1899970	+	2.5942	8.54e-05	1	AATTGATTGTTTGAT
TWTKCATTGYTWTYT	MEME-2	NC_000962.3	2014476	2014490	-	2.5942	8.54e-05	1	TTTTCAGTCTCATGT
TWTKCATTGYTWTYT	MEME-2	NC_000962.3	2055672	2055686	+	2.5942	8.54e-05	1	TAGCGATTGTTAGTT
TWTKCATTGYTWTYT	MEME-2	NC_000962.3	2287721	2287735	-	2.5942	8.54e-05	1	TTGACTTTCTTTTTT
TWTKCATTGYTWTYT	MEME-2	NC_000962.3	2516700	2516714	+	2.5942	8.54e-05	1	TTTTGTTGGTTATAT
TWTKCATTGYTWTYT	MEME-2	NC_000962.3	2617034	2617048	+	2.5942	8.54e-05	1	TATTTATTGTCATGC
TWTKCATTGYTWTYT	MEME-2	NC_000962.3	2683379	2683393	+	2.5942	8.54e-05	1	TTTTCATAATGTTGT
TWTKCATTGYTWTYT	MEME-2	NC_000962.3	3380017	3380031	+	2.5942	8.54e-05	1	TCTTCATTATCAATT
TWTKCATTGYTWTYT	MEME-2	NC_000962.3	3477558	3477572	+	2.5942	8.54e-05	1	TAACGATTGTTAGTT
TWTKCATTGYTWTYT	MEME-2	NC_000962.3	3629653	3629667	+	2.5942	8.54e-05	1	CTTTCATCCTTCTTT
TWTKCATTGYTWTYT	MEME-2	NC_000962.3	3964663	3964677	+	2.5942	8.54e-05	1	TTTTTATCGAGTTTT
TWTKCATTGYTWTYT	MEME-2	NC_000962.3	4287373	4287387	-	2.5942	8.54e-05	1	TATTGATTGTGTCGT
TWTKCATTGYTWTYT	MEME-2	NC_000962.3	4288862	4288876	-	2.5942	8.54e-05	1	TATTGATCGTTTTGC
TWTKCATTGYTWTYT	MEME-2	NC_000962.3	4300443	4300457	+	2.5942	8.54e-05	1	TTTTCATTATGTCGT
CAWMAGCGKT	MEME-3	NC_000962.3	24071	24080	-	9.9562	8.6e-05	0.597	CATCATCGGT
CAWMAGCGKT	MEME-3	NC_000962.3	50024	50033	-	9.9562	8.6e-05	0.597	CATCATCGGT
CAWMAGCGKT	MEME-3	NC_000962.3	84798	84807	+	9.9562	8.6e-05	0.597	CATCAACGGT
CAWMAGCGKT	MEME-3	NC_000962.3	128292	128301	+	9.9562	8.6e-05	0.597	CATCACCGGT
CAWMAGCGKT	MEME-3	NC_000962.3	149749	149758	+	9.9562	8.6e-05	0.597	CATCAGCAGT
CAWMAGCGKT	MEME-3	NC_000962.3	208304	208313	+	9.9562	8.6e-05	0.597	AATCAGCGGT
CAWMAGCGKT	MEME-3	NC_000962.3	246686	246695	+	9.9562	8.6e-05	0.597	CATCACCGGT
CAWMAGCGKT	MEME-3	NC_000962.3	275918	275927	+	9.9562	8.6e-05	0.597	GATCAGCGGT
CAWMAGCGKT	MEME-3	NC_000962.3	337589	337598	+	9.9562	8.6e-05	0.597	GATCAGCGGT
CAWMAGCGKT	MEME-3	NC_000962.3	357111	357120	-	9.9562	8.6e-05	0.597	CATCAGCCGT
CAWMAGCGKT	MEME-3	NC_000962.3	361237	361246	-	9.9562	8.6e-05	0.597	CATCATCGGT
CAWMAGCGKT	MEME-3	NC_000962.3	399032	399041	+	9.9562	8.6e-05	0.597	CATCAGTGGT
CAWMAGCGKT	MEME-3	NC_000962.3	456570	456579	-	9.9562	8.6e-05	0.597	TATCAGCGGT
CAWMAGCGKT	MEME-3	NC_000962.3	472577	472586	-	9.9562	8.6e-05	0.597	CATCATCGGT
CAWMAGCGKT	MEME-3	NC_000962.3	516328	516337	+	9.9562	8.6e-05	0.597	CATCATCGGT
CAWMAGCGKT	MEME-3	NC_000962.3	522335	522344	+	9.9562	8.6e-05	0.597	CATCAGTGGT
CAWMAGCGKT	MEME-3	NC_000962.3	603625	603634	-	9.9562	8.6e-05	0.597	TATCAGCGGT
CAWMAGCGKT	MEME-3	NC_000962.3	637918	637927	-	9.9562	8.6e-05	0.597	TATCAGCGGT
CAWMAGCGKT	MEME-3	NC_000962.3	677491	677500	+	9.9562	8.6e-05	0.597	CATCAGCTGT
CAWMAGCGKT	MEME-3	NC_000962.3	692782	692791	-	9.9562	8.6e-05	0.597	GATCAGCGGT
CAWMAGCGKT	MEME-3	NC_000962.3	709950	709959	-	9.9562	8.6e-05	0.597	CATCAGGGGT
CAWMAGCGKT	MEME-3	NC_000962.3	717258	717267	-	9.9562	8.6e-05	0.597	CATCATCGGT
CAWMAGCGKT	MEME-3	NC_000962.3	766438	766447	+	9.9562	8.6e-05	0.597	CATCACCGGT
CAWMAGCGKT	MEME-3	NC_000962.3	814642	814651	-	9.9562	8.6e-05	0.597	GATCAGCGGT
CAWMAGCGKT	MEME-3	NC_000962.3	821035	821044	-	9.9562	8.6e-05	0.597	TATCAGCGGT
CAWMAGCGKT	MEME-3	NC_000962.3	837119	837128	-	9.9562	8.6e-05	0.597	GATCAGCGGT
CAWMAGCGKT	MEME-3	NC_000962.3	876526	876535	-	9.9562	8.6e-05	0.597	CATCACCGGT
CAWMAGCGKT	MEME-3	NC_000962.3	889685	889694	-	9.9562	8.6e-05	0.597	CATCAGCCGT
CAWMAGCGKT	MEME-3	NC_000962.3	893294	893303	-	9.9562	8.6e-05	0.597	CATCACCGGT
CAWMAGCGKT	MEME-3	NC_000962.3	895680	895689	-	9.9562	8.6e-05	0.597	CATCAGCCGT
CAWMAGCGKT	MEME-3	NC_000962.3	932930	932939	+	9.9562	8.6e-05	0.597	CATCAGCTGT
CAWMAGCGKT	MEME-3	NC_000962.3	994807	994816	-	9.9562	8.6e-05	0.597	CATCATCGGT
CAWMAGCGKT	MEME-3	NC_000962.3	1033830	1033839	+	9.9562	8.6e-05	0.597	CATCATCGGT
CAWMAGCGKT	MEME-3	NC_000962.3	1034786	1034795	+	9.9562	8.6e-05	0.597	CATCAGGGGT
CAWMAGCGKT	MEME-3	NC_000962.3	1044562	1044571	+	9.9562	8.6e-05	0.597	CATCATCGGT
CAWMAGCGKT	MEME-3	NC_000962.3	1066481	1066490	+	9.9562	8.6e-05	0.597	CATCAGTGGT
CAWMAGCGKT	MEME-3	NC_000962.3	1069329	1069338	+	9.9562	8.6e-05	0.597	GATCAGCGGT
CAWMAGCGKT	MEME-3	NC_000962.3	1110529	1110538	-	9.9562	8.6e-05	0.597	CATCACCGGT
CAWMAGCGKT	MEME-3	NC_000962.3	1144992	1145001	-	9.9562	8.6e-05	0.597	CATCATCGGT
CAWMAGCGKT	MEME-3	NC_000962.3	1162398	1162407	+	9.9562	8.6e-05	0.597	CATCATCGGT
CAWMAGCGKT	MEME-3	NC_000962.3	1194876	1194885	-	9.9562	8.6e-05	0.597	CATCACCGGT
CAWMAGCGKT	MEME-3	NC_000962.3	1219905	1219914	-	9.9562	8.6e-05	0.597	CATCATCGGT
CAWMAGCGKT	MEME-3	NC_000962.3	1256192	1256201	-	9.9562	8.6e-05	0.597	CATCAACGGT
CAWMAGCGKT	MEME-3	NC_000962.3	1262602	1262611	+	9.9562	8.6e-05	0.597	CATCACCGGT
CAWMAGCGKT	MEME-3	NC_000962.3	1277029	1277038	-	9.9562	8.6e-05	0.597	TATCAGCGGT
CAWMAGCGKT	MEME-3	NC_000962.3	1306277	1306286	-	9.9562	8.6e-05	0.597	CATCATCGGT
CAWMAGCGKT	MEME-3	NC_000962.3	1306453	1306462	-	9.9562	8.6e-05	0.597	CATCAGCTGT
CAWMAGCGKT	MEME-3	NC_000962.3	1306751	1306760	-	9.9562	8.6e-05	0.597	CATCACCGGT
CAWMAGCGKT	MEME-3	NC_000962.3	1308047	1308056	-	9.9562	8.6e-05	0.597	CATCACCGGT
CAWMAGCGKT	MEME-3	NC_000962.3	1309483	1309492	-	9.9562	8.6e-05	0.597	GATCAGCGGT
CAWMAGCGKT	MEME-3	NC_000962.3	1326928	1326937	+	9.9562	8.6e-05	0.597	CATCAGCTGT
CAWMAGCGKT	MEME-3	NC_000962.3	1348333	1348342	+	9.9562	8.6e-05	0.597	CATCACCGGT
CAWMAGCGKT	MEME-3	NC_000962.3	1349992	1350001	+	9.9562	8.6e-05	0.597	CATCATCGGT
CAWMAGCGKT	MEME-3	NC_000962.3	1357427	1357436	-	9.9562	8.6e-05	0.597	CATCAGCAGT
CAWMAGCGKT	MEME-3	NC_000962.3	1374595	1374604	+	9.9562	8.6e-05	0.597	AATCAGCGGT
CAWMAGCGKT	MEME-3	NC_000962.3	1386452	1386461	-	9.9562	8.6e-05	0.597	CATCAGCAGT
CAWMAGCGKT	MEME-3	NC_000962.3	1413736	1413745	-	9.9562	8.6e-05	0.597	CATCACCGGT
CAWMAGCGKT	MEME-3	NC_000962.3	1450623	1450632	-	9.9562	8.6e-05	0.597	CATCAACGGT
CAWMAGCGKT	MEME-3	NC_000962.3	1470965	1470974	+	9.9562	8.6e-05	0.597	CATCACCGGT
CAWMAGCGKT	MEME-3	NC_000962.3	1475215	1475224	+	9.9562	8.6e-05	0.597	AATCAGCGGT
CAWMAGCGKT	MEME-3	NC_000962.3	1491765	1491774	-	9.9562	8.6e-05	0.597	CATCAGGGGT
CAWMAGCGKT	MEME-3	NC_000962.3	1518553	1518562	-	9.9562	8.6e-05	0.597	CATCAGCCGT
CAWMAGCGKT	MEME-3	NC_000962.3	1542633	1542642	+	9.9562	8.6e-05	0.597	CATCAGCCGT
CAWMAGCGKT	MEME-3	NC_000962.3	1561899	1561908	+	9.9562	8.6e-05	0.597	CATCAGAGGT
CAWMAGCGKT	MEME-3	NC_000962.3	1584528	1584537	-	9.9562	8.6e-05	0.597	TATCAGCGGT
CAWMAGCGKT	MEME-3	NC_000962.3	1592297	1592306	-	9.9562	8.6e-05	0.597	GATCAGCGGT
CAWMAGCGKT	MEME-3	NC_000962.3	1599966	1599975	-	9.9562	8.6e-05	0.597	CATCAGCCGT
CAWMAGCGKT	MEME-3	NC_000962.3	1630481	1630490	+	9.9562	8.6e-05	0.597	CATCATCGGT
CAWMAGCGKT	MEME-3	NC_000962.3	1638926	1638935	+	9.9562	8.6e-05	0.597	CATCAGCCGT
CAWMAGCGKT	MEME-3	NC_000962.3	1663395	1663404	-	9.9562	8.6e-05	0.597	CATCACCGGT
CAWMAGCGKT	MEME-3	NC_000962.3	1683089	1683098	-	9.9562	8.6e-05	0.597	CATCATCGGT
CAWMAGCGKT	MEME-3	NC_000962.3	1723097	1723106	-	9.9562	8.6e-05	0.597	CATCACCGGT
CAWMAGCGKT	MEME-3	NC_000962.3	1782756	1782765	+	9.9562	8.6e-05	0.597	CATCACCGGT
CAWMAGCGKT	MEME-3	NC_000962.3	1815988	1815997	-	9.9562	8.6e-05	0.597	CATCACCGGT
CAWMAGCGKT	MEME-3	NC_000962.3	1824964	1824973	-	9.9562	8.6e-05	0.597	GATCAGCGGT
CAWMAGCGKT	MEME-3	NC_000962.3	1861591	1861600	-	9.9562	8.6e-05	0.597	CATCATCGGT
CAWMAGCGKT	MEME-3	NC_000962.3	1910248	1910257	+	9.9562	8.6e-05	0.597	CATCACCGGT
CAWMAGCGKT	MEME-3	NC_000962.3	1911154	1911163	-	9.9562	8.6e-05	0.597	CATCATCGGT
CAWMAGCGKT	MEME-3	NC_000962.3	1984804	1984813	+	9.9562	8.6e-05	0.597	GATCAGCGGT
CAWMAGCGKT	MEME-3	NC_000962.3	1988384	1988393	+	9.9562	8.6e-05	0.597	CATCAGCCGT
CAWMAGCGKT	MEME-3	NC_000962.3	1995052	1995061	+	9.9562	8.6e-05	0.597	CATCAGCTGT
CAWMAGCGKT	MEME-3	NC_000962.3	1996765	1996774	-	9.9562	8.6e-05	0.597	CATCAGCCGT
CAWMAGCGKT	MEME-3	NC_000962.3	2006511	2006520	+	9.9562	8.6e-05	0.597	TATCAGCGGT
CAWMAGCGKT	MEME-3	NC_000962.3	2011189	2011198	-	9.9562	8.6e-05	0.597	CATCATCGGT
CAWMAGCGKT	MEME-3	NC_000962.3	2033013	2033022	+	9.9562	8.6e-05	0.597	CATCATCGGT
CAWMAGCGKT	MEME-3	NC_000962.3	2050919	2050928	-	9.9562	8.6e-05	0.597	CATCACCGGT
CAWMAGCGKT	MEME-3	NC_000962.3	2106036	2106045	-	9.9562	8.6e-05	0.597	GATCAGCGGT
CAWMAGCGKT	MEME-3	NC_000962.3	2175083	2175092	+	9.9562	8.6e-05	0.597	CATCAGCAGT
CAWMAGCGKT	MEME-3	NC_000962.3	2178574	2178583	+	9.9562	8.6e-05	0.597	CATCACCGGT
CAWMAGCGKT	MEME-3	NC_000962.3	2196615	2196624	+	9.9562	8.6e-05	0.597	TATCAGCGGT
CAWMAGCGKT	MEME-3	NC_000962.3	2202881	2202890	-	9.9562	8.6e-05	0.597	AATCAGCGGT
CAWMAGCGKT	MEME-3	NC_000962.3	2207434	2207443	-	9.9562	8.6e-05	0.597	CATCACCGGT
CAWMAGCGKT	MEME-3	NC_000962.3	2285901	2285910	+	9.9562	8.6e-05	0.597	GATCAGCGGT
CAWMAGCGKT	MEME-3	NC_000962.3	2311995	2312004	+	9.9562	8.6e-05	0.597	CATCACCGGT
CAWMAGCGKT	MEME-3	NC_000962.3	2333805	2333814	+	9.9562	8.6e-05	0.597	CATCACCGGT
CAWMAGCGKT	MEME-3	NC_000962.3	2337318	2337327	-	9.9562	8.6e-05	0.597	GATCAGCGGT
CAWMAGCGKT	MEME-3	NC_000962.3	2343325	2343334	-	9.9562	8.6e-05	0.597	GATCAGCGGT
CAWMAGCGKT	MEME-3	NC_000962.3	2366078	2366087	-	9.9562	8.6e-05	0.597	CATCAGCCGT
CAWMAGCGKT	MEME-3	NC_000962.3	2393896	2393905	+	9.9562	8.6e-05	0.597	CATCACCGGT
CAWMAGCGKT	MEME-3	NC_000962.3	2430798	2430807	+	9.9562	8.6e-05	0.597	CATCAGCCGT
CAWMAGCGKT	MEME-3	NC_000962.3	2431697	2431706	-	9.9562	8.6e-05	0.597	CATCACCGGT
CAWMAGCGKT	MEME-3	NC_000962.3	2431814	2431823	-	9.9562	8.6e-05	0.597	CATCATCGGT
CAWMAGCGKT	MEME-3	NC_000962.3	2493957	2493966	+	9.9562	8.6e-05	0.597	GATCAGCGGT
CAWMAGCGKT	MEME-3	NC_000962.3	2495742	2495751	+	9.9562	8.6e-05	0.597	CATCACCGGT
CAWMAGCGKT	MEME-3	NC_000962.3	2547726	2547735	-	9.9562	8.6e-05	0.597	CATCAGGGGT
CAWMAGCGKT	MEME-3	NC_000962.3	2550678	2550687	-	9.9562	8.6e-05	0.597	CATCAGCCGT
CAWMAGCGKT	MEME-3	NC_000962.3	2555538	2555547	+	9.9562	8.6e-05	0.597	CATCAGCTGT
CAWMAGCGKT	MEME-3	NC_000962.3	2556912	2556921	+	9.9562	8.6e-05	0.597	CATCACCGGT
CAWMAGCGKT	MEME-3	NC_000962.3	2636241	2636250	-	9.9562	8.6e-05	0.597	CATCAGCCGT
CAWMAGCGKT	MEME-3	NC_000962.3	2638470	2638479	+	9.9562	8.6e-05	0.597	CATCACCGGT
CAWMAGCGKT	MEME-3	NC_000962.3	2667044	2667053	-	9.9562	8.6e-05	0.597	CATCACCGGT
CAWMAGCGKT	MEME-3	NC_000962.3	2667329	2667338	+	9.9562	8.6e-05	0.597	CATCACCGGT
CAWMAGCGKT	MEME-3	NC_000962.3	2667333	2667342	-	9.9562	8.6e-05	0.597	CATCACCGGT
CAWMAGCGKT	MEME-3	NC_000962.3	2675258	2675267	-	9.9562	8.6e-05	0.597	GATCAGCGGT
CAWMAGCGKT	MEME-3	NC_000962.3	2703129	2703138	-	9.9562	8.6e-05	0.597	CATCAGCAGT
CAWMAGCGKT	MEME-3	NC_000962.3	2762764	2762773	-	9.9562	8.6e-05	0.597	CATCAGCCGT
CAWMAGCGKT	MEME-3	NC_000962.3	2785296	2785305	+	9.9562	8.6e-05	0.597	CATCAGCCGT
CAWMAGCGKT	MEME-3	NC_000962.3	2791409	2791418	-	9.9562	8.6e-05	0.597	CATCATCGGT
CAWMAGCGKT	MEME-3	NC_000962.3	2858021	2858030	+	9.9562	8.6e-05	0.597	CATCACCGGT
CAWMAGCGKT	MEME-3	NC_000962.3	2862190	2862199	-	9.9562	8.6e-05	0.597	CATCAGCCGT
CAWMAGCGKT	MEME-3	NC_000962.3	2865877	2865886	-	9.9562	8.6e-05	0.597	CATCAACGGT
CAWMAGCGKT	MEME-3	NC_000962.3	2868567	2868576	-	9.9562	8.6e-05	0.597	TATCAGCGGT
CAWMAGCGKT	MEME-3	NC_000962.3	2902596	2902605	+	9.9562	8.6e-05	0.597	GATCAGCGGT
CAWMAGCGKT	MEME-3	NC_000962.3	2914717	2914726	-	9.9562	8.6e-05	0.597	GATCAGCGGT
CAWMAGCGKT	MEME-3	NC_000962.3	2972773	2972782	-	9.9562	8.6e-05	0.597	CATCAGCCGT
CAWMAGCGKT	MEME-3	NC_000962.3	2975117	2975126	+	9.9562	8.6e-05	0.597	CATCACCGGT
CAWMAGCGKT	MEME-3	NC_000962.3	2975926	2975935	+	9.9562	8.6e-05	0.597	CATCACCGGT
CAWMAGCGKT	MEME-3	NC_000962.3	3004350	3004359	+	9.9562	8.6e-05	0.597	CATCAGCAGT
CAWMAGCGKT	MEME-3	NC_000962.3	3014920	3014929	+	9.9562	8.6e-05	0.597	CATCATCGGT
CAWMAGCGKT	MEME-3	NC_000962.3	3030680	3030689	-	9.9562	8.6e-05	0.597	GATCAGCGGT
CAWMAGCGKT	MEME-3	NC_000962.3	3070503	3070512	+	9.9562	8.6e-05	0.597	CATCAACGGT
CAWMAGCGKT	MEME-3	NC_000962.3	3078004	3078013	+	9.9562	8.6e-05	0.597	CATCAGGGGT
CAWMAGCGKT	MEME-3	NC_000962.3	3080830	3080839	-	9.9562	8.6e-05	0.597	CATCAGTGGT
CAWMAGCGKT	MEME-3	NC_000962.3	3095825	3095834	-	9.9562	8.6e-05	0.597	CATCACCGGT
CAWMAGCGKT	MEME-3	NC_000962.3	3110867	3110876	+	9.9562	8.6e-05	0.597	CATCAGCAGT
CAWMAGCGKT	MEME-3	NC_000962.3	3121205	3121214	+	9.9562	8.6e-05	0.597	CATCAGCCGT
CAWMAGCGKT	MEME-3	NC_000962.3	3245456	3245465	+	9.9562	8.6e-05	0.597	CATCAGTGGT
CAWMAGCGKT	MEME-3	NC_000962.3	3247682	3247691	-	9.9562	8.6e-05	0.597	CATCAGCCGT
CAWMAGCGKT	MEME-3	NC_000962.3	3283913	3283922	-	9.9562	8.6e-05	0.597	CATCAGCTGT
CAWMAGCGKT	MEME-3	NC_000962.3	3284702	3284711	+	9.9562	8.6e-05	0.597	CATCATCGGT
CAWMAGCGKT	MEME-3	NC_000962.3	3289614	3289623	+	9.9562	8.6e-05	0.597	CATCACCGGT
CAWMAGCGKT	MEME-3	NC_000962.3	3302925	3302934	-	9.9562	8.6e-05	0.597	GATCAGCGGT
CAWMAGCGKT	MEME-3	NC_000962.3	3350740	3350749	-	9.9562	8.6e-05	0.597	CATCACCGGT
CAWMAGCGKT	MEME-3	NC_000962.3	3351352	3351361	+	9.9562	8.6e-05	0.597	CATCAACGGT
CAWMAGCGKT	MEME-3	NC_000962.3	3355020	3355029	-	9.9562	8.6e-05	0.597	CATCAACGGT
CAWMAGCGKT	MEME-3	NC_000962.3	3364990	3364999	+	9.9562	8.6e-05	0.597	CATCACCGGT
CAWMAGCGKT	MEME-3	NC_000962.3	3456585	3456594	+	9.9562	8.6e-05	0.597	CATCACCGGT
CAWMAGCGKT	MEME-3	NC_000962.3	3477903	3477912	-	9.9562	8.6e-05	0.597	GATCAGCGGT
CAWMAGCGKT	MEME-3	NC_000962.3	3551894	3551903	-	9.9562	8.6e-05	0.597	CATCAGCCGT
CAWMAGCGKT	MEME-3	NC_000962.3	3553377	3553386	-	9.9562	8.6e-05	0.597	CATCAGCCGT
CAWMAGCGKT	MEME-3	NC_000962.3	3564336	3564345	-	9.9562	8.6e-05	0.597	GATCAGCGGT
CAWMAGCGKT	MEME-3	NC_000962.3	3570782	3570791	+	9.9562	8.6e-05	0.597	CATCATCGGT
CAWMAGCGKT	MEME-3	NC_000962.3	3603059	3603068	+	9.9562	8.6e-05	0.597	GATCAGCGGT
CAWMAGCGKT	MEME-3	NC_000962.3	3620965	3620974	-	9.9562	8.6e-05	0.597	AATCAGCGGT
CAWMAGCGKT	MEME-3	NC_000962.3	3647774	3647783	-	9.9562	8.6e-05	0.597	CATCACCGGT
CAWMAGCGKT	MEME-3	NC_000962.3	3655590	3655599	+	9.9562	8.6e-05	0.597	CATCACCGGT
CAWMAGCGKT	MEME-3	NC_000962.3	3657385	3657394	-	9.9562	8.6e-05	0.597	CATCATCGGT
CAWMAGCGKT	MEME-3	NC_000962.3	3664093	3664102	+	9.9562	8.6e-05	0.597	TATCAGCGGT
CAWMAGCGKT	MEME-3	NC_000962.3	3669952	3669961	+	9.9562	8.6e-05	0.597	CATCAACGGT
CAWMAGCGKT	MEME-3	NC_000962.3	3697392	3697401	+	9.9562	8.6e-05	0.597	CATCATCGGT
CAWMAGCGKT	MEME-3	NC_000962.3	3711046	3711055	-	9.9562	8.6e-05	0.597	CATCAGCCGT
CAWMAGCGKT	MEME-3	NC_000962.3	3759476	3759485	-	9.9562	8.6e-05	0.597	CATCAGCTGT
CAWMAGCGKT	MEME-3	NC_000962.3	3785963	3785972	-	9.9562	8.6e-05	0.597	CATCAGCCGT
CAWMAGCGKT	MEME-3	NC_000962.3	3795739	3795748	+	9.9562	8.6e-05	0.597	CATCAGCCGT
CAWMAGCGKT	MEME-3	NC_000962.3	3801164	3801173	-	9.9562	8.6e-05	0.597	GATCAGCGGT
CAWMAGCGKT	MEME-3	NC_000962.3	3806688	3806697	+	9.9562	8.6e-05	0.597	CATCACCGGT
CAWMAGCGKT	MEME-3	NC_000962.3	3844044	3844053	+	9.9562	8.6e-05	0.597	GATCAGCGGT
CAWMAGCGKT	MEME-3	NC_000962.3	3864660	3864669	+	9.9562	8.6e-05	0.597	CATCAGCAGT
CAWMAGCGKT	MEME-3	NC_000962.3	3885707	3885716	-	9.9562	8.6e-05	0.597	CATCATCGGT
CAWMAGCGKT	MEME-3	NC_000962.3	3891443	3891452	-	9.9562	8.6e-05	0.597	CATCAGCCGT
CAWMAGCGKT	MEME-3	NC_000962.3	3898357	3898366	-	9.9562	8.6e-05	0.597	CATCAGTGGT
CAWMAGCGKT	MEME-3	NC_000962.3	3926515	3926524	-	9.9562	8.6e-05	0.597	CATCATCGGT
CAWMAGCGKT	MEME-3	NC_000962.3	3951636	3951645	+	9.9562	8.6e-05	0.597	CATCACCGGT
CAWMAGCGKT	MEME-3	NC_000962.3	3952846	3952855	-	9.9562	8.6e-05	0.597	GATCAGCGGT
CAWMAGCGKT	MEME-3	NC_000962.3	4010495	4010504	-	9.9562	8.6e-05	0.597	GATCAGCGGT
CAWMAGCGKT	MEME-3	NC_000962.3	4044063	4044072	-	9.9562	8.6e-05	0.597	CATCAACGGT
CAWMAGCGKT	MEME-3	NC_000962.3	4051705	4051714	-	9.9562	8.6e-05	0.597	CATCACCGGT
CAWMAGCGKT	MEME-3	NC_000962.3	4095348	4095357	-	9.9562	8.6e-05	0.597	CATCATCGGT
CAWMAGCGKT	MEME-3	NC_000962.3	4103216	4103225	-	9.9562	8.6e-05	0.597	CATCAGCTGT
CAWMAGCGKT	MEME-3	NC_000962.3	4179571	4179580	-	9.9562	8.6e-05	0.597	CATCAGCTGT
CAWMAGCGKT	MEME-3	NC_000962.3	4185033	4185042	+	9.9562	8.6e-05	0.597	GATCAGCGGT
CAWMAGCGKT	MEME-3	NC_000962.3	4194278	4194287	+	9.9562	8.6e-05	0.597	CATCATCGGT
CAWMAGCGKT	MEME-3	NC_000962.3	4222665	4222674	-	9.9562	8.6e-05	0.597	TATCAGCGGT
CAWMAGCGKT	MEME-3	NC_000962.3	4230849	4230858	+	9.9562	8.6e-05	0.597	CATCAACGGT
CAWMAGCGKT	MEME-3	NC_000962.3	4240078	4240087	-	9.9562	8.6e-05	0.597	AATCAGCGGT
CAWMAGCGKT	MEME-3	NC_000962.3	4241149	4241158	+	9.9562	8.6e-05	0.597	CATCATCGGT
CAWMAGCGKT	MEME-3	NC_000962.3	4242928	4242937	-	9.9562	8.6e-05	0.597	CATCACCGGT
CAWMAGCGKT	MEME-3	NC_000962.3	4280423	4280432	-	9.9562	8.6e-05	0.597	CATCAGCCGT
CAWMAGCGKT	MEME-3	NC_000962.3	4330624	4330633	-	9.9562	8.6e-05	0.597	CATCATCGGT
CAWMAGCGKT	MEME-3	NC_000962.3	4334527	4334536	-	9.9562	8.6e-05	0.597	CATCAGCTGT
CAWMAGCGKT	MEME-3	NC_000962.3	4347561	4347570	-	9.9562	8.6e-05	0.597	CATCAGCCGT
CAWMAGCGKT	MEME-3	NC_000962.3	4351113	4351122	-	9.9562	8.6e-05	0.597	CATCAGCCGT
CAWMAGCGKT	MEME-3	NC_000962.3	4401928	4401937	+	9.9562	8.6e-05	0.597	CATCACCGGT
CAWMAGCGKT	MEME-3	NC_000962.3	4405492	4405501	+	9.9562	8.6e-05	0.597	CATCAGTGGT
TWTKCATTGYTWTYT	MEME-2	NC_000962.3	322021	322035	+	2.53623	8.87e-05	1	TGCGCATTCCTGTTT
TWTKCATTGYTWTYT	MEME-2	NC_000962.3	377843	377857	+	2.53623	8.87e-05	1	TGTGCATTTCGCTTT
TWTKCATTGYTWTYT	MEME-2	NC_000962.3	950588	950602	-	2.53623	8.87e-05	1	TATATATTGCTGTCC
TWTKCATTGYTWTYT	MEME-2	NC_000962.3	1007638	1007652	-	2.53623	8.87e-05	1	TATGAGTTGCTCTAT
TWTKCATTGYTWTYT	MEME-2	NC_000962.3	1190404	1190418	-	2.53623	8.87e-05	1	TTTGTGTTGGTGTCT
TWTKCATTGYTWTYT	MEME-2	NC_000962.3	1345822	1345836	-	2.53623	8.87e-05	1	TGTGGATTGCGTTGT
TWTKCATTGYTWTYT	MEME-2	NC_000962.3	1547555	1547569	-	2.53623	8.87e-05	1	TGTGCAATAGTTTCT
TWTKCATTGYTWTYT	MEME-2	NC_000962.3	1641758	1641772	-	2.53623	8.87e-05	1	TATGCATTCGTCGCT
TWTKCATTGYTWTYT	MEME-2	NC_000962.3	2152760	2152774	+	2.53623	8.87e-05	1	TATCAATTGCCGTCT
TWTKCATTGYTWTYT	MEME-2	NC_000962.3	2574245	2574259	+	2.53623	8.87e-05	1	TGCGGATTGTTGTCT
TWTKCATTGYTWTYT	MEME-2	NC_000962.3	3650138	3650152	-	2.53623	8.87e-05	1	TATGTATTGCTCTGA
TWTKCATTGYTWTYT	MEME-2	NC_000962.3	3880647	3880661	+	2.53623	8.87e-05	1	TGGCCATTACTTTCT
ACATCAWA	MEME-1	NC_000962.3	35113	35120	+	9.76812	9.15e-05	1	ACATTATA
ACATCAWA	MEME-1	NC_000962.3	70744	70751	-	9.76812	9.15e-05	1	ACATGATA
ACATCAWA	MEME-1	NC_000962.3	72203	72210	+	9.76812	9.15e-05	1	AAATCAAA
ACATCAWA	MEME-1	NC_000962.3	155957	155964	-	9.76812	9.15e-05	1	ATATCAAA
ACATCAWA	MEME-1	NC_000962.3	175931	175938	-	9.76812	9.15e-05	1	ACATGAAA
ACATCAWA	MEME-1	NC_000962.3	202488	202495	-	9.76812	9.15e-05	1	ATATCAAA
ACATCAWA	MEME-1	NC_000962.3	277746	277753	+	9.76812	9.15e-05	1	ATATCAAA
ACATCAWA	MEME-1	NC_000962.3	299730	299737	-	9.76812	9.15e-05	1	AGATCAAA
ACATCAWA	MEME-1	NC_000962.3	308108	308115	-	9.76812	9.15e-05	1	AGATCAAA
ACATCAWA	MEME-1	NC_000962.3	311306	311313	+	9.76812	9.15e-05	1	ACATGATA
ACATCAWA	MEME-1	NC_000962.3	316739	316746	-	9.76812	9.15e-05	1	ACATTAAA
ACATCAWA	MEME-1	NC_000962.3	325012	325019	+	9.76812	9.15e-05	1	AGATCAAA
ACATCAWA	MEME-1	NC_000962.3	326851	326858	-	9.76812	9.15e-05	1	ACATGAAA
ACATCAWA	MEME-1	NC_000962.3	330731	330738	-	9.76812	9.15e-05	1	ACATGAAA
ACATCAWA	MEME-1	NC_000962.3	347550	347557	+	9.76812	9.15e-05	1	AGATCAAA
ACATCAWA	MEME-1	NC_000962.3	385614	385621	-	9.76812	9.15e-05	1	ACATTAAA
ACATCAWA	MEME-1	NC_000962.3	391300	391307	-	9.76812	9.15e-05	1	ACATAATA
ACATCAWA	MEME-1	NC_000962.3	393512	393519	-	9.76812	9.15e-05	1	AGATCATA
ACATCAWA	MEME-1	NC_000962.3	421720	421727	+	9.76812	9.15e-05	1	AAATCAAA
ACATCAWA	MEME-1	NC_000962.3	422525	422532	+	9.76812	9.15e-05	1	AGATCAAA
ACATCAWA	MEME-1	NC_000962.3	423677	423684	-	9.76812	9.15e-05	1	AGATCAAA
ACATCAWA	MEME-1	NC_000962.3	486241	486248	-	9.76812	9.15e-05	1	ATATCAAA
ACATCAWA	MEME-1	NC_000962.3	534495	534502	-	9.76812	9.15e-05	1	ATATCAAA
ACATCAWA	MEME-1	NC_000962.3	540849	540856	+	9.76812	9.15e-05	1	ACATAATA
ACATCAWA	MEME-1	NC_000962.3	545468	545475	-	9.76812	9.15e-05	1	ACATGAAA
ACATCAWA	MEME-1	NC_000962.3	548396	548403	-	9.76812	9.15e-05	1	AGATCAAA
ACATCAWA	MEME-1	NC_000962.3	583503	583510	+	9.76812	9.15e-05	1	ACATGAAA
ACATCAWA	MEME-1	NC_000962.3	598408	598415	-	9.76812	9.15e-05	1	AGATCATA
ACATCAWA	MEME-1	NC_000962.3	636708	636715	-	9.76812	9.15e-05	1	AGATCAAA
ACATCAWA	MEME-1	NC_000962.3	655979	655986	-	9.76812	9.15e-05	1	ATATCAAA
ACATCAWA	MEME-1	NC_000962.3	682830	682837	-	9.76812	9.15e-05	1	AGATCAAA
ACATCAWA	MEME-1	NC_000962.3	734525	734532	+	9.76812	9.15e-05	1	AGATCAAA
ACATCAWA	MEME-1	NC_000962.3	735510	735517	+	9.76812	9.15e-05	1	ATATCAAA
ACATCAWA	MEME-1	NC_000962.3	737340	737347	-	9.76812	9.15e-05	1	ACATGAAA
ACATCAWA	MEME-1	NC_000962.3	738369	738376	-	9.76812	9.15e-05	1	ACATGAAA
ACATCAWA	MEME-1	NC_000962.3	753393	753400	+	9.76812	9.15e-05	1	AGATCAAA
ACATCAWA	MEME-1	NC_000962.3	803658	803665	+	9.76812	9.15e-05	1	ACATTAAA
ACATCAWA	MEME-1	NC_000962.3	818795	818802	-	9.76812	9.15e-05	1	AGATCAAA
ACATCAWA	MEME-1	NC_000962.3	856823	856830	-	9.76812	9.15e-05	1	AGATCAAA
ACATCAWA	MEME-1	NC_000962.3	874441	874448	+	9.76812	9.15e-05	1	AAATCAAA
ACATCAWA	MEME-1	NC_000962.3	936454	936461	+	9.76812	9.15e-05	1	AGATCAAA
ACATCAWA	MEME-1	NC_000962.3	941540	941547	-	9.76812	9.15e-05	1	ATATCAAA
ACATCAWA	MEME-1	NC_000962.3	947632	947639	+	9.76812	9.15e-05	1	AAATCAAA
ACATCAWA	MEME-1	NC_000962.3	1003365	1003372	+	9.76812	9.15e-05	1	ACATGAAA
ACATCAWA	MEME-1	NC_000962.3	1045457	1045464	-	9.76812	9.15e-05	1	AGATCAAA
ACATCAWA	MEME-1	NC_000962.3	1102495	1102502	+	9.76812	9.15e-05	1	AAATCAAA
ACATCAWA	MEME-1	NC_000962.3	1103385	1103392	-	9.76812	9.15e-05	1	ACATTAAA
ACATCAWA	MEME-1	NC_000962.3	1165714	1165721	+	9.76812	9.15e-05	1	AAATCAAA
ACATCAWA	MEME-1	NC_000962.3	1178981	1178988	-	9.76812	9.15e-05	1	AAATCAAA
ACATCAWA	MEME-1	NC_000962.3	1193873	1193880	+	9.76812	9.15e-05	1	ACATGAAA
ACATCAWA	MEME-1	NC_000962.3	1211042	1211049	-	9.76812	9.15e-05	1	ACATGAAA
ACATCAWA	MEME-1	NC_000962.3	1325720	1325727	+	9.76812	9.15e-05	1	ACATTAAA
ACATCAWA	MEME-1	NC_000962.3	1326541	1326548	-	9.76812	9.15e-05	1	ACATGATA
ACATCAWA	MEME-1	NC_000962.3	1345543	1345550	+	9.76812	9.15e-05	1	ACATGAAA
ACATCAWA	MEME-1	NC_000962.3	1376927	1376934	+	9.76812	9.15e-05	1	ACATGAAA
ACATCAWA	MEME-1	NC_000962.3	1468769	1468776	+	9.76812	9.15e-05	1	ACATGAAA
ACATCAWA	MEME-1	NC_000962.3	1482746	1482753	-	9.76812	9.15e-05	1	AAATCATA
ACATCAWA	MEME-1	NC_000962.3	1512257	1512264	+	9.76812	9.15e-05	1	AAATCAAA
ACATCAWA	MEME-1	NC_000962.3	1517479	1517486	-	9.76812	9.15e-05	1	ATATCATA
ACATCAWA	MEME-1	NC_000962.3	1523406	1523413	-	9.76812	9.15e-05	1	ATATCAAA
ACATCAWA	MEME-1	NC_000962.3	1547055	1547062	+	9.76812	9.15e-05	1	ACATTAAA
ACATCAWA	MEME-1	NC_000962.3	1574773	1574780	+	9.76812	9.15e-05	1	ATATCATA
ACATCAWA	MEME-1	NC_000962.3	1635434	1635441	-	9.76812	9.15e-05	1	ACATAAAA
ACATCAWA	MEME-1	NC_000962.3	1652210	1652217	+	9.76812	9.15e-05	1	ACATAAAA
ACATCAWA	MEME-1	NC_000962.3	1676952	1676959	-	9.76812	9.15e-05	1	AGATCAAA
ACATCAWA	MEME-1	NC_000962.3	1692312	1692319	-	9.76812	9.15e-05	1	ACATAATA
ACATCAWA	MEME-1	NC_000962.3	1692749	1692756	+	9.76812	9.15e-05	1	ACATGAAA
ACATCAWA	MEME-1	NC_000962.3	1696031	1696038	+	9.76812	9.15e-05	1	AGATCAAA
ACATCAWA	MEME-1	NC_000962.3	1719771	1719778	+	9.76812	9.15e-05	1	AGATCAAA
ACATCAWA	MEME-1	NC_000962.3	1735933	1735940	-	9.76812	9.15e-05	1	AAATCAAA
ACATCAWA	MEME-1	NC_000962.3	1763851	1763858	-	9.76812	9.15e-05	1	AGATCATA
ACATCAWA	MEME-1	NC_000962.3	1778340	1778347	-	9.76812	9.15e-05	1	ACATGAAA
ACATCAWA	MEME-1	NC_000962.3	1822273	1822280	+	9.76812	9.15e-05	1	AGATCATA
ACATCAWA	MEME-1	NC_000962.3	1858579	1858586	-	9.76812	9.15e-05	1	AAATCATA
ACATCAWA	MEME-1	NC_000962.3	1890794	1890801	-	9.76812	9.15e-05	1	AGATCAAA
ACATCAWA	MEME-1	NC_000962.3	1912033	1912040	+	9.76812	9.15e-05	1	ACATGAAA
ACATCAWA	MEME-1	NC_000962.3	1915201	1915208	-	9.76812	9.15e-05	1	ACATGAAA
ACATCAWA	MEME-1	NC_000962.3	1939174	1939181	-	9.76812	9.15e-05	1	ACATGAAA
ACATCAWA	MEME-1	NC_000962.3	1958663	1958670	-	9.76812	9.15e-05	1	AGATCAAA
ACATCAWA	MEME-1	NC_000962.3	1984918	1984925	-	9.76812	9.15e-05	1	AAATCAAA
ACATCAWA	MEME-1	NC_000962.3	2123168	2123175	-	9.76812	9.15e-05	1	ATATCAAA
ACATCAWA	MEME-1	NC_000962.3	2169027	2169034	+	9.76812	9.15e-05	1	AAATCAAA
ACATCAWA	MEME-1	NC_000962.3	2169105	2169112	+	9.76812	9.15e-05	1	AAATCAAA
ACATCAWA	MEME-1	NC_000962.3	2226084	2226091	-	9.76812	9.15e-05	1	ATATCAAA
ACATCAWA	MEME-1	NC_000962.3	2237985	2237992	+	9.76812	9.15e-05	1	AGATCAAA
ACATCAWA	MEME-1	NC_000962.3	2267200	2267207	-	9.76812	9.15e-05	1	AGATCAAA
ACATCAWA	MEME-1	NC_000962.3	2286231	2286238	-	9.76812	9.15e-05	1	AAATCAAA
ACATCAWA	MEME-1	NC_000962.3	2355572	2355579	+	9.76812	9.15e-05	1	AGATCAAA
ACATCAWA	MEME-1	NC_000962.3	2389387	2389394	-	9.76812	9.15e-05	1	ACATAAAA
ACATCAWA	MEME-1	NC_000962.3	2402090	2402097	+	9.76812	9.15e-05	1	AGATCAAA
ACATCAWA	MEME-1	NC_000962.3	2448342	2448349	-	9.76812	9.15e-05	1	AAATCAAA
ACATCAWA	MEME-1	NC_000962.3	2473328	2473335	+	9.76812	9.15e-05	1	ACATGAAA
ACATCAWA	MEME-1	NC_000962.3	2569080	2569087	+	9.76812	9.15e-05	1	ACATGAAA
ACATCAWA	MEME-1	NC_000962.3	2616350	2616357	+	9.76812	9.15e-05	1	AGATCAAA
ACATCAWA	MEME-1	NC_000962.3	2616663	2616670	+	9.76812	9.15e-05	1	AGATCAAA
ACATCAWA	MEME-1	NC_000962.3	2621223	2621230	-	9.76812	9.15e-05	1	AGATCAAA
ACATCAWA	MEME-1	NC_000962.3	2799376	2799383	+	9.76812	9.15e-05	1	AGATCAAA
ACATCAWA	MEME-1	NC_000962.3	2806184	2806191	+	9.76812	9.15e-05	1	AGATCAAA
ACATCAWA	MEME-1	NC_000962.3	2807508	2807515	-	9.76812	9.15e-05	1	ACATGAAA
ACATCAWA	MEME-1	NC_000962.3	2824062	2824069	+	9.76812	9.15e-05	1	ACATGAAA
ACATCAWA	MEME-1	NC_000962.3	2828006	2828013	-	9.76812	9.15e-05	1	AGATCATA
ACATCAWA	MEME-1	NC_000962.3	2865609	2865616	-	9.76812	9.15e-05	1	AGATCAAA
ACATCAWA	MEME-1	NC_000962.3	2867003	2867010	+	9.76812	9.15e-05	1	AAATCAAA
ACATCAWA	MEME-1	NC_000962.3	2867659	2867666	+	9.76812	9.15e-05	1	AAATCAAA
ACATCAWA	MEME-1	NC_000962.3	2870632	2870639	+	9.76812	9.15e-05	1	ACATGAAA
ACATCAWA	MEME-1	NC_000962.3	2872459	2872466	-	9.76812	9.15e-05	1	ACATGAAA
ACATCAWA	MEME-1	NC_000962.3	2881672	2881679	+	9.76812	9.15e-05	1	AGATCAAA
ACATCAWA	MEME-1	NC_000962.3	2965866	2965873	+	9.76812	9.15e-05	1	ATATCAAA
ACATCAWA	MEME-1	NC_000962.3	2965903	2965910	-	9.76812	9.15e-05	1	ATATCAAA
ACATCAWA	MEME-1	NC_000962.3	3043372	3043379	+	9.76812	9.15e-05	1	AGATCAAA
ACATCAWA	MEME-1	NC_000962.3	3074359	3074366	+	9.76812	9.15e-05	1	AAATCATA
ACATCAWA	MEME-1	NC_000962.3	3076462	3076469	+	9.76812	9.15e-05	1	AAATCAAA
ACATCAWA	MEME-1	NC_000962.3	3176052	3176059	+	9.76812	9.15e-05	1	AGATCAAA
ACATCAWA	MEME-1	NC_000962.3	3273829	3273836	-	9.76812	9.15e-05	1	AGATCAAA
ACATCAWA	MEME-1	NC_000962.3	3275497	3275504	-	9.76812	9.15e-05	1	ACATAAAA
ACATCAWA	MEME-1	NC_000962.3	3303100	3303107	+	9.76812	9.15e-05	1	AAATCATA
ACATCAWA	MEME-1	NC_000962.3	3323766	3323773	-	9.76812	9.15e-05	1	AGATCAAA
ACATCAWA	MEME-1	NC_000962.3	3346135	3346142	-	9.76812	9.15e-05	1	AGATCATA
ACATCAWA	MEME-1	NC_000962.3	3353724	3353731	+	9.76812	9.15e-05	1	AGATCAAA
ACATCAWA	MEME-1	NC_000962.3	3383680	3383687	+	9.76812	9.15e-05	1	ACATAAAA
ACATCAWA	MEME-1	NC_000962.3	3413128	3413135	+	9.76812	9.15e-05	1	ACATGATA
ACATCAWA	MEME-1	NC_000962.3	3455495	3455502	+	9.76812	9.15e-05	1	ATATCAAA
ACATCAWA	MEME-1	NC_000962.3	3462915	3462922	+	9.76812	9.15e-05	1	AGATCATA
ACATCAWA	MEME-1	NC_000962.3	3471170	3471177	+	9.76812	9.15e-05	1	ACATGAAA
ACATCAWA	MEME-1	NC_000962.3	3478383	3478390	+	9.76812	9.15e-05	1	ACATGATA
ACATCAWA	MEME-1	NC_000962.3	3490159	3490166	+	9.76812	9.15e-05	1	ATATCATA
ACATCAWA	MEME-1	NC_000962.3	3555584	3555591	-	9.76812	9.15e-05	1	AGATCAAA
ACATCAWA	MEME-1	NC_000962.3	3567046	3567053	+	9.76812	9.15e-05	1	ATATCAAA
ACATCAWA	MEME-1	NC_000962.3	3599126	3599133	-	9.76812	9.15e-05	1	AGATCAAA
ACATCAWA	MEME-1	NC_000962.3	3609047	3609054	-	9.76812	9.15e-05	1	ATATCAAA
ACATCAWA	MEME-1	NC_000962.3	3621217	3621224	-	9.76812	9.15e-05	1	AAATCAAA
ACATCAWA	MEME-1	NC_000962.3	3627733	3627740	-	9.76812	9.15e-05	1	ACATGAAA
ACATCAWA	MEME-1	NC_000962.3	3685203	3685210	+	9.76812	9.15e-05	1	ACATGAAA
ACATCAWA	MEME-1	NC_000962.3	3744120	3744127	+	9.76812	9.15e-05	1	AGATCAAA
ACATCAWA	MEME-1	NC_000962.3	3751550	3751557	-	9.76812	9.15e-05	1	AAATCAAA
ACATCAWA	MEME-1	NC_000962.3	3785404	3785411	+	9.76812	9.15e-05	1	ATATCAAA
ACATCAWA	MEME-1	NC_000962.3	3801303	3801310	+	9.76812	9.15e-05	1	AGATCAAA
ACATCAWA	MEME-1	NC_000962.3	3816981	3816988	-	9.76812	9.15e-05	1	AGATCAAA
ACATCAWA	MEME-1	NC_000962.3	3842273	3842280	+	9.76812	9.15e-05	1	ACATAATA
ACATCAWA	MEME-1	NC_000962.3	3847199	3847206	+	9.76812	9.15e-05	1	ACATAATA
ACATCAWA	MEME-1	NC_000962.3	3903517	3903524	+	9.76812	9.15e-05	1	AGATCAAA
ACATCAWA	MEME-1	NC_000962.3	3931631	3931638	-	9.76812	9.15e-05	1	AGATCAAA
ACATCAWA	MEME-1	NC_000962.3	3946420	3946427	-	9.76812	9.15e-05	1	AGATCAAA
ACATCAWA	MEME-1	NC_000962.3	3963444	3963451	-	9.76812	9.15e-05	1	ACATAAAA
ACATCAWA	MEME-1	NC_000962.3	3963463	3963470	+	9.76812	9.15e-05	1	ACATAAAA
ACATCAWA	MEME-1	NC_000962.3	3972588	3972595	-	9.76812	9.15e-05	1	AAATCAAA
ACATCAWA	MEME-1	NC_000962.3	3987145	3987152	+	9.76812	9.15e-05	1	AGATCAAA
ACATCAWA	MEME-1	NC_000962.3	4003718	4003725	-	9.76812	9.15e-05	1	ACATGAAA
ACATCAWA	MEME-1	NC_000962.3	4010869	4010876	+	9.76812	9.15e-05	1	ACATGAAA
ACATCAWA	MEME-1	NC_000962.3	4068593	4068600	-	9.76812	9.15e-05	1	ATATCAAA
ACATCAWA	MEME-1	NC_000962.3	4179834	4179841	+	9.76812	9.15e-05	1	AGATCAAA
ACATCAWA	MEME-1	NC_000962.3	4182353	4182360	+	9.76812	9.15e-05	1	AGATCAAA
ACATCAWA	MEME-1	NC_000962.3	4191074	4191081	+	9.76812	9.15e-05	1	ACATTAAA
ACATCAWA	MEME-1	NC_000962.3	4197856	4197863	-	9.76812	9.15e-05	1	AGATCAAA
ACATCAWA	MEME-1	NC_000962.3	4225014	4225021	-	9.76812	9.15e-05	1	AAATCAAA
ACATCAWA	MEME-1	NC_000962.3	4253722	4253729	-	9.76812	9.15e-05	1	ACATGAAA
ACATCAWA	MEME-1	NC_000962.3	4286719	4286726	+	9.76812	9.15e-05	1	ACATGAAA
ACATCAWA	MEME-1	NC_000962.3	4329925	4329932	+	9.76812	9.15e-05	1	ACATTAAA
ACATCAWA	MEME-1	NC_000962.3	4341639	4341646	+	9.76812	9.15e-05	1	ATATCAAA
ACATCAWA	MEME-1	NC_000962.3	4374001	4374008	-	9.76812	9.15e-05	1	AGATCAAA
ACATCAWA	MEME-1	NC_000962.3	4378659	4378666	-	9.76812	9.15e-05	1	AGATCAAA
ACATCAWA	MEME-1	NC_000962.3	4378782	4378789	-	9.76812	9.15e-05	1	ACATGAAA
ACATCAWA	MEME-1	NC_000962.3	4409696	4409703	+	9.76812	9.15e-05	1	ACATGATA
ACATCAWA	MEME-1	NC_000962.3	4410050	4410057	+	9.76812	9.15e-05	1	AAATCAAA

# FIMO (Find Individual Motif Occurrences): Version 5.5.9 compiled on Nov 24 2025 at 04:02:49
# The format of this file is described at https://meme-suite.org/meme/doc/fimo-output-format.html#tsv_results.
# fimo --thresh 1e-4 --bfile results/phase1/background.model --oc results/phase1/fimo_output_corrected results/phase1/meme_output_corrected/meme.txt data/genomes/H37Rv.fasta
