motif_id	motif_alt_id	sequence_name	start	stop	strand	score	p-value	q-value	matched_sequence
GTTGTCYWWGYAAYCGCKTWT	MEME-1	NC_000962.3	2207551	2207571	+	34.8551	1.1e-11	9.67e-05	GTTGTCCAAGCAATCGCGTAT
TWTKCATTGYTWTYTMCCSW	MEME-2	NC_000962.3	2207528	2207547	+	33.2174	3.14e-11	0.000277	TTTGCATTGCTATTTACCGA
GTTAWCKCYYSAAKAATYCC	MEME-3	NC_000962.3	2205431	2205450	-	32.6304	4.79e-11	0.000423	GTTATCGCCCGAATAATCCC
GTTAWCKCYYSAAKAATYCC	MEME-3	NC_000962.3	366149	366168	+	15.7536	1.46e-07	0.643	GTTATCCCCTAAAGAAACCC
TWTKCATTGYTWTYTMCCSW	MEME-2	NC_000962.3	302646	302665	+	14.8406	3.02e-07	1	TGTTCATGGTTATCTCCTCA
GTTAWCKCYYSAAKAATYCC	MEME-3	NC_000962.3	2656965	2656984	+	14.7754	3.39e-07	0.996	GTGAGTTCTCGAAGAATCCC
GTTGTCYWWGYAAYCGCKTWT	MEME-1	NC_000962.3	499662	499682	-	11.942	3.48e-07	1	CTTCTCTTAGAATTCGCTTAT
GTTGTCYWWGYAAYCGCKTWT	MEME-1	NC_000962.3	1568202	1568222	+	11.942	3.48e-07	1	CTTGTCGAAGTAATAGCTGTT
TWTKCATTGYTWTYTMCCSW	MEME-2	NC_000962.3	699843	699862	-	13.3333	8.53e-07	1	GATTCATCGCTTTCTCCTGA
TWTKCATTGYTWTYTMCCSW	MEME-2	NC_000962.3	2778302	2778321	-	13.3261	9.21e-07	1	GTTGCCTCGTTATTTCCCGA
GTTAWCKCYYSAAKAATYCC	MEME-3	NC_000962.3	737032	737051	-	12.7391	9.48e-07	1	GCTCACGCTCGAAGAAGCCC
GTTAWCKCYYSAAKAATYCC	MEME-3	NC_000962.3	160623	160642	-	11.1594	9.82e-07	1	CTTATCCCACGAACAATTCC
TWTKCATTGYTWTYTMCCSW	MEME-2	NC_000962.3	959388	959407	+	12.8043	1.03e-06	1	ATTTCCTTGCGTTCTCCCGA
GTTAWCKCYYSAAKAATYCC	MEME-3	NC_000962.3	1105763	1105782	+	10.1812	1.12e-06	1	GTTAGTTCGTCAAGAATCGC
GTTAWCKCYYSAAKAATYCC	MEME-3	NC_000962.3	1896619	1896638	-	10.1087	1.29e-06	1	GTTGCCGCACTAATAATCCC
TWTKCATTGYTWTYTMCCSW	MEME-2	NC_000962.3	2014686	2014705	-	10.1739	1.29e-06	1	TTTGCATAGGTGTATACCGT
GTTGTCYWWGYAAYCGCKTWT	MEME-1	NC_000962.3	1474818	1474838	-	10.3696	1.54e-06	1	GTTGTCTTTGCGACTGCACAT
GTTGTCYWWGYAAYCGCKTWT	MEME-1	NC_000962.3	1535379	1535399	+	10.3696	1.54e-06	1	GTTGTCTCAGCCATCGTGGAT
GTTGTCYWWGYAAYCGCKTWT	MEME-1	NC_000962.3	1627232	1627252	+	10.3696	1.54e-06	1	GGTGTCCGAGTAATCGGGGTT
GTTGTCYWWGYAAYCGCKTWT	MEME-1	NC_000962.3	3286932	3286952	+	10.3043	1.62e-06	1	GTTGTCCTCGGCACCGCGGAT
GTTAWCKCYYSAAKAATYCC	MEME-3	NC_000962.3	3494503	3494522	-	9.65217	1.64e-06	1	CTTGACTCACCAAGAATGCC
GTTGTCYWWGYAAYCGCKTWT	MEME-1	NC_000962.3	55885	55905	+	9.91304	1.84e-06	1	GTGATGTTTGCAATCGCGTTG
GTTGTCYWWGYAAYCGCKTWT	MEME-1	NC_000962.3	56529	56549	+	9.91304	1.84e-06	1	GTTGTTCTTGTACCCGTTGTT
GTTAWCKCYYSAAKAATYCC	MEME-3	NC_000962.3	2583182	2583201	-	9.19565	2.03e-06	1	CGTAACGTTCGAATAATGCC
GTTGTCYWWGYAAYCGCKTWT	MEME-1	NC_000962.3	781651	781671	+	9.84783	2.09e-06	1	GTGGTGTATGCACCCGCGTGT
GTTGTCYWWGYAAYCGCKTWT	MEME-1	NC_000962.3	3241543	3241563	+	9.84058	2.17e-06	1	GCTGGCCTCGTATTCGCGTTT
TWTKCATTGYTWTYTMCCSW	MEME-2	NC_000962.3	485219	485238	-	9.19565	2.21e-06	1	TCTGCATTGTGATATCCGGT
GTTAWCKCYYSAAKAATYCC	MEME-3	NC_000962.3	996547	996566	-	9.18841	2.32e-06	1	GATAACTGTCTGAGAATTCC
GTTAWCKCYYSAAKAATYCC	MEME-3	NC_000962.3	2517810	2517829	-	9.18841	2.32e-06	1	GTTACCTCTTCGATGATCTC
TWTKCATTGYTWTYTMCCSW	MEME-2	NC_000962.3	4047378	4047397	-	9.18841	2.49e-06	1	TCCGCATTGGTTTTCACCGA
GTTGTCYWWGYAAYCGCKTWT	MEME-1	NC_000962.3	3367103	3367123	-	9.38406	2.5e-06	1	GGTGACCAAGTAGTCGGGTTT
GTTAWCKCYYSAAKAATYCC	MEME-3	NC_000962.3	424715	424734	-	8.73188	2.8e-06	1	GTTCACTATTGACGAATTCG
GTTGTCYWWGYAAYCGCKTWT	MEME-1	NC_000962.3	964501	964521	-	8.86232	2.82e-06	1	GTTGGCCTTGCCACCGATTTG
GTTGTCYWWGYAAYCGCKTWT	MEME-1	NC_000962.3	3212037	3212057	+	8.85507	2.85e-06	1	GATGTCCTTGTATTCGCGATA
GTTGTCYWWGYAAYCGCKTWT	MEME-1	NC_000962.3	2931762	2931782	-	8.34058	2.92e-06	1	GCGGTGCTTGCCACCGCGTTT
GTTAWCKCYYSAAKAATYCC	MEME-3	NC_000962.3	45783	45802	+	8.67391	3.04e-06	1	GTAAGAGCCTGAAGAATTCG
TWTKCATTGYTWTYTMCCSW	MEME-2	NC_000962.3	854264	854283	+	8.73188	3.26e-06	1	GTTTCATTCCTGGTTACCGA
TWTKCATTGYTWTYTMCCSW	MEME-2	NC_000962.3	2207082	2207101	+	8.73188	3.26e-06	1	ATTACATTGCAATTTATCCT
TWTKCATTGYTWTYTMCCSW	MEME-2	NC_000962.3	2678048	2678067	+	8.72464	3.36e-06	1	TATTCAGTGTCGATTACCGA
GTTGTCYWWGYAAYCGCKTWT	MEME-1	NC_000962.3	3856185	3856205	+	6.22464	3.45e-06	1	GTTGCCGTCGAAATCGCTGAT
GTTAWCKCYYSAAKAATYCC	MEME-3	NC_000962.3	1418435	1418454	-	8.66667	3.65e-06	1	CAGATCACTCCAAGAATTCC
GTTAWCKCYYSAAKAATYCC	MEME-3	NC_000962.3	3245966	3245985	-	8.66667	3.65e-06	1	GGGAGATCTCGAAGAATTCC
GTTAWCKCYYSAAKAATYCC	MEME-3	NC_000962.3	3478435	3478454	-	8.66667	3.65e-06	1	GTTGTCGACGCGATAATTCC
TWTKCATTGYTWTYTMCCSW	MEME-2	NC_000962.3	787776	787795	+	8.66667	3.8e-06	1	TGTGCATAGCTTTCCACCAA
TWTKCATTGYTWTYTMCCSW	MEME-2	NC_000962.3	2786318	2786337	-	8.66667	3.8e-06	1	TCTTCATTGTCGTCGCCCCT
GTTAWCKCYYSAAKAATYCC	MEME-3	NC_000962.3	2010249	2010268	-	8.65942	3.84e-06	1	GTTATCGCTTCAGCGAATCC
GTTAWCKCYYSAAKAATYCC	MEME-3	NC_000962.3	2376050	2376069	-	8.65942	3.84e-06	1	GGAAACTCTTAAAGAAGCCC
GTTGTCYWWGYAAYCGCKTWT	MEME-1	NC_000962.3	72535	72555	+	5.77536	3.98e-06	1	GTTGTCGAGTTCACCGGTTTT
GTTGTCYWWGYAAYCGCKTWT	MEME-1	NC_000962.3	591032	591052	+	5.77536	3.98e-06	1	CTCCTCTTTGTAAGCGCGTGT
GTTGTCYWWGYAAYCGCKTWT	MEME-1	NC_000962.3	2314261	2314281	+	5.76812	4.14e-06	1	GGTGTCTTTGTAATCGACGCT
GTTGTCYWWGYAAYCGCKTWT	MEME-1	NC_000962.3	106482	106502	-	5.71014	4.27e-06	1	TTCGTCGCGGTAACCGCGTAT
GTTAWCKCYYSAAKAATYCC	MEME-3	NC_000962.3	2680652	2680671	+	8.21014	4.35e-06	1	CTCAACTGCTCAATAAGCCC
GTTGTCYWWGYAAYCGCKTWT	MEME-1	NC_000962.3	3386121	3386141	+	5.7029	4.36e-06	1	GTCGTCGCAGATATCGCGTAT
GTTGTCYWWGYAAYCGCKTWT	MEME-1	NC_000962.3	4009137	4009157	-	5.7029	4.36e-06	1	GCTGTCGTTGGAACCGCCGTT
TWTKCATTGYTWTYTMCCSW	MEME-2	NC_000962.3	871087	871106	+	8.21014	4.99e-06	1	GTTGGATCGTTATCTGCCGT
TWTKCATTGYTWTYTMCCSW	MEME-2	NC_000962.3	3531927	3531946	-	8.21014	4.99e-06	1	TTGTCATTGCGTTTTCCACG
GTTAWCKCYYSAAKAATYCC	MEME-3	NC_000962.3	1074692	1074711	-	8.14493	5.24e-06	1	GTTTTCGGCCCAACAACTCC
GTTAWCKCYYSAAKAATYCC	MEME-3	NC_000962.3	1753449	1753468	+	8.14493	5.24e-06	1	GGTAACGCGTGACGAATCTC
GTTAWCKCYYSAAKAATYCC	MEME-3	NC_000962.3	4172919	4172938	+	8.14493	5.24e-06	1	AGTACCGCCCGAATCATTCC
TWTKCATTGYTWTYTMCCSW	MEME-2	NC_000962.3	242649	242668	-	8.2029	5.4e-06	1	TTCTCACTGCTGTTCACCCT
TWTKCATTGYTWTYTMCCSW	MEME-2	NC_000962.3	1684342	1684361	+	8.2029	5.4e-06	1	ATTCCAATGCGTTTTACCGA
GTTGTCYWWGYAAYCGCKTWT	MEME-1	NC_000962.3	3004107	3004127	-	5.25362	5.42e-06	1	GTGGTCTACCCAATCGTGTGT
GTTGTCYWWGYAAYCGCKTWT	MEME-1	NC_000962.3	3383685	3383705	-	5.25362	5.42e-06	1	GATGTGCTCGGAATCCCGTTT
GTTGTCYWWGYAAYCGCKTWT	MEME-1	NC_000962.3	3550638	3550658	-	5.25362	5.42e-06	1	GTTGTTGTCGTACCAGCGTTT
GTTAWCKCYYSAAKAATYCC	MEME-3	NC_000962.3	2361637	2361656	-	8.13768	5.64e-06	1	GCTTACGCTCCAAAAACTCC
GTTGTCYWWGYAAYCGCKTWT	MEME-1	NC_000962.3	8385	8405	-	5.24638	6.02e-06	1	GTGGTCAACGTAATAGCGGAT
GTTGTCYWWGYAAYCGCKTWT	MEME-1	NC_000962.3	392393	392413	-	5.24638	6.02e-06	1	GCCGTCAATGGAACCGGTTTT
GTTGTCYWWGYAAYCGCKTWT	MEME-1	NC_000962.3	1003580	1003600	-	5.24638	6.02e-06	1	GTTGTCGGTGTAGCCGTTGAT
GTTGTCYWWGYAAYCGCKTWT	MEME-1	NC_000962.3	2127491	2127511	+	5.24638	6.02e-06	1	GATGTGTTGGAAATCGCGGTT
GTTGTCYWWGYAAYCGCKTWT	MEME-1	NC_000962.3	2963043	2963063	-	5.24638	6.02e-06	1	GTTGTCCAGGTATGCCCTGAT
GTTGTCYWWGYAAYCGCKTWT	MEME-1	NC_000962.3	3301283	3301303	+	5.24638	6.02e-06	1	GTAGTCAAAGCAAACACTCTT
GTTGTCYWWGYAAYCGCKTWT	MEME-1	NC_000962.3	4303314	4303334	-	5.24638	6.02e-06	1	GTTGCGTGGGTGATCGCGTAT
GTTGTCYWWGYAAYCGCKTWT	MEME-1	NC_000962.3	2472835	2472855	+	5.23913	6.08e-06	1	GTGGTCTTGGTCATCGCCTTG
GTTGTCYWWGYAAYCGCKTWT	MEME-1	NC_000962.3	3186425	3186445	-	5.23913	6.08e-06	1	GGTGACGTTGTAATCGCCTTC
GTTAWCKCYYSAAKAATYCC	MEME-3	NC_000962.3	1161970	1161989	+	7.68841	6.14e-06	1	CTTAACGGTTGCAGCATCCC
GTTAWCKCYYSAAKAATYCC	MEME-3	NC_000962.3	1883434	1883453	+	7.68841	6.14e-06	1	GTTATATGCCGAATTACCCC
GTTAWCKCYYSAAKAATYCC	MEME-3	NC_000962.3	4059552	4059571	-	7.68841	6.14e-06	1	CGTATTGCTCGACGAATTCC
TWTKCATTGYTWTYTMCCSW	MEME-2	NC_000962.3	572240	572259	+	7.74638	6.19e-06	1	TATTCAGTTCGATTCACCGA
GTTAWCKCYYSAAKAATYCC	MEME-3	NC_000962.3	204578	204597	-	7.68116	6.63e-06	1	TTGATCTCTTGCTGAATCCC
GTTAWCKCYYSAAKAATYCC	MEME-3	NC_000962.3	1730951	1730970	-	7.68116	6.63e-06	1	GTTATCTCCTGGATGGTCGC
TWTKCATTGYTWTYTMCCSW	MEME-2	NC_000962.3	4208066	4208085	-	7.68841	6.81e-06	1	GATGCACTTCTATTTCCCGC
GTTGTCYWWGYAAYCGCKTWT	MEME-1	NC_000962.3	568605	568625	-	4.7971	6.88e-06	1	CTTGTCCTGATCATCGTGTTT
GTTGTCYWWGYAAYCGCKTWT	MEME-1	NC_000962.3	4054804	4054824	-	4.7971	6.88e-06	1	GTTGTTTACCTGACCACGTTT
GTTAWCKCYYSAAKAATYCC	MEME-3	NC_000962.3	1456774	1456793	-	7.62319	6.98e-06	1	GATAGCGCCCGAAGAACTCG
GTTAWCKCYYSAAKAATYCC	MEME-3	NC_000962.3	2239913	2239932	+	7.62319	6.98e-06	1	GTTATCGTCGCCCGAATCCC
GTTAWCKCYYSAAKAATYCC	MEME-3	NC_000962.3	3817249	3817268	+	7.62319	6.98e-06	1	GGTATCGCCCGAACTATCCG
GTTAWCKCYYSAAKAATYCC	MEME-3	NC_000962.3	1360782	1360801	+	7.61594	7.38e-06	1	GTTATCGCCCAGCTGATCCC
TWTKCATTGYTWTYTMCCSW	MEME-2	NC_000962.3	199530	199549	+	7.68116	7.48e-06	1	ATCTCCTTGTTGTCTCCCCT
TWTKCATTGYTWTYTMCCSW	MEME-2	NC_000962.3	2086975	2086994	+	7.68116	7.48e-06	1	CTGTCATTGCTTCCTCCCTT
GTTAWCKCYYSAAKAATYCC	MEME-3	NC_000962.3	3914125	3914144	-	7.16667	7.71e-06	1	GTTGACGGCTCGAGAATCAC
GTTGTCYWWGYAAYCGCKTWT	MEME-1	NC_000962.3	528401	528421	-	4.78986	7.77e-06	1	TTATTCTTAGCACTCGCCTAT
GTTGTCYWWGYAAYCGCKTWT	MEME-1	NC_000962.3	2207075	2207095	-	4.78986	7.77e-06	1	AATTGCAATGTAATCGCGTAT
GTTGTCYWWGYAAYCGCKTWT	MEME-1	NC_000962.3	2552298	2552318	-	4.78986	7.77e-06	1	GTTGTCAATGTACTCCAGGAT
GTTGTCYWWGYAAYCGCKTWT	MEME-1	NC_000962.3	3311707	3311727	-	4.78986	7.77e-06	1	GTTCTCCTTAAAATCGCTCAG
GTTGTCYWWGYAAYCGCKTWT	MEME-1	NC_000962.3	4286204	4286224	+	4.78986	7.77e-06	1	ATTGCCTTGCTTATCGCGTTT
GTTGTCYWWGYAAYCGCKTWT	MEME-1	NC_000962.3	915041	915061	-	4.78261	7.94e-06	1	GTTGTTTTTGTCGTCGCTGCT
GTTGTCYWWGYAAYCGCKTWT	MEME-1	NC_000962.3	1413969	1413989	+	4.78261	7.94e-06	1	GTTGACTTTGTCAACGATCTT
GTTGTCYWWGYAAYCGCKTWT	MEME-1	NC_000962.3	2575851	2575871	-	4.78261	7.94e-06	1	GATGTCAATGTCATCGGTGAT
GTTAWCKCYYSAAKAATYCC	MEME-3	NC_000962.3	1224266	1224285	-	7.15942	8.41e-06	1	GTGATCTCCTCGAGCATCTC
GTTAWCKCYYSAAKAATYCC	MEME-3	NC_000962.3	1891008	1891027	+	7.15942	8.41e-06	1	GTTATCGACTCGTTAAGCCC
GTTAWCKCYYSAAKAATYCC	MEME-3	NC_000962.3	2351991	2352010	-	7.15942	8.41e-06	1	GTTCTCGCTCGACGACTTTC
GTTAWCKCYYSAAKAATYCC	MEME-3	NC_000962.3	2728037	2728056	+	7.15942	8.41e-06	1	GCAAACTCCTCAAGAACCAC
GTTAWCKCYYSAAKAATYCC	MEME-3	NC_000962.3	276207	276226	-	7.0942	8.81e-06	1	GTTCCCGCCCGACGAAGTCC
GTTGTCYWWGYAAYCGCKTWT	MEME-1	NC_000962.3	42796	42816	+	4.72464	8.96e-06	1	GCTGTCAATGTAGCCGTGTGT
GTTGTCYWWGYAAYCGCKTWT	MEME-1	NC_000962.3	211636	211656	-	4.72464	8.96e-06	1	GATGTCAAATCCACCGCCTAT
GTTGTCYWWGYAAYCGCKTWT	MEME-1	NC_000962.3	593693	593713	+	4.72464	8.96e-06	1	GTTGCCCTCGAAATGGCGCAT
GTTGTCYWWGYAAYCGCKTWT	MEME-1	NC_000962.3	1146594	1146614	+	4.72464	8.96e-06	1	GGTGTGCTCGCGATCGCCTAT
GTTGTCYWWGYAAYCGCKTWT	MEME-1	NC_000962.3	1432241	1432261	+	4.72464	8.96e-06	1	GTTGTCCTGGTAGCCGTCTTG
GTTGTCYWWGYAAYCGCKTWT	MEME-1	NC_000962.3	1453888	1453908	-	4.72464	8.96e-06	1	GTTGTCCAGGACGTCGAGTAT
GTTGTCYWWGYAAYCGCKTWT	MEME-1	NC_000962.3	2591609	2591629	+	4.72464	8.96e-06	1	GTTGTCTGCGCAACCGGTCTA
GTTGTCYWWGYAAYCGCKTWT	MEME-1	NC_000962.3	3085049	3085069	-	4.72464	8.96e-06	1	GGTGTCGACGTGACAGCGTTT
GTTGTCYWWGYAAYCGCKTWT	MEME-1	NC_000962.3	3385601	3385621	-	4.72464	8.96e-06	1	GTTGTCGATACCATCGCGCGT
GTTGTCYWWGYAAYCGCKTWT	MEME-1	NC_000962.3	856069	856089	+	4.71739	9.19e-06	1	GAAGTCGAAGAAATCGCGTTG
GTTGTCYWWGYAAYCGCKTWT	MEME-1	NC_000962.3	1802748	1802768	+	4.71739	9.19e-06	1	GAGGTCGAAGTAACCGCCGAT
GTTGTCYWWGYAAYCGCKTWT	MEME-1	NC_000962.3	2644022	2644042	-	4.71739	9.19e-06	1	GTTGTCTCTGTCGACGCGTTC
GTTGTCYWWGYAAYCGCKTWT	MEME-1	NC_000962.3	2877960	2877980	+	4.71739	9.19e-06	1	GTCGACATTGGAATCGCGCAT
GTTGTCYWWGYAAYCGCKTWT	MEME-1	NC_000962.3	3700557	3700577	+	4.71739	9.19e-06	1	GTTGCCAAAGCCGTCGCCTAT
GTTGTCYWWGYAAYCGCKTWT	MEME-1	NC_000962.3	3956991	3957011	+	4.71739	9.19e-06	1	GATGTCGATGTATTCGCGGGT
GTTGTCYWWGYAAYCGCKTWT	MEME-1	NC_000962.3	4028596	4028616	-	4.71739	9.19e-06	1	GTTGGCGTGGTAATCGCGCAC
TWTKCATTGYTWTYTMCCSW	MEME-2	NC_000962.3	3014959	3014978	+	6.71014	9.28e-06	1	TAGGCATTCCTATCCCCTCA
GTTAWCKCYYSAAKAATYCC	MEME-3	NC_000962.3	3148268	3148287	-	6.63768	9.41e-06	1	ATCGACGCCCGGATAATCCC
GTTGTCYWWGYAAYCGCKTWT	MEME-1	NC_000962.3	3823846	3823866	-	4.33333	9.66e-06	1	GTTATGTTAGCCTTCCCTTAT
TWTKCATTGYTWTYTMCCSW	MEME-2	NC_000962.3	690484	690503	-	6.7029	9.91e-06	1	CATTGGTTGCTACCTCCCGT
TWTKCATTGYTWTYTMCCSW	MEME-2	NC_000962.3	4291640	4291659	+	6.7029	9.91e-06	1	TAAGCTTCTCTATCTACCGT
GTTAWCKCYYSAAKAATYCC	MEME-3	NC_000962.3	977274	977293	+	6.1087	1.01e-05	1	GGTGTCGCCCGAATTACCCC
GTTAWCKCYYSAAKAATYCC	MEME-3	NC_000962.3	2617279	2617298	-	6.1087	1.01e-05	1	GCCATCGCCCGGATGATCCC
GTTGTCYWWGYAAYCGCKTWT	MEME-1	NC_000962.3	1391651	1391671	+	4.27536	1.01e-05	1	GTTGTTCGAGCCACTCCTTTT
GTTGTCYWWGYAAYCGCKTWT	MEME-1	NC_000962.3	4300292	4300312	+	4.27536	1.01e-05	1	TCTCTCCAAACAACCGCATAT
TWTKCATTGYTWTYTMCCSW	MEME-2	NC_000962.3	1967135	1967154	+	6.69565	1.02e-05	1	AATTCGTTGCCTTCGACCGA
GTTAWCKCYYSAAKAATYCC	MEME-3	NC_000962.3	3992590	3992609	-	4.52899	1.09e-05	1	GGTAGGTCGTCAAGAATGCC
GTTAWCKCYYSAAKAATYCC	MEME-3	NC_000962.3	4130726	4130745	+	4.52899	1.09e-05	1	GTCAAACCAGGAATAATCCC
TWTKCATTGYTWTYTMCCSW	MEME-2	NC_000962.3	297068	297087	+	4.60145	1.13e-05	1	TGTTCATTATTGTGTCCTGT
TWTKCATTGYTWTYTMCCSW	MEME-2	NC_000962.3	2132471	2132490	-	4.52899	1.16e-05	1	GTTGCATTGGTATGTGCCCC
GTTGTCYWWGYAAYCGCKTWT	MEME-1	NC_000962.3	196163	196183	-	4.26812	1.17e-05	1	GTTGTTCCAGTAGCAGCTCAT
GTTGTCYWWGYAAYCGCKTWT	MEME-1	NC_000962.3	575777	575797	-	4.26812	1.17e-05	1	GATGTCGTAGTAACCCGGTTC
GTTGTCYWWGYAAYCGCKTWT	MEME-1	NC_000962.3	879034	879054	+	4.26812	1.17e-05	1	GATCTCCATGGAATCACGGAT
GTTGTCYWWGYAAYCGCKTWT	MEME-1	NC_000962.3	1463459	1463479	-	4.26812	1.17e-05	1	GTTCTCGAAGTCACCGAGGAT
GTTGTCYWWGYAAYCGCKTWT	MEME-1	NC_000962.3	2268644	2268664	-	4.26812	1.17e-05	1	TGTGTACAAGGTACCGCTTAT
GTTGTCYWWGYAAYCGCKTWT	MEME-1	NC_000962.3	2777019	2777039	+	4.26812	1.17e-05	1	ATAGTCGAACCAACCGCTGTT
GTTGTCYWWGYAAYCGCKTWT	MEME-1	NC_000962.3	3192466	3192486	+	4.26812	1.17e-05	1	ATTGTCCATGCAAAGGCTGAA
GTTGTCYWWGYAAYCGCKTWT	MEME-1	NC_000962.3	3805237	3805257	-	4.26812	1.17e-05	1	GTTGGCCATTGATTCGGGTTT
GTTGTCYWWGYAAYCGCKTWT	MEME-1	NC_000962.3	4238229	4238249	+	4.26812	1.17e-05	1	CTGGTTTTGGTATCCGCGTTT
TWTKCATTGYTWTYTMCCSW	MEME-2	NC_000962.3	1473636	1473655	+	4.13768	1.19e-05	1	TATTCTTTGGTTTTTGTTGT
GTTAWCKCYYSAAKAATYCC	MEME-3	NC_000962.3	486328	486347	-	4.06522	1.21e-05	1	AATGACTCAGGAATAATTCC
GTTAWCKCYYSAAKAATYCC	MEME-3	NC_000962.3	1479113	1479132	+	4.06522	1.21e-05	1	GTGCACCCTTCAACAATTAC
GTTAWCKCYYSAAKAATYCC	MEME-3	NC_000962.3	2611648	2611667	+	4.06522	1.21e-05	1	ATTTTCTCGAGAATATTTCC
GTTAWCKCYYSAAKAATYCC	MEME-3	NC_000962.3	1492433	1492452	-	4.00725	1.24e-05	1	GATAACCGGCGAAGAATACC
GTTAWCKCYYSAAKAATYCC	MEME-3	NC_000962.3	2784072	2784091	+	4.00725	1.24e-05	1	GTTACCTCGCGAACCATCCT
GTTGTCYWWGYAAYCGCKTWT	MEME-1	NC_000962.3	192308	192328	-	4.26087	1.25e-05	1	GTTGTCGAAGCCGTCGGTCAT
GTTGTCYWWGYAAYCGCKTWT	MEME-1	NC_000962.3	316494	316514	+	4.26087	1.25e-05	1	GGTGCCTTAGCAAATGCTCAT
GTTGTCYWWGYAAYCGCKTWT	MEME-1	NC_000962.3	423620	423640	+	4.26087	1.25e-05	1	GATGGGCAGGTAATCGCTGAT
GTTGTCYWWGYAAYCGCKTWT	MEME-1	NC_000962.3	889335	889355	-	4.26087	1.25e-05	1	GCGGTCTTTAAAATCGCGTTC
GTTGTCYWWGYAAYCGCKTWT	MEME-1	NC_000962.3	1323902	1323922	-	4.26087	1.25e-05	1	GCGCTCGTAGTAATCGCGGAT
GTTGTCYWWGYAAYCGCKTWT	MEME-1	NC_000962.3	1420289	1420309	-	4.26087	1.25e-05	1	CTTGACCATGTTATCGCCGTT
GTTGTCYWWGYAAYCGCKTWT	MEME-1	NC_000962.3	1477461	1477481	-	4.26087	1.25e-05	1	GTCGACCAACTCAACGCTTAT
GTTGTCYWWGYAAYCGCKTWT	MEME-1	NC_000962.3	1542972	1542992	+	4.26087	1.25e-05	1	GCGGTCTTTAAAATCGCGTTC
GTTGTCYWWGYAAYCGCKTWT	MEME-1	NC_000962.3	1715147	1715167	+	4.26087	1.25e-05	1	GCTGTTGTAGTAGTCGCGGAT
GTTGTCYWWGYAAYCGCKTWT	MEME-1	NC_000962.3	1988723	1988743	+	4.26087	1.25e-05	1	GCGGTCTTTAAAATCGCGTTC
GTTGTCYWWGYAAYCGCKTWT	MEME-1	NC_000962.3	1996415	1996435	-	4.26087	1.25e-05	1	GCGGTCTTTAAAATCGCGTTC
GTTGTCYWWGYAAYCGCKTWT	MEME-1	NC_000962.3	2365728	2365748	-	4.26087	1.25e-05	1	GCGGTCTTTAAAATCGCGTTC
GTTGTCYWWGYAAYCGCKTWT	MEME-1	NC_000962.3	2431137	2431157	+	4.26087	1.25e-05	1	GCGGTCTTTAAAATCGCGTTC
GTTGTCYWWGYAAYCGCKTWT	MEME-1	NC_000962.3	2550328	2550348	-	4.26087	1.25e-05	1	GCGGTCTTTAAAATCGCGTTC
GTTGTCYWWGYAAYCGCKTWT	MEME-1	NC_000962.3	2635891	2635911	-	4.26087	1.25e-05	1	GCGGTCTTTAAAATCGCGTTC
GTTGTCYWWGYAAYCGCKTWT	MEME-1	NC_000962.3	2672379	2672399	-	4.26087	1.25e-05	1	GTGTACTTAGAAATCGCGAAT
GTTGTCYWWGYAAYCGCKTWT	MEME-1	NC_000962.3	2748615	2748635	+	4.26087	1.25e-05	1	GTTGCCCTTGGACTTGCTCAT
GTTGTCYWWGYAAYCGCKTWT	MEME-1	NC_000962.3	2785635	2785655	+	4.26087	1.25e-05	1	GCGGTCTTTAAAATCGCGTTC
GTTGTCYWWGYAAYCGCKTWT	MEME-1	NC_000962.3	2972423	2972443	-	4.26087	1.25e-05	1	GCGGTCTTTAAAATCGCGTTC
GTTGTCYWWGYAAYCGCKTWT	MEME-1	NC_000962.3	3121544	3121564	+	4.26087	1.25e-05	1	GCGGTCTTTAAAATCGCGTTC
GTTGTCYWWGYAAYCGCKTWT	MEME-1	NC_000962.3	3551544	3551564	-	4.26087	1.25e-05	1	GCGGTCTTTAAAATCGCGTTC
GTTGTCYWWGYAAYCGCKTWT	MEME-1	NC_000962.3	3553027	3553047	-	4.26087	1.25e-05	1	GCGGTCTTTAAAATCGCGTTC
GTTGTCYWWGYAAYCGCKTWT	MEME-1	NC_000962.3	3628550	3628570	+	4.26087	1.25e-05	1	GTTGTCGAAGTGGCCGATATT
GTTGTCYWWGYAAYCGCKTWT	MEME-1	NC_000962.3	3710696	3710716	-	4.26087	1.25e-05	1	GCGGTCTTTAAAATCGCGTTC
GTTGTCYWWGYAAYCGCKTWT	MEME-1	NC_000962.3	3796078	3796098	+	4.26087	1.25e-05	1	GCGGTCTTTAAAATCGCGTTC
GTTGTCYWWGYAAYCGCKTWT	MEME-1	NC_000962.3	3891093	3891113	-	4.26087	1.25e-05	1	GCGGTCTTTAAAATCGCGTTC
GTTGTCYWWGYAAYCGCKTWT	MEME-1	NC_000962.3	4118230	4118250	-	4.26087	1.25e-05	1	GTGGTCAAAGTCGTCGGGTTT
TWTKCATTGYTWTYTMCCSW	MEME-2	NC_000962.3	2579763	2579782	-	4.06522	1.29e-05	1	TTTTCTATGGTTTCTGCCAA
TWTKCATTGYTWTYTMCCSW	MEME-2	NC_000962.3	3451768	3451787	-	4.06522	1.29e-05	1	TTTTCATCGTGGTGTCCCTT
TWTKCATTGYTWTYTMCCSW	MEME-2	NC_000962.3	4104411	4104430	-	4.06522	1.29e-05	1	TTTCCGTCGTTGTTTACCGC
GTTGTCYWWGYAAYCGCKTWT	MEME-1	NC_000962.3	3047564	3047584	-	4.2029	1.29e-05	1	GTGGTCCGAGGATCCGGGTTT
GTTAWCKCYYSAAKAATYCC	MEME-3	NC_000962.3	3026979	3026998	+	3.6087	1.32e-05	1	GTTGGCTGTTCAATCATTGC
GTTGTCYWWGYAAYCGCKTWT	MEME-1	NC_000962.3	753348	753368	+	4.19565	1.32e-05	1	GTTGTCGTTGCAGCCGCCAAA
GTTGTCYWWGYAAYCGCKTWT	MEME-1	NC_000962.3	1557776	1557796	-	4.19565	1.32e-05	1	GTTGTCGTGGCCGTCGCGCAT
GTTGTCYWWGYAAYCGCKTWT	MEME-1	NC_000962.3	1680119	1680139	-	4.19565	1.32e-05	1	GGTGTCGTTGCAACCGCCCAC
GTTGTCYWWGYAAYCGCKTWT	MEME-1	NC_000962.3	2051564	2051584	+	4.19565	1.32e-05	1	GTCGCCTACGAAACCGCGTTC
GTTGTCYWWGYAAYCGCKTWT	MEME-1	NC_000962.3	2445378	2445398	-	4.19565	1.32e-05	1	GTAGTCGCAGCCATCGCGGAT
GTTGTCYWWGYAAYCGCKTWT	MEME-1	NC_000962.3	3143963	3143983	-	4.19565	1.32e-05	1	GTTGCCGTTGCTATCGCGGGT
GTTGTCYWWGYAAYCGCKTWT	MEME-1	NC_000962.3	4130173	4130193	-	4.19565	1.32e-05	1	GTTGGCCAGGGAATCGCGCAA
TWTKCATTGYTWTYTMCCSW	MEME-2	NC_000962.3	4410043	4410062	-	3.61594	1.38e-05	1	TTTTGTTTGATTTCTTCAGT
GTTGTCYWWGYAAYCGCKTWT	MEME-1	NC_000962.3	223345	223365	+	3.81159	1.4e-05	1	GGTTTGTATGTGACGGCGTTT
GTTGTCYWWGYAAYCGCKTWT	MEME-1	NC_000962.3	290437	290457	-	3.80435	1.45e-05	1	GTTGACTTTTCCATCGGTGAT
GTTGTCYWWGYAAYCGCKTWT	MEME-1	NC_000962.3	650918	650938	-	3.80435	1.45e-05	1	GGTGTCCAAGTACTGGATCAT
TWTKCATTGYTWTYTMCCSW	MEME-2	NC_000962.3	1689711	1689730	+	3.6087	1.46e-05	1	TAGTGACTGGTATTTCCCTT
GTTGTCYWWGYAAYCGCKTWT	MEME-1	NC_000962.3	418054	418074	+	3.75362	1.46e-05	1	GTCATCCAGTCAACCCCGTTT
TWTKCATTGYTWTYTMCCSW	MEME-2	NC_000962.3	2237583	2237602	+	3.55072	1.51e-05	1	TCTCCTTTGCTTTGTCCTGT
TWTKCATTGYTWTYTMCCSW	MEME-2	NC_000962.3	2574245	2574264	+	3.55072	1.51e-05	1	TGCGGATTGTTGTCTGCCCA
GTTAWCKCYYSAAKAATYCC	MEME-3	NC_000962.3	1420262	1420281	+	3.54348	1.55e-05	1	GTGAACGCTGCGATAATGCG
GTTAWCKCYYSAAKAATYCC	MEME-3	NC_000962.3	1795277	1795296	+	3.54348	1.55e-05	1	GTTCTGTCCGGACCAATTCC
GTTAWCKCYYSAAKAATYCC	MEME-3	NC_000962.3	1912712	1912731	-	3.54348	1.55e-05	1	GTTGGCTCCCAAATCATTGC
GTTAWCKCYYSAAKAATYCC	MEME-3	NC_000962.3	3512138	3512157	+	3.54348	1.55e-05	1	GCTATGTCCGCAAAAACTCC
GTTGTCYWWGYAAYCGCKTWT	MEME-1	NC_000962.3	118839	118859	+	3.74638	1.57e-05	1	GTGGTTCTCGCGATCGGGTAT
GTTGTCYWWGYAAYCGCKTWT	MEME-1	NC_000962.3	934778	934798	+	3.74638	1.57e-05	1	CTTGCGCATGTGACCGCGTGT
GTTGTCYWWGYAAYCGCKTWT	MEME-1	NC_000962.3	1281662	1281682	-	3.74638	1.57e-05	1	GTGCCCTCAGCAACGGCGTAT
GTTGTCYWWGYAAYCGCKTWT	MEME-1	NC_000962.3	1290859	1290879	-	3.74638	1.57e-05	1	GTTATGGTTGCCGCCGCGTTT
GTTGTCYWWGYAAYCGCKTWT	MEME-1	NC_000962.3	1904294	1904314	+	3.74638	1.57e-05	1	GTTCTCCAAGCATCTGCCCAT
GTTGTCYWWGYAAYCGCKTWT	MEME-1	NC_000962.3	2841848	2841868	+	3.74638	1.57e-05	1	GGTGTCGTACCAACCGGGTTG
GTTAWCKCYYSAAKAATYCC	MEME-3	NC_000962.3	3488748	3488767	+	3.48551	1.58e-05	1	GTTACCGCGACAAGAACCTC
TWTKCATTGYTWTYTMCCSW	MEME-2	NC_000962.3	188202	188221	+	3.54348	1.59e-05	1	ATTTCATTGGTCGCTACCGC
TWTKCATTGYTWTYTMCCSW	MEME-2	NC_000962.3	342211	342230	-	3.54348	1.59e-05	1	TCTACCTTGCCATTTACCCG
GTTAWCKCYYSAAKAATYCC	MEME-3	NC_000962.3	2182477	2182496	-	3.47826	1.61e-05	1	GATATCACCCGACCAATACC
TWTKCATTGYTWTYTMCCSW	MEME-2	NC_000962.3	4062321	4062340	-	3.15217	1.65e-05	1	AATGAATTGTTATTGACTTA
GTTAWCKCYYSAAKAATYCC	MEME-3	NC_000962.3	3412618	3412637	+	3.0942	1.67e-05	1	TGTACTTGTCGAAGAATTCC
GTTGTCYWWGYAAYCGCKTWT	MEME-1	NC_000962.3	298374	298394	+	3.73913	1.71e-05	1	GTTTTCCTCGTGATCGCGAAC
GTTGTCYWWGYAAYCGCKTWT	MEME-1	NC_000962.3	613473	613493	+	3.73913	1.71e-05	1	CTGGTCCTTGGCACCGCTTTC
GTTGTCYWWGYAAYCGCKTWT	MEME-1	NC_000962.3	1168595	1168615	-	3.73913	1.71e-05	1	GTTGACTATGGAACCGGGGTG
GTTGTCYWWGYAAYCGCKTWT	MEME-1	NC_000962.3	1253075	1253095	-	3.73913	1.71e-05	1	GTCGACCGAGCAATCGGTTTG
GTTGTCYWWGYAAYCGCKTWT	MEME-1	NC_000962.3	1258101	1258121	+	3.73913	1.71e-05	1	GATGTCCAACAACCCGCTGTT
GTTGTCYWWGYAAYCGCKTWT	MEME-1	NC_000962.3	1596033	1596053	+	3.73913	1.71e-05	1	GTCGTCTTGGTAACCGGGCTG
GTTGTCYWWGYAAYCGCKTWT	MEME-1	NC_000962.3	2084191	2084211	-	3.73913	1.71e-05	1	GTTGTCCAACCGCTCGCATAC
GTTGTCYWWGYAAYCGCKTWT	MEME-1	NC_000962.3	2147574	2147594	+	3.73913	1.71e-05	1	GATATCCATGTCGCCGCATTT
GTTGTCYWWGYAAYCGCKTWT	MEME-1	NC_000962.3	2166562	2166582	+	3.73913	1.71e-05	1	GTTGCCCAAGCCAACGTTGTT
GTTGTCYWWGYAAYCGCKTWT	MEME-1	NC_000962.3	2232826	2232846	-	3.73913	1.71e-05	1	GGCCTCGTTGTCACCGCGTAT
GTTGTCYWWGYAAYCGCKTWT	MEME-1	NC_000962.3	2382135	2382155	-	3.73913	1.71e-05	1	GTCGTCTTGGCGATCGGGTTG
GTTGTCYWWGYAAYCGCKTWT	MEME-1	NC_000962.3	2395721	2395741	+	3.73913	1.71e-05	1	GTCGACCAGGTCACCGATTTT
GTTGTCYWWGYAAYCGCKTWT	MEME-1	NC_000962.3	2400784	2400804	+	3.73913	1.71e-05	1	GTTGGCCTTGTATCCGGCCTT
GTTGTCYWWGYAAYCGCKTWT	MEME-1	NC_000962.3	3020695	3020715	+	3.73913	1.71e-05	1	CTTGTCTTTGCCGCCGCTACT
GTTGTCYWWGYAAYCGCKTWT	MEME-1	NC_000962.3	3080155	3080175	-	3.73913	1.71e-05	1	GCCGCCTTTGAAACGGCGTTT
GTTGTCYWWGYAAYCGCKTWT	MEME-1	NC_000962.3	3336881	3336901	-	3.73913	1.71e-05	1	GATCTCGATGTACCCGCGGAT
GTTGTCYWWGYAAYCGCKTWT	MEME-1	NC_000962.3	4022959	4022979	-	3.73913	1.71e-05	1	GTTGTCCATGCCGGCGATGTT
GTTGTCYWWGYAAYCGCKTWT	MEME-1	NC_000962.3	4179365	4179385	-	3.73913	1.71e-05	1	GTTCTCCAAGGCTTCGCGGAT
GTTGTCYWWGYAAYCGCKTWT	MEME-1	NC_000962.3	4321226	4321246	+	3.73913	1.71e-05	1	GTCGACTTTGCCAAGGCGTTT
GTTGTCYWWGYAAYCGCKTWT	MEME-1	NC_000962.3	2245755	2245775	-	3.73188	1.73e-05	1	GTCGCCCAGGTATTCGCTCAT
TWTKCATTGYTWTYTMCCSW	MEME-2	NC_000962.3	950583	950602	-	3.0942	1.74e-05	1	TATATATTGCTGTCCAGCGA
TWTKCATTGYTWTYTMCCSW	MEME-2	NC_000962.3	2255104	2255123	-	3.0942	1.74e-05	1	TACGCATTGTTGTCTATTCC
GTTGTCYWWGYAAYCGCKTWT	MEME-1	NC_000962.3	179722	179742	-	3.67391	1.75e-05	1	GCTGTCCGCGCAACCGCTCAC
GTTGTCYWWGYAAYCGCKTWT	MEME-1	NC_000962.3	1939872	1939892	-	3.67391	1.75e-05	1	GGTGACCGCGTCACCGCGTAT
GTTGTCYWWGYAAYCGCKTWT	MEME-1	NC_000962.3	3801514	3801534	+	3.67391	1.75e-05	1	GCCGTCAATGCAACCGCGACT
GTTGTCYWWGYAAYCGCKTWT	MEME-1	NC_000962.3	4334553	4334573	-	3.67391	1.75e-05	1	GTTGTCGCAGCGTCCGCGCAT
GTTAWCKCYYSAAKAATYCC	MEME-3	NC_000962.3	1276002	1276021	+	3.08696	1.8e-05	1	GATATCTGTTGACGAATACG
GTTAWCKCYYSAAKAATYCC	MEME-3	NC_000962.3	3306035	3306054	+	3.08696	1.8e-05	1	TTTAACACTCGAATCGTTCG
GTTAWCKCYYSAAKAATYCC	MEME-3	NC_000962.3	4125779	4125798	+	3.08696	1.8e-05	1	GTCATTTCGTCCAGAATTCA
GTTAWCKCYYSAAKAATYCC	MEME-3	NC_000962.3	4347750	4347769	-	3.08696	1.8e-05	1	GTTATCTCCTCGACACTTTG
GTTAWCKCYYSAAKAATYCC	MEME-3	NC_000962.3	4407450	4407469	-	3.08696	1.8e-05	1	TTCAACTATCGAACCATTCC
GTTGTCYWWGYAAYCGCKTWT	MEME-1	NC_000962.3	3488385	3488405	+	3.28986	1.82e-05	1	GTTGGCCAACTATCACCGTTT
GTTGTCYWWGYAAYCGCKTWT	MEME-1	NC_000962.3	3910369	3910389	+	3.28986	1.82e-05	1	GTTGAGCAAACAACCGTTTTC
GTTAWCKCYYSAAKAATYCC	MEME-3	NC_000962.3	850982	851001	+	3.07971	1.85e-05	1	GTTATCTTGTCGATCAGTCC
GTTGTCYWWGYAAYCGCKTWT	MEME-1	NC_000962.3	645970	645990	+	3.28261	1.93e-05	1	GTTTTCCATGTGGCCGATTAA
GTTGTCYWWGYAAYCGCKTWT	MEME-1	NC_000962.3	2055946	2055966	-	3.28261	1.93e-05	1	GTTGCCTATCCCTCCGATTAT
GTTGTCYWWGYAAYCGCKTWT	MEME-1	NC_000962.3	2353185	2353205	-	3.28261	1.93e-05	1	GTTGGGCAAGTCATTGCGAAT
GTTGTCYWWGYAAYCGCKTWT	MEME-1	NC_000962.3	3099621	3099641	+	3.28261	1.93e-05	1	GTGGTTCTTGTAGCCGATCTT
GTTGTCYWWGYAAYCGCKTWT	MEME-1	NC_000962.3	895948	895968	+	3.27536	1.96e-05	1	GCTGGCCATGTACTCGGTGAT
GTTGTCYWWGYAAYCGCKTWT	MEME-1	NC_000962.3	1003039	1003059	+	3.27536	1.96e-05	1	GTTGTCCTTGTCTTTGCTGTC
GTTGTCYWWGYAAYCGCKTWT	MEME-1	NC_000962.3	1933928	1933948	-	3.27536	1.96e-05	1	GTTGCCCTAGTCATAGCTATC
GTTGTCYWWGYAAYCGCKTWT	MEME-1	NC_000962.3	180109	180129	+	3.22464	1.98e-05	1	GTGATGCCTGCAACCGCGTTG
GTTGTCYWWGYAAYCGCKTWT	MEME-1	NC_000962.3	4080742	4080762	-	3.22464	1.98e-05	1	TTTGTCCAGGCGACCGAGTTG
TWTKCATTGYTWTYTMCCSW	MEME-2	NC_000962.3	48094	48113	+	3.08696	2.01e-05	1	TTGGCATCGGTATCTAGCAT
TWTKCATTGYTWTYTMCCSW	MEME-2	NC_000962.3	884778	884797	+	3.08696	2.01e-05	1	GTTCCATTGTTGGCTAGCGT
TWTKCATTGYTWTYTMCCSW	MEME-2	NC_000962.3	2237588	2237607	+	3.08696	2.01e-05	1	TTTGCTTTGTCCTGTAACCA
TWTKCATTGYTWTYTMCCSW	MEME-2	NC_000962.3	2453378	2453397	+	3.08696	2.01e-05	1	AATGGATAGATTTCTACCAT
TWTKCATTGYTWTYTMCCSW	MEME-2	NC_000962.3	2976583	2976602	+	3.08696	2.01e-05	1	TTTTCACTGTTTGCTGTCGG
TWTKCATTGYTWTYTMCCSW	MEME-2	NC_000962.3	3011586	3011605	+	3.08696	2.01e-05	1	TTGCCATTGGTTTCCACGCT
TWTKCATTGYTWTYTMCCSW	MEME-2	NC_000962.3	3733574	3733593	-	3.08696	2.01e-05	1	TTTCCATTTCACTTCACCCT
TWTKCATTGYTWTYTMCCSW	MEME-2	NC_000962.3	3758335	3758354	-	3.08696	2.01e-05	1	TATTCATTCGGATCGGCCGA
TWTKCATTGYTWTYTMCCSW	MEME-2	NC_000962.3	4018076	4018095	-	3.08696	2.01e-05	1	TCTCGAATGCTTTTAACCGA
TWTKCATTGYTWTYTMCCSW	MEME-2	NC_000962.3	4195029	4195048	-	3.08696	2.01e-05	1	TGCTCATTGTCATCTTCGCA
TWTKCATTGYTWTYTMCCSW	MEME-2	NC_000962.3	775156	775175	+	3.07971	2.08e-05	1	TGTTCGGTGTGTTTTGCCGT
GTTGTCYWWGYAAYCGCKTWT	MEME-1	NC_000962.3	792307	792327	-	3.21739	2.08e-05	1	GATGTCCTTGCATTGGCGGGT
GTTGTCYWWGYAAYCGCKTWT	MEME-1	NC_000962.3	1266792	1266812	-	3.21739	2.08e-05	1	GTGGGCCTTGCACCGGCCTTT
GTTGTCYWWGYAAYCGCKTWT	MEME-1	NC_000962.3	1362389	1362409	+	3.21739	2.08e-05	1	GTTGTCGATGCCGCCTCGCAT
GTTGTCYWWGYAAYCGCKTWT	MEME-1	NC_000962.3	1810512	1810532	+	3.21739	2.08e-05	1	GGTGACTGAGCAGCGGCGTTT
GTTGTCYWWGYAAYCGCKTWT	MEME-1	NC_000962.3	1818041	1818061	-	3.21739	2.08e-05	1	GGTCTCCTCGTAACCGCGCAA
GTTGTCYWWGYAAYCGCKTWT	MEME-1	NC_000962.3	1887678	1887698	+	3.21739	2.08e-05	1	GTTGACCTTGCCACCGACCTT
GTTGTCYWWGYAAYCGCKTWT	MEME-1	NC_000962.3	2302544	2302564	-	3.21739	2.08e-05	1	GCTGTCTTCACCACCGCGTAC
GTTGTCYWWGYAAYCGCKTWT	MEME-1	NC_000962.3	2842581	2842601	-	3.21739	2.08e-05	1	GTGGGCCGTGCAACGGCTGAT
GTTGTCYWWGYAAYCGCKTWT	MEME-1	NC_000962.3	3405450	3405470	+	3.21739	2.08e-05	1	GCTGGGCCTGCAATCGCGGAT
GTTGTCYWWGYAAYCGCKTWT	MEME-1	NC_000962.3	3454887	3454907	-	3.21739	2.08e-05	1	GTTGTCCTTGCAGTTGCGCCC
GTTGTCYWWGYAAYCGCKTWT	MEME-1	NC_000962.3	3802958	3802978	-	3.21739	2.08e-05	1	GTTGCCCACGCCACCGGTTTG
GTTAWCKCYYSAAKAATYCC	MEME-3	NC_000962.3	101684	101703	+	3.02174	2.11e-05	1	GTTATCGCGGCACTAACCGC
GTTAWCKCYYSAAKAATYCC	MEME-3	NC_000962.3	226651	226670	+	3.02174	2.11e-05	1	GTTATCGCCAGACCTATTAC
GTTAWCKCYYSAAKAATYCC	MEME-3	NC_000962.3	370773	370792	+	3.02174	2.11e-05	1	GTTTCCGCTGCCAGAATTCA
GTTAWCKCYYSAAKAATYCC	MEME-3	NC_000962.3	485930	485949	-	3.02174	2.11e-05	1	ATTAGCGCTAGGATTATCCC
GTTAWCKCYYSAAKAATYCC	MEME-3	NC_000962.3	560328	560347	-	3.02174	2.11e-05	1	AGGAACGCTCAAAGAATGCC
GTTAWCKCYYSAAKAATYCC	MEME-3	NC_000962.3	729243	729262	-	3.02174	2.11e-05	1	GCTATACCCGCAAGGATTCC
GTTAWCKCYYSAAKAATYCC	MEME-3	NC_000962.3	910968	910987	-	3.02174	2.11e-05	1	GTAATAACTCCAACAAGCCC
GTTAWCKCYYSAAKAATYCC	MEME-3	NC_000962.3	1880731	1880750	-	3.02174	2.11e-05	1	GTTAGCTCGTGCAGATTCCA
GTTAWCKCYYSAAKAATYCC	MEME-3	NC_000962.3	1983696	1983715	+	3.02174	2.11e-05	1	GTTCCCGTGTCCAGAATTCC
GTTAWCKCYYSAAKAATYCC	MEME-3	NC_000962.3	2350068	2350087	-	3.02174	2.11e-05	1	GTCGTCGCGCGAACAATTGC
GTTAWCKCYYSAAKAATYCC	MEME-3	NC_000962.3	3615175	3615194	+	3.02174	2.11e-05	1	TCTAGCTCGTCAAGAACCCC
GTTAWCKCYYSAAKAATYCC	MEME-3	NC_000962.3	3765409	3765428	-	3.02174	2.11e-05	1	GTTATCGACACCACCATTCC
GTTAWCKCYYSAAKAATYCC	MEME-3	NC_000962.3	3842614	3842633	+	3.02174	2.11e-05	1	GTAAACACTCCAGCAATCGC
GTTAWCKCYYSAAKAATYCC	MEME-3	NC_000962.3	3843412	3843431	+	3.02174	2.11e-05	1	GTAAACACTCCAGCAATCGC
GTTAWCKCYYSAAKAATYCC	MEME-3	NC_000962.3	3847540	3847559	+	3.02174	2.11e-05	1	GTAAACACTCCAGCAATCGC
GTTGTCYWWGYAAYCGCKTWT	MEME-1	NC_000962.3	382772	382792	-	3.21014	2.11e-05	1	GTTGTCCTTGTTCGCGCGCAG
GTTGTCYWWGYAAYCGCKTWT	MEME-1	NC_000962.3	693020	693040	-	3.21014	2.11e-05	1	GTTGACGTAGTCGCCGCGGAT
GTTGTCYWWGYAAYCGCKTWT	MEME-1	NC_000962.3	741383	741403	-	3.21014	2.11e-05	1	GCTGACCATGCAATCGCTGGG
GTTGTCYWWGYAAYCGCKTWT	MEME-1	NC_000962.3	748591	748611	-	3.21014	2.11e-05	1	GCCGTCCATGTAGCCGCCCTT
GTTGTCYWWGYAAYCGCKTWT	MEME-1	NC_000962.3	1051283	1051303	+	3.21014	2.11e-05	1	GCCGTCCATGAATTCGCGGTT
GTTGTCYWWGYAAYCGCKTWT	MEME-1	NC_000962.3	2513178	2513198	-	3.21014	2.11e-05	1	GGTGTCTTTGATACCGCGGTC
GTTGTCYWWGYAAYCGCKTWT	MEME-1	NC_000962.3	3068201	3068221	+	3.21014	2.11e-05	1	GTTGCCCTTGAAGTCGCGAAC
GTTGTCYWWGYAAYCGCKTWT	MEME-1	NC_000962.3	3189329	3189349	-	3.21014	2.11e-05	1	GTGGCCGTTGCTATCGCGGTT
GTTGTCYWWGYAAYCGCKTWT	MEME-1	NC_000962.3	3436227	3436247	-	3.21014	2.11e-05	1	GTCGTCGATGCCGTCGCGGTT
TWTKCATTGYTWTYTMCCSW	MEME-2	NC_000962.3	1433596	1433615	-	2.63768	2.19e-05	1	TATTTATTTGTTTCCCACGA
GTTAWCKCYYSAAKAATYCC	MEME-3	NC_000962.3	1646163	1646182	-	3.01449	2.21e-05	1	GAGATCGCCTAAGCAATTCC
GTTAWCKCYYSAAKAATYCC	MEME-3	NC_000962.3	3278395	3278414	+	3.01449	2.21e-05	1	GGTCACTCGCAACGAATTCC
GTTAWCKCYYSAAKAATYCC	MEME-3	NC_000962.3	3367150	3367169	+	3.01449	2.21e-05	1	GATAGCCCTTCCTGAATTCC
GTTAWCKCYYSAAKAATYCC	MEME-3	NC_000962.3	3823963	3823982	-	3.01449	2.21e-05	1	GTTGACCCATGATGATTTCC
GTTGTCYWWGYAAYCGCKTWT	MEME-1	NC_000962.3	426334	426354	+	2.76087	2.24e-05	1	GTTGTTCATGCTGCCGGTGAT
GTTGTCYWWGYAAYCGCKTWT	MEME-1	NC_000962.3	1736753	1736773	-	2.76087	2.24e-05	1	CTCCACCTTGTAACCGCGCAT
GTTGTCYWWGYAAYCGCKTWT	MEME-1	NC_000962.3	2707527	2707547	+	2.76087	2.24e-05	1	CTTGCCCTAACAACCGCTGTG
GTTGTCYWWGYAAYCGCKTWT	MEME-1	NC_000962.3	2897187	2897207	-	2.76087	2.24e-05	1	GCTGTTCAAGCAGCTGCTGAT
GTTGTCYWWGYAAYCGCKTWT	MEME-1	NC_000962.3	3274660	3274680	+	2.76087	2.24e-05	1	CTGGTGCAAGCAATCGCGATC
GTTAWCKCYYSAAKAATYCC	MEME-3	NC_000962.3	4300762	4300781	+	2.63043	2.25e-05	1	TTTCAATCTTCGAGAATTCG
GTTGTCYWWGYAAYCGCKTWT	MEME-1	NC_000962.3	430936	430956	+	2.75362	2.3e-05	1	GTTGCCCATGTCGCCGGTGAT
GTTGTCYWWGYAAYCGCKTWT	MEME-1	NC_000962.3	1890577	1890597	-	2.75362	2.3e-05	1	CTAGGCTTTGCAATCGCGCAA
GTTGTCYWWGYAAYCGCKTWT	MEME-1	NC_000962.3	2729078	2729098	-	2.75362	2.3e-05	1	GTTGGCCAAGCGATCGGTCTG
GTTGTCYWWGYAAYCGCKTWT	MEME-1	NC_000962.3	4048996	4049016	+	2.74638	2.3e-05	1	GTCGGCCAAGTCGTCGCTGTT
GTTAWCKCYYSAAKAATYCC	MEME-3	NC_000962.3	340210	340229	-	2.57246	2.31e-05	1	CTCAACGCCTCAACAATCTG
GTTAWCKCYYSAAKAATYCC	MEME-3	NC_000962.3	1687193	1687212	-	2.57246	2.31e-05	1	GTTTTATCACCAAGAATCGA
GTTAWCKCYYSAAKAATYCC	MEME-3	NC_000962.3	1745064	1745083	-	2.57246	2.31e-05	1	GTTAAGTCACCAAGATTCAT
GTTGTCYWWGYAAYCGCKTWT	MEME-1	NC_000962.3	3547341	3547361	+	2.69565	2.33e-05	1	GATGTCCACCCAACCGCGGTC
GTTGTCYWWGYAAYCGCKTWT	MEME-1	NC_000962.3	3410700	3410720	+	2.68841	2.35e-05	1	GTCGTCCCAGTAGCCGCGATC
TWTKCATTGYTWTYTMCCSW	MEME-2	NC_000962.3	801473	801492	-	2.63043	2.37e-05	1	TTTTGAGTGTCTTCTGCTCT
TWTKCATTGYTWTYTMCCSW	MEME-2	NC_000962.3	1525187	1525206	+	2.63043	2.37e-05	1	TATTCATTCCGATTCAACCG
TWTKCATTGYTWTYTMCCSW	MEME-2	NC_000962.3	1608740	1608759	+	2.63043	2.37e-05	1	TTCGTGTTCTTTTTTCCCTT
TWTKCATTGYTWTYTMCCSW	MEME-2	NC_000962.3	1697036	1697055	-	2.63043	2.37e-05	1	TATTGAATGCGATTTGCAGT
TWTKCATTGYTWTYTMCCSW	MEME-2	NC_000962.3	2025073	2025092	-	2.63043	2.37e-05	1	TATTCATTCCTCGTAAACGA
TWTKCATTGYTWTYTMCCSW	MEME-2	NC_000962.3	3559262	3559281	-	2.63043	2.37e-05	1	CTTGGCTTGCTATTTAGCTT
TWTKCATTGYTWTYTMCCSW	MEME-2	NC_000962.3	3614380	3614399	-	2.63043	2.37e-05	1	TATGAAGCGTTATTTGACGA
TWTKCATTGYTWTYTMCCSW	MEME-2	NC_000962.3	4129369	4129388	-	2.63043	2.37e-05	1	TTTCGGTTGTTTTCCACGCT
GTTGTCYWWGYAAYCGCKTWT	MEME-1	NC_000962.3	358651	358671	+	2.23913	2.39e-05	1	GTGGTCCAATCTCCGGCGTAT
GTTGTCYWWGYAAYCGCKTWT	MEME-1	NC_000962.3	2032690	2032710	+	2.23913	2.39e-05	1	GTTGTTCTTGCCACCGGGGTG
GTTGTCYWWGYAAYCGCKTWT	MEME-1	NC_000962.3	253170	253190	+	2.23188	2.45e-05	1	GATGGCCATGCTGCCGTTTTT
GTTGTCYWWGYAAYCGCKTWT	MEME-1	NC_000962.3	521622	521642	-	2.23188	2.45e-05	1	GGTGTCCATGCAGTCACGGAC
GTTGTCYWWGYAAYCGCKTWT	MEME-1	NC_000962.3	2288783	2288803	+	2.23188	2.45e-05	1	GGTGGCCAAGCCATTGCGTAC
GTTGTCYWWGYAAYCGCKTWT	MEME-1	NC_000962.3	2417194	2417214	-	2.23188	2.45e-05	1	CTGGGCCTAGCCACCGCTTTG
GTTGTCYWWGYAAYCGCKTWT	MEME-1	NC_000962.3	2682558	2682578	-	2.23188	2.45e-05	1	GTGGATCATGTGTCCGCGTAT
GTTGTCYWWGYAAYCGCKTWT	MEME-1	NC_000962.3	2953351	2953371	+	2.23188	2.45e-05	1	GTTGGCTTTGCGACCGTGGTC
GTTGTCYWWGYAAYCGCKTWT	MEME-1	NC_000962.3	4276483	4276503	-	2.23188	2.45e-05	1	GGTGTCTATGCGCCGGCGATT
GTTGTCYWWGYAAYCGCKTWT	MEME-1	NC_000962.3	4301339	4301359	-	2.23188	2.45e-05	1	TGTGTCCAAGTTGCCGCGGTT
GTTGTCYWWGYAAYCGCKTWT	MEME-1	NC_000962.3	1153789	1153809	+	2.22464	2.45e-05	1	GCTGGCCAAGCGCTCGCTGTT
TWTKCATTGYTWTYTMCCSW	MEME-2	NC_000962.3	3069632	3069651	+	2.62319	2.46e-05	1	TTGTCCTTGTTATACAGCCT
GTTGTCYWWGYAAYCGCKTWT	MEME-1	NC_000962.3	1324734	1324754	-	1.71014	2.48e-05	1	GTTGACCTTGCCGCTGCGTTA
GTTGTCYWWGYAAYCGCKTWT	MEME-1	NC_000962.3	1414447	1414467	-	1.71014	2.48e-05	1	GTCGTCCATGCAGCCGGGCAA
GTTGTCYWWGYAAYCGCKTWT	MEME-1	NC_000962.3	4082688	4082708	+	1.71014	2.48e-05	1	GCTGGCCTACCAGCCGCGTAA
GTTGTCYWWGYAAYCGCKTWT	MEME-1	NC_000962.3	1152774	1152794	-	1.63768	2.49e-05	1	GTTTTCGACGAAATTGCCTAT
GTTGTCYWWGYAAYCGCKTWT	MEME-1	NC_000962.3	2458856	2458876	+	1.18116	2.5e-05	1	GTTGTATCAGAAAAGGTTTAT
GTTGTCYWWGYAAYCGCKTWT	MEME-1	NC_000962.3	621371	621391	+	1.11594	2.5e-05	1	GTTGTCGTTGAAAGGGGGTGT
GTTGTCYWWGYAAYCGCKTWT	MEME-1	NC_000962.3	2652350	2652370	-	0.586957	2.58e-05	1	GTTGTCGACGCCAATGCTTGT
GTTGTCYWWGYAAYCGCKTWT	MEME-1	NC_000962.3	1778308	1778328	+	0.57971	2.59e-05	1	GTTGACGTTGGAAGCGCTTGC
GTTAWCKCYYSAAKAATYCC	MEME-3	NC_000962.3	543733	543752	+	2.56522	2.6e-05	1	ACTCGAGCTCGAATAATTCC
GTTAWCKCYYSAAKAATYCC	MEME-3	NC_000962.3	1350233	1350252	+	2.56522	2.6e-05	1	GTTATCTGCTCAACCAGCCG
GTTAWCKCYYSAAKAATYCC	MEME-3	NC_000962.3	1401499	1401518	+	2.56522	2.6e-05	1	CTTCTCGCTAGTAGAATTGC
GTTAWCKCYYSAAKAATYCC	MEME-3	NC_000962.3	1993219	1993238	-	2.56522	2.6e-05	1	CTGATCGGTTCAGAAATCCC
GTTAWCKCYYSAAKAATYCC	MEME-3	NC_000962.3	2338897	2338916	-	2.56522	2.6e-05	1	AATATCGCTCCAACAAATCG
GTTAWCKCYYSAAKAATYCC	MEME-3	NC_000962.3	2489368	2489387	+	2.56522	2.6e-05	1	GTCAACTCCCGAACACTTTG
GTTAWCKCYYSAAKAATYCC	MEME-3	NC_000962.3	2489422	2489441	+	2.56522	2.6e-05	1	GGTAGTTGTCCAGGAATTCC
GTTAWCKCYYSAAKAATYCC	MEME-3	NC_000962.3	2584707	2584726	+	2.56522	2.6e-05	1	CCTAACTGACGATGAATTCC
GTTAWCKCYYSAAKAATYCC	MEME-3	NC_000962.3	2611803	2611822	-	2.56522	2.6e-05	1	ATTACCGCTTCCAGAACTCA
GTTAWCKCYYSAAKAATYCC	MEME-3	NC_000962.3	3623075	3623094	-	2.56522	2.6e-05	1	TTGATGTCGCCAAGAGTTCC
GTTAWCKCYYSAAKAATYCC	MEME-3	NC_000962.3	4330035	4330054	-	2.56522	2.6e-05	1	TGCACCGCTTCAATAATCAC
GTTGTCYWWGYAAYCGCKTWT	MEME-1	NC_000962.3	1473651	1473671	+	0.195652	2.64e-05	1	GTTGTGTTTGTAAGTGTCTAA
GTTGTCYWWGYAAYCGCKTWT	MEME-1	NC_000962.3	21539	21559	-	0.130435	2.75e-05	1	TTTGCCGCCGTAATCACGTTT
GTTGTCYWWGYAAYCGCKTWT	MEME-1	NC_000962.3	2581172	2581192	+	0.130435	2.75e-05	1	GTTGTCGATGAAAACCTGCTT
GTTGTCYWWGYAAYCGCKTWT	MEME-1	NC_000962.3	3528228	3528248	+	0.130435	2.75e-05	1	GTTGTTTCCGAAACCGATGTT
GTTGTCYWWGYAAYCGCKTWT	MEME-1	NC_000962.3	4293217	4293237	-	0.130435	2.75e-05	1	GTCGTCACAGTAAGAACGTTT
GTTGTCYWWGYAAYCGCKTWT	MEME-1	NC_000962.3	4356556	4356576	-	0.130435	2.75e-05	1	GTTCTGTCAGGAACCGCCAAT
GTTGTCYWWGYAAYCGCKTWT	MEME-1	NC_000962.3	255324	255344	-	0.123188	2.8e-05	1	GTCGTCGACGAGATCGATTAT
GTTGTCYWWGYAAYCGCKTWT	MEME-1	NC_000962.3	2539849	2539869	+	0.123188	2.8e-05	1	GTTGTGGTGGTGATCGCACTT
GTTGTCYWWGYAAYCGCKTWT	MEME-1	NC_000962.3	3316961	3316981	+	0.123188	2.8e-05	1	GTTGTCATGGTGATTGCCAAT
GTTGTCYWWGYAAYCGCKTWT	MEME-1	NC_000962.3	3444783	3444803	+	0.123188	2.8e-05	1	GTTGTCGTCGTTGTCGATTGT
GTTGTCYWWGYAAYCGCKTWT	MEME-1	NC_000962.3	3515158	3515178	-	0.123188	2.8e-05	1	GTTGTCGAAGAATTCCCAGTT
GTTGTCYWWGYAAYCGCKTWT	MEME-1	NC_000962.3	3531070	3531090	+	0.123188	2.8e-05	1	GTCGTCGAGGTAATCCCCGAT
GTTGTCYWWGYAAYCGCKTWT	MEME-1	NC_000962.3	4019585	4019605	+	0.123188	2.8e-05	1	GTTGCCTGAGGAGTCTCTTGT
GTTGTCYWWGYAAYCGCKTWT	MEME-1	NC_000962.3	451449	451469	+	0.0652174	2.81e-05	1	CTTGGCCCTGGAAGCGCGTCT
GTTGTCYWWGYAAYCGCKTWT	MEME-1	NC_000962.3	1506809	1506829	-	0.0652174	2.81e-05	1	GTTTTCGGTGAAACCGCGGGT
TWTKCATTGYTWTYTMCCSW	MEME-2	NC_000962.3	584137	584156	+	2.56522	2.82e-05	1	TTGGCATTGCCATGTCCGTA
TWTKCATTGYTWTYTMCCSW	MEME-2	NC_000962.3	780065	780084	+	2.56522	2.82e-05	1	TTACCATTCCTAGTTCCCGG
TWTKCATTGYTWTYTMCCSW	MEME-2	NC_000962.3	1370100	1370119	-	2.56522	2.82e-05	1	GCTGCGTTGGTTTTTCACCA
TWTKCATTGYTWTYTMCCSW	MEME-2	NC_000962.3	1846194	1846213	+	2.56522	2.82e-05	1	CGTCCATCGCTATCTACGCA
TWTKCATTGYTWTYTMCCSW	MEME-2	NC_000962.3	2007068	2007087	+	2.56522	2.82e-05	1	TATGCGCTGCTCTTTTTCCA
TWTKCATTGYTWTYTMCCSW	MEME-2	NC_000962.3	2630891	2630910	-	2.56522	2.82e-05	1	CCTGCATTGTCATTTCGCCG
TWTKCATTGYTWTYTMCCSW	MEME-2	NC_000962.3	3183724	3183743	-	2.56522	2.82e-05	1	GTTGCGTTGTTCTCTAGCGC
TWTKCATTGYTWTYTMCCSW	MEME-2	NC_000962.3	3944052	3944071	-	2.56522	2.82e-05	1	TTTGCGGTGTTATCTGCTCC
TWTKCATTGYTWTYTMCCSW	MEME-2	NC_000962.3	4316743	4316762	+	2.56522	2.82e-05	1	TTTCCACAGCTTTATCCACA
GTTGTCYWWGYAAYCGCKTWT	MEME-1	NC_000962.3	3109634	3109654	-	0.057971	2.82e-05	1	GTCGTCGCGGTAACCGCCGTT
GTTGTCYWWGYAAYCGCKTWT	MEME-1	NC_000962.3	4243284	4243304	+	0.057971	2.82e-05	1	GTCGTCTCGGGAATCGCGGGT
GTTAWCKCYYSAAKAATYCC	MEME-3	NC_000962.3	1530857	1530876	+	2.55797	2.82e-05	1	GTTAACGTTCAGGTAGTTCC
GTTAWCKCYYSAAKAATYCC	MEME-3	NC_000962.3	3231287	3231306	-	2.55797	2.82e-05	1	GTCTACTCTGGAATCATCAC
GTTAWCKCYYSAAKAATYCC	MEME-3	NC_000962.3	3384579	3384598	+	2.55797	2.82e-05	1	GCGATCGGTAGAATAGTTCC
GTTAWCKCYYSAAKAATYCC	MEME-3	NC_000962.3	3675923	3675942	+	2.55797	2.82e-05	1	GATATCTCCTCACCGATTCG
GTTAWCKCYYSAAKAATYCC	MEME-3	NC_000962.3	4042054	4042073	+	2.55797	2.82e-05	1	GCCACCTCTTGAATAAGCTC
GTTAWCKCYYSAAKAATYCC	MEME-3	NC_000962.3	4356468	4356487	+	2.55797	2.82e-05	1	ATGATCGCTGCCATCATTCC
GTTAWCKCYYSAAKAATYCC	MEME-3	NC_000962.3	3963276	3963295	-	2.55072	2.84e-05	1	GTCATCTCTTCGCTCATACC
GTTAWCKCYYSAAKAATYCC	MEME-3	NC_000962.3	83938	83957	+	2.5	2.99e-05	1	GGTACCGCTACAAGCATCCG
GTTAWCKCYYSAAKAATYCC	MEME-3	NC_000962.3	1085177	1085196	+	2.5	2.99e-05	1	GGTAGCGCTCGCAGAATACG
GTTAWCKCYYSAAKAATYCC	MEME-3	NC_000962.3	1112378	1112397	+	2.5	2.99e-05	1	GTCATCATGCCAAGCATCCC
GTTAWCKCYYSAAKAATYCC	MEME-3	NC_000962.3	1371563	1371582	+	2.5	2.99e-05	1	GTGAGCTGCGCCAGAATCCC
GTTAWCKCYYSAAKAATYCC	MEME-3	NC_000962.3	1498108	1498127	-	2.5	2.99e-05	1	GATACCGCGTCACGAATCCT
GTTAWCKCYYSAAKAATYCC	MEME-3	NC_000962.3	1524210	1524229	-	2.5	2.99e-05	1	GTAATAGCAGCGAGAATCCC
GTTAWCKCYYSAAKAATYCC	MEME-3	NC_000962.3	1971498	1971517	-	2.5	2.99e-05	1	GTTACCGCCGGCGTAATCGC
GTTAWCKCYYSAAKAATYCC	MEME-3	NC_000962.3	2215775	2215794	+	2.5	2.99e-05	1	GTTAGGGCTCGAACTTTCCC
GTTAWCKCYYSAAKAATYCC	MEME-3	NC_000962.3	2553096	2553115	-	2.5	2.99e-05	1	GTAAACGCCGGATGAATAAC
GTTAWCKCYYSAAKAATYCC	MEME-3	NC_000962.3	2688935	2688954	+	2.5	2.99e-05	1	GTTACCTCGCCAAGAGACGC
GTTAWCKCYYSAAKAATYCC	MEME-3	NC_000962.3	2832113	2832132	-	2.5	2.99e-05	1	GATATCGCGGCACGAATCCG
GTTAWCKCYYSAAKAATYCC	MEME-3	NC_000962.3	3336452	3336471	+	2.5	2.99e-05	1	GTTATCGACCACACCATCCC
GTTAWCKCYYSAAKAATYCC	MEME-3	NC_000962.3	3521271	3521290	-	2.5	2.99e-05	1	GTCATCGCCAGAAACATCGC
GTTGTCYWWGYAAYCGCKTWT	MEME-1	NC_000962.3	2252810	2252830	-	-0.326087	3e-05	1	GTAGTCTTTTCAATTGGCTGT
TWTKCATTGYTWTYTMCCSW	MEME-2	NC_000962.3	232730	232749	-	2.55797	3.04e-05	1	CATCCATGGGTTCTTCCCGA
TWTKCATTGYTWTYTMCCSW	MEME-2	NC_000962.3	2422272	2422291	+	2.55797	3.04e-05	1	TAGGCATGGCTTTTGACCTC
TWTKCATTGYTWTYTMCCSW	MEME-2	NC_000962.3	3458306	3458325	-	2.55797	3.04e-05	1	TTGTCACTGTTTTGGCCCGG
TWTKCATTGYTWTYTMCCSW	MEME-2	NC_000962.3	3617438	3617457	-	2.55797	3.04e-05	1	TATCCAGCGTTCCTTCCCGT
TWTKCATTGYTWTYTMCCSW	MEME-2	NC_000962.3	4307549	4307568	+	2.55797	3.04e-05	1	CGTTCATTGACACCTACCGA
TWTKCATTGYTWTYTMCCSW	MEME-2	NC_000962.3	4359706	4359725	+	2.55797	3.04e-05	1	TCTTCATCGGCTTCCACCCA
TWTKCATTGYTWTYTMCCSW	MEME-2	NC_000962.3	1809887	1809906	+	2.5	3.05e-05	1	TGTGCTTTGCTCGCTGCCGT
TWTKCATTGYTWTYTMCCSW	MEME-2	NC_000962.3	3148953	3148972	+	2.5	3.05e-05	1	TGTTCATAGCTCTCCCCCGG
TWTKCATTGYTWTYTMCCSW	MEME-2	NC_000962.3	2632307	2632326	-	2.17391	3.08e-05	1	TTCGAATAATTTTTTACTGT
TWTKCATTGYTWTYTMCCSW	MEME-2	NC_000962.3	3078093	3078112	+	2.17391	3.08e-05	1	TATTGATCTCTATTGATCGA
TWTKCATTGYTWTYTMCCSW	MEME-2	NC_000962.3	3677219	3677238	+	2.16667	3.1e-05	1	GAGTCATTGTTTTTGATGCT
GTTGTCYWWGYAAYCGCKTWT	MEME-1	NC_000962.3	443904	443924	+	-0.333333	3.11e-05	1	CATGTCGTCGTAATAGCTGTT
GTTGTCYWWGYAAYCGCKTWT	MEME-1	NC_000962.3	751717	751737	+	-0.333333	3.11e-05	1	GGTGTTTCTGAAATCTCTGAT
GTTGTCYWWGYAAYCGCKTWT	MEME-1	NC_000962.3	1696330	1696350	+	-0.333333	3.11e-05	1	GATGCCGGTGTAATCAGTTTT
GTTGTCYWWGYAAYCGCKTWT	MEME-1	NC_000962.3	1966603	1966623	-	-0.333333	3.11e-05	1	GTTGTCATCGTGATGGTTTTC
GTTGTCYWWGYAAYCGCKTWT	MEME-1	NC_000962.3	2627583	2627603	+	-0.333333	3.11e-05	1	CTTGTCGATGTCAACACTGTT
GTTGTCYWWGYAAYCGCKTWT	MEME-1	NC_000962.3	2899741	2899761	-	-0.333333	3.11e-05	1	GGTGTCGAAGTAGGCCGTTTT
GTTGTCYWWGYAAYCGCKTWT	MEME-1	NC_000962.3	3597689	3597709	+	-0.333333	3.11e-05	1	CTTGTCGATCTGATCGCCTTC
GTTGTCYWWGYAAYCGCKTWT	MEME-1	NC_000962.3	3925937	3925957	-	-0.333333	3.11e-05	1	CTCGTCGTTGTAATAGCCTTC
GTTAWCKCYYSAAKAATYCC	MEME-3	NC_000962.3	432197	432216	-	2.49275	3.13e-05	1	GTCACCACTCCATTCATCCC
GTTAWCKCYYSAAKAATYCC	MEME-3	NC_000962.3	635212	635231	-	2.49275	3.13e-05	1	GTGATCGCCGGATCAGTTCC
GTTAWCKCYYSAAKAATYCC	MEME-3	NC_000962.3	1036615	1036634	+	2.49275	3.13e-05	1	GATATCACGCGAAGTGTTCC
GTTAWCKCYYSAAKAATYCC	MEME-3	NC_000962.3	1274063	1274082	-	2.49275	3.13e-05	1	GTGATCGCGGCAATTAGCCC
GTTAWCKCYYSAAKAATYCC	MEME-3	NC_000962.3	1472699	1472718	+	2.49275	3.13e-05	1	GCTAACGCATTAAGTACCCC
GTTAWCKCYYSAAKAATYCC	MEME-3	NC_000962.3	1537191	1537210	+	2.49275	3.13e-05	1	GATAGCGCTCGGACAGTTCC
GTTAWCKCYYSAAKAATYCC	MEME-3	NC_000962.3	1605945	1605964	-	2.49275	3.13e-05	1	GGTTACGCAGCAAGAACTCC
GTTAWCKCYYSAAKAATYCC	MEME-3	NC_000962.3	1897159	1897178	+	2.49275	3.13e-05	1	GGCATCGCGGCAAGGATTCC
GTTAWCKCYYSAAKAATYCC	MEME-3	NC_000962.3	2309335	2309354	+	2.49275	3.13e-05	1	GCTATCACCGCACTGATCCC
GTTAWCKCYYSAAKAATYCC	MEME-3	NC_000962.3	2459062	2459081	+	2.49275	3.13e-05	1	GTGGCCTCATCAAGAACCCC
GTTAWCKCYYSAAKAATYCC	MEME-3	NC_000962.3	2990753	2990772	+	2.49275	3.13e-05	1	GCTCACCCCGCAGGAATTCC
GTTAWCKCYYSAAKAATYCC	MEME-3	NC_000962.3	3665670	3665689	+	2.49275	3.13e-05	1	GTGAACGCTCCAGCCATACC
GTTAWCKCYYSAAKAATYCC	MEME-3	NC_000962.3	4174820	4174839	+	2.49275	3.13e-05	1	GTTGACGCGTCACATATCCC
GTTGTCYWWGYAAYCGCKTWT	MEME-1	NC_000962.3	2929435	2929455	-	-0.391304	3.2e-05	1	GTTGTCCAGCGAACCGGCGTT
GTTGTCYWWGYAAYCGCKTWT	MEME-1	NC_000962.3	3228725	3228745	-	-0.391304	3.2e-05	1	GGTGTCGCGATAACCGAGTTT
GTTGTCYWWGYAAYCGCKTWT	MEME-1	NC_000962.3	4336286	4336306	-	-0.391304	3.2e-05	1	GTTGGCATGTCAAGCGGGTTT
GTTAWCKCYYSAAKAATYCC	MEME-3	NC_000962.3	2167541	2167560	+	2.1087	3.21e-05	1	ATTAATTCCCCGATGATTTC
GTTAWCKCYYSAAKAATYCC	MEME-3	NC_000962.3	2813616	2813635	-	2.1087	3.21e-05	1	CTTGTGGTTTGAAGAGTTCC
GTTAWCKCYYSAAKAATYCC	MEME-3	NC_000962.3	3533923	3533942	+	2.1087	3.21e-05	1	TCTAACTTCTGCAGAATTTC
GTTAWCKCYYSAAKAATYCC	MEME-3	NC_000962.3	596610	596629	+	2.10145	3.29e-05	1	GTGAAATCCTGAATTCTTCA
GTTAWCKCYYSAAKAATYCC	MEME-3	NC_000962.3	1307705	1307724	-	2.10145	3.29e-05	1	GGTATCTGCTCAATCAGTTC
GTTAWCKCYYSAAKAATYCC	MEME-3	NC_000962.3	1902101	1902120	-	2.10145	3.29e-05	1	GGTATTTGTTGACGAACTCC
GTTAWCKCYYSAAKAATYCC	MEME-3	NC_000962.3	2273199	2273218	+	2.10145	3.29e-05	1	CGAATCTCCTGAATGATTTC
GTTAWCKCYYSAAKAATYCC	MEME-3	NC_000962.3	2363153	2363172	-	2.10145	3.29e-05	1	TTTTTCTCCTCGATCATTTC
GTTAWCKCYYSAAKAATYCC	MEME-3	NC_000962.3	3077375	3077394	+	2.10145	3.29e-05	1	TCAATGTCCTGAATGATTCC
GTTAWCKCYYSAAKAATYCC	MEME-3	NC_000962.3	848139	848158	+	2.05072	3.32e-05	1	ATTAAAGCCACCAGAATCCT
GTTAWCKCYYSAAKAATYCC	MEME-3	NC_000962.3	3527226	3527245	+	2.05072	3.32e-05	1	GTTCTTCACCGAAGAATCCG
GTTGTCYWWGYAAYCGCKTWT	MEME-1	NC_000962.3	81415	81435	-	-0.398551	3.36e-05	1	GTTGGCGTGCCAATCGCCTTG
GTTGTCYWWGYAAYCGCKTWT	MEME-1	NC_000962.3	222471	222491	+	-0.398551	3.36e-05	1	GCTGTCCTGGTATGCCCTTGT
GTTGTCYWWGYAAYCGCKTWT	MEME-1	NC_000962.3	279626	279646	+	-0.398551	3.36e-05	1	GATGTTGCAGAACTCGCGTAT
GTTGTCYWWGYAAYCGCKTWT	MEME-1	NC_000962.3	383083	383103	+	-0.398551	3.36e-05	1	GCTGTCGTTGCAGGCGATTGT
GTTGTCYWWGYAAYCGCKTWT	MEME-1	NC_000962.3	522155	522175	+	-0.398551	3.36e-05	1	GTTGTCGACGTAACTGCCCTA
GTTGTCYWWGYAAYCGCKTWT	MEME-1	NC_000962.3	1258516	1258536	-	-0.398551	3.36e-05	1	GTTGCCGGCGTAATAGCGCAT
GTTGTCYWWGYAAYCGCKTWT	MEME-1	NC_000962.3	1567377	1567397	-	-0.398551	3.36e-05	1	GTTGTCCTCGTAGGCGATAGT
GTTGTCYWWGYAAYCGCKTWT	MEME-1	NC_000962.3	1947924	1947944	-	-0.398551	3.36e-05	1	GTTGTGAAAGAACGCGCGTAC
GTTGTCYWWGYAAYCGCKTWT	MEME-1	NC_000962.3	2555986	2556006	-	-0.398551	3.36e-05	1	GTTGTCGGTGATGCCGATTTT
GTTGTCYWWGYAAYCGCKTWT	MEME-1	NC_000962.3	2631677	2631697	+	-0.398551	3.36e-05	1	GTTGTCGTTGGCACCACCGTT
GTTGTCYWWGYAAYCGCKTWT	MEME-1	NC_000962.3	2692063	2692083	+	-0.398551	3.36e-05	1	TTTGCCTGGGTAACCGCATTG
GTTGTCYWWGYAAYCGCKTWT	MEME-1	NC_000962.3	3509681	3509701	-	-0.398551	3.36e-05	1	GTTGTCGCTGTAGACGAGGAT
GTTGTCYWWGYAAYCGCKTWT	MEME-1	NC_000962.3	4380433	4380453	-	-0.398551	3.36e-05	1	GATGTCCAAGAAAGCGTTTCC
GTTGTCYWWGYAAYCGCKTWT	MEME-1	NC_000962.3	598792	598812	-	-0.405797	3.38e-05	1	GTTGTCAATGACCTCGCCCAT
GTTGTCYWWGYAAYCGCKTWT	MEME-1	NC_000962.3	2731283	2731303	+	-0.405797	3.38e-05	1	GTTGACTTCGTAGTCGCCTGC
GTTGTCYWWGYAAYCGCKTWT	MEME-1	NC_000962.3	2894121	2894141	+	-0.405797	3.38e-05	1	GTCGACGATGGAATCGCTGGT
GTTGTCYWWGYAAYCGCKTWT	MEME-1	NC_000962.3	1884817	1884837	-	-0.463768	3.38e-05	1	GCTGCCGGGGCAACCGCCTTT
TWTKCATTGYTWTYTMCCSW	MEME-2	NC_000962.3	808673	808692	+	2.1087	3.41e-05	1	TTGCGCTTGCTTTTTCGCGT
TWTKCATTGYTWTYTMCCSW	MEME-2	NC_000962.3	1054166	1054185	+	2.1087	3.41e-05	1	TTTTCAGTACTGTCCAACGT
TWTKCATTGYTWTYTMCCSW	MEME-2	NC_000962.3	1528250	1528269	+	2.1087	3.41e-05	1	TATTCAGTGCTTGATCAACT
TWTKCATTGYTWTYTMCCSW	MEME-2	NC_000962.3	1982584	1982603	-	2.1087	3.41e-05	1	TTTGGAATACCCTTTACCCT
TWTKCATTGYTWTYTMCCSW	MEME-2	NC_000962.3	2545586	2545605	-	2.1087	3.41e-05	1	CATTCATTACGATCTCACAA
GTTGTCYWWGYAAYCGCKTWT	MEME-1	NC_000962.3	2218403	2218423	-	-0.782609	3.46e-05	1	GTTGTAGTACCACTGGTTTAT
GTTGTCYWWGYAAYCGCKTWT	MEME-1	NC_000962.3	3381121	3381141	+	-0.789855	3.54e-05	1	GTTGCGTATGTCAACTGTTAT
GTTGTCYWWGYAAYCGCKTWT	MEME-1	NC_000962.3	3723278	3723298	+	-0.789855	3.54e-05	1	CTTGTCTTTGAACTGGGTCAT
GTTAWCKCYYSAAKAATYCC	MEME-3	NC_000962.3	717005	717024	+	2.04348	3.62e-05	1	GTTCAAGGGCGAAGATTTCC
GTTAWCKCYYSAAKAATYCC	MEME-3	NC_000962.3	970788	970807	+	2.04348	3.62e-05	1	GTTTCGGCTTGAAGATTCCG
GTTAWCKCYYSAAKAATYCC	MEME-3	NC_000962.3	1231542	1231561	-	2.04348	3.62e-05	1	GTTCAGGCTCCAACAGTCCT
GTTAWCKCYYSAAKAATYCC	MEME-3	NC_000962.3	1262271	1262290	+	2.04348	3.62e-05	1	GCTAACCGTCGAAGAACCCG
GTTAWCKCYYSAAKAATYCC	MEME-3	NC_000962.3	1460427	1460446	-	2.04348	3.62e-05	1	GTGATCGCCTCAAAAAACAA
GTTAWCKCYYSAAKAATYCC	MEME-3	NC_000962.3	1571494	1571513	+	2.04348	3.62e-05	1	GATATTGCCGGAATCATCGC
GTTAWCKCYYSAAKAATYCC	MEME-3	NC_000962.3	1673236	1673255	-	2.04348	3.62e-05	1	ATTGACGCCCTACGAATTGC
GTTAWCKCYYSAAKAATYCC	MEME-3	NC_000962.3	1883051	1883070	-	2.04348	3.62e-05	1	GGTGCCTGCTCAAGAATCAC
GTTAWCKCYYSAAKAATYCC	MEME-3	NC_000962.3	2179452	2179471	-	2.04348	3.62e-05	1	GTAATCGCCCCAACAAGTAG
GTTAWCKCYYSAAKAATYCC	MEME-3	NC_000962.3	2397282	2397301	-	2.04348	3.62e-05	1	GTCAACCTCTCACGAATCCG
GTTAWCKCYYSAAKAATYCC	MEME-3	NC_000962.3	3868907	3868926	+	2.04348	3.62e-05	1	GTTATCGCCACCATATTCGG
GTTGTCYWWGYAAYCGCKTWT	MEME-1	NC_000962.3	1883608	1883628	+	-0.847826	3.74e-05	1	GTTGTTGCAGCACTGGGGTAT
GTTGTCYWWGYAAYCGCKTWT	MEME-1	NC_000962.3	1943783	1943803	+	-0.847826	3.74e-05	1	GTGGTGGAAGGAACACCGTTT
GTTGTCYWWGYAAYCGCKTWT	MEME-1	NC_000962.3	3147824	3147844	-	-0.847826	3.74e-05	1	GTTGGCTAAGGAACTCGGTGT
TWTKCATTGYTWTYTMCCSW	MEME-2	NC_000962.3	61422	61441	-	2.10145	3.8e-05	1	GATTCATACTTCTTGCCCGA
TWTKCATTGYTWTYTMCCSW	MEME-2	NC_000962.3	159078	159097	-	2.10145	3.8e-05	1	CATGCGTCGTTCTTTATCGT
TWTKCATTGYTWTYTMCCSW	MEME-2	NC_000962.3	432874	432893	-	2.10145	3.8e-05	1	TATTCAATGTCGGTTCCGGA
TWTKCATTGYTWTYTMCCSW	MEME-2	NC_000962.3	510761	510780	+	2.10145	3.8e-05	1	TTTGCCTTGTTGCTGACGGT
TWTKCATTGYTWTYTMCCSW	MEME-2	NC_000962.3	1512319	1512338	-	2.10145	3.8e-05	1	TATTCGTTGCCATTGATCGG
TWTKCATTGYTWTYTMCCSW	MEME-2	NC_000962.3	1543346	1543365	-	2.10145	3.8e-05	1	TTGTCACTGGTATTCCTCCA
TWTKCATTGYTWTYTMCCSW	MEME-2	NC_000962.3	1691902	1691921	-	2.10145	3.8e-05	1	GAAGTATTGTTTTCAACCTT
TWTKCATTGYTWTYTMCCSW	MEME-2	NC_000962.3	1695490	1695509	-	2.10145	3.8e-05	1	CGATCACTGTTTTCTAGCGT
TWTKCATTGYTWTYTMCCSW	MEME-2	NC_000962.3	2072899	2072918	-	2.10145	3.8e-05	1	AATTCGTTGTTTTCCAACCG
TWTKCATTGYTWTYTMCCSW	MEME-2	NC_000962.3	2745072	2745091	+	2.10145	3.8e-05	1	TTGTGATGGTCTTGTCCCGA
TWTKCATTGYTWTYTMCCSW	MEME-2	NC_000962.3	3221936	3221955	+	2.10145	3.8e-05	1	CATTCGTTGCTATGCACAGT
TWTKCATTGYTWTYTMCCSW	MEME-2	NC_000962.3	3417137	3417156	-	2.10145	3.8e-05	1	TTGTCACTGATACCTATCGA
TWTKCATTGYTWTYTMCCSW	MEME-2	NC_000962.3	3465165	3465184	-	2.10145	3.8e-05	1	TTGTCTTTCCTTTCCACCTT
TWTKCATTGYTWTYTMCCSW	MEME-2	NC_000962.3	3765482	3765501	+	2.10145	3.8e-05	1	GTGGAATTGTGATTTTCCCT
TWTKCATTGYTWTYTMCCSW	MEME-2	NC_000962.3	4291727	4291746	+	2.10145	3.8e-05	1	CTTTCGATGTTATTTCGCCG
TWTKCATTGYTWTYTMCCSW	MEME-2	NC_000962.3	3849028	3849047	-	2.0942	3.85e-05	1	TATTCGTCGTTGCTGACCGA
TWTKCATTGYTWTYTMCCSW	MEME-2	NC_000962.3	4267368	4267387	-	2.0942	3.85e-05	1	CACGCAGTGTTTTTCACCAA
TWTKCATTGYTWTYTMCCSW	MEME-2	NC_000962.3	141773	141792	+	2.04348	4e-05	1	TTGGCATTGCTCACTGCGGA
TWTKCATTGYTWTYTMCCSW	MEME-2	NC_000962.3	342087	342106	+	2.04348	4e-05	1	TATGCAATGCTAACTTCGGG
TWTKCATTGYTWTYTMCCSW	MEME-2	NC_000962.3	918483	918502	+	2.04348	4e-05	1	TGTTCATCGCGATCTCGCGG
TWTKCATTGYTWTYTMCCSW	MEME-2	NC_000962.3	980119	980138	+	2.04348	4e-05	1	TGCGCATTCCGATGTCCCGA
TWTKCATTGYTWTYTMCCSW	MEME-2	NC_000962.3	1118495	1118514	-	2.04348	4e-05	1	TTTGCGTGGCTGTATCCGGT
TWTKCATTGYTWTYTMCCSW	MEME-2	NC_000962.3	1459162	1459181	+	2.04348	4e-05	1	TTTGCTTTGCTGTCGCCGTT
TWTKCATTGYTWTYTMCCSW	MEME-2	NC_000962.3	1680414	1680433	+	2.04348	4e-05	1	TCGGCATTGCTGGTTCCGCT
TWTKCATTGYTWTYTMCCSW	MEME-2	NC_000962.3	1897421	1897440	-	2.04348	4e-05	1	GTTGCAGTTCTTTCTGCCCC
TWTKCATTGYTWTYTMCCSW	MEME-2	NC_000962.3	2041681	2041700	-	2.04348	4e-05	1	TTGGCATTGCTATGGCCAGC
TWTKCATTGYTWTYTMCCSW	MEME-2	NC_000962.3	3324724	3324743	+	2.04348	4e-05	1	TTCGCATAGCTTTCTCCTTC
TWTKCATTGYTWTYTMCCSW	MEME-2	NC_000962.3	3660691	3660710	-	2.04348	4e-05	1	CATGCGTTGCTGTATCACGA
GTTAWCKCYYSAAKAATYCC	MEME-3	NC_000962.3	170608	170627	-	2.03623	4.09e-05	1	GCGATCTCCTGAAAAGTCGC
GTTAWCKCYYSAAKAATYCC	MEME-3	NC_000962.3	599770	599789	-	2.03623	4.09e-05	1	GCCATGGCACGGATAATTCC
GTTAWCKCYYSAAKAATYCC	MEME-3	NC_000962.3	1296380	1296399	+	2.03623	4.09e-05	1	GTGAACGCCGCAATCAGTGC
GTTAWCKCYYSAAKAATYCC	MEME-3	NC_000962.3	1311709	1311728	-	2.03623	4.09e-05	1	GCTGGCTACCGAATACTTCC
GTTAWCKCYYSAAKAATYCC	MEME-3	NC_000962.3	1535433	1535452	+	2.03623	4.09e-05	1	GGTATCGCTCACAGTATTGC
GTTAWCKCYYSAAKAATYCC	MEME-3	NC_000962.3	1571503	1571522	-	2.03623	4.09e-05	1	GTTGTCGTCGCGATGATTCC
GTTAWCKCYYSAAKAATYCC	MEME-3	NC_000962.3	1825729	1825748	-	2.03623	4.09e-05	1	GGTATCGCCTCACCAAATTC
GTTAWCKCYYSAAKAATYCC	MEME-3	NC_000962.3	1876663	1876682	-	2.03623	4.09e-05	1	GGTGCCTCTTCCAGAATCAC
GTTAWCKCYYSAAKAATYCC	MEME-3	NC_000962.3	2029878	2029897	-	2.03623	4.09e-05	1	TTCCTCTCCCAATTAATCCC
GTTAWCKCYYSAAKAATYCC	MEME-3	NC_000962.3	2462722	2462741	-	2.03623	4.09e-05	1	GGTGTCGCCGCCATAATTGC
GTTAWCKCYYSAAKAATYCC	MEME-3	NC_000962.3	2565350	2565369	+	2.03623	4.09e-05	1	GCTAACGCTCGAGCAACTGC
GTTAWCKCYYSAAKAATYCC	MEME-3	NC_000962.3	2874787	2874806	+	2.03623	4.09e-05	1	TGTCACCCTCGACGAATTCC
GTTAWCKCYYSAAKAATYCC	MEME-3	NC_000962.3	2942047	2942066	-	2.03623	4.09e-05	1	TGTATCGCTACGAGAAGTCC
GTTAWCKCYYSAAKAATYCC	MEME-3	NC_000962.3	2951690	2951709	+	2.03623	4.09e-05	1	CGTAACGCTGGATGAAATCC
GTTAWCKCYYSAAKAATYCC	MEME-3	NC_000962.3	3042643	3042662	-	2.03623	4.09e-05	1	GGCAATTCCTCATCAATCCC
GTTAWCKCYYSAAKAATYCC	MEME-3	NC_000962.3	3108961	3108980	+	2.03623	4.09e-05	1	GTTTACGGTCAACGACTTCC
GTTAWCKCYYSAAKAATYCC	MEME-3	NC_000962.3	3426785	3426804	+	2.03623	4.09e-05	1	GCAAGCTCTCCAATATTCAC
GTTAWCKCYYSAAKAATYCC	MEME-3	NC_000962.3	3542952	3542971	-	2.03623	4.09e-05	1	GATACAGCTCGACTAACTCC
GTTGTCYWWGYAAYCGCKTWT	MEME-1	NC_000962.3	190855	190875	+	-0.855072	4.17e-05	1	GCTGTCTACCGAACGGCTTTG
GTTGTCYWWGYAAYCGCKTWT	MEME-1	NC_000962.3	234369	234389	-	-0.855072	4.17e-05	1	CTCGTCGAAGTAAGTGCGTTC
GTTGTCYWWGYAAYCGCKTWT	MEME-1	NC_000962.3	304546	304566	-	-0.855072	4.17e-05	1	GTGGTCGTTGGAATCTTGTAG
GTTGTCYWWGYAAYCGCKTWT	MEME-1	NC_000962.3	580189	580209	+	-0.855072	4.17e-05	1	GTTTCCAATGCGATTGCCTAT
GTTGTCYWWGYAAYCGCKTWT	MEME-1	NC_000962.3	688934	688954	-	-0.855072	4.17e-05	1	GTTGAAGAAGTCACCGTATAT
GTTGTCYWWGYAAYCGCKTWT	MEME-1	NC_000962.3	999422	999442	-	-0.855072	4.17e-05	1	GCTGCCCCACTAAGTGCTTAT
GTTGTCYWWGYAAYCGCKTWT	MEME-1	NC_000962.3	1545037	1545057	+	-0.855072	4.17e-05	1	GGTGTATCAAAAATCGCGGAT
GTTGTCYWWGYAAYCGCKTWT	MEME-1	NC_000962.3	1836660	1836680	+	-0.855072	4.17e-05	1	ATAGTAGTCGTGATCGCGTTT
GTTGTCYWWGYAAYCGCKTWT	MEME-1	NC_000962.3	2149313	2149333	-	-0.855072	4.17e-05	1	GTTGTGCCTGGGTTCGTTTTT
GTTGTCYWWGYAAYCGCKTWT	MEME-1	NC_000962.3	2176344	2176364	-	-0.855072	4.17e-05	1	GTAGCGTCAGCAAGCGGTTAT
GTTGTCYWWGYAAYCGCKTWT	MEME-1	NC_000962.3	2238864	2238884	-	-0.855072	4.17e-05	1	GTCGTAGATGCCAAGGCTTTT
GTTGTCYWWGYAAYCGCKTWT	MEME-1	NC_000962.3	2389053	2389073	+	-0.855072	4.17e-05	1	GTTGTCGATGAACCTGATTTC
GTTGTCYWWGYAAYCGCKTWT	MEME-1	NC_000962.3	2959839	2959859	-	-0.855072	4.17e-05	1	GTTGTCTCGTTGATCCCGAAT
GTTGTCYWWGYAAYCGCKTWT	MEME-1	NC_000962.3	2978515	2978535	-	-0.855072	4.17e-05	1	GTAGTCTATCCAAGCGACCAT
GTTGTCYWWGYAAYCGCKTWT	MEME-1	NC_000962.3	3493576	3493596	+	-0.855072	4.17e-05	1	GTTGTTCTTGGACTCGATGGT
GTTGTCYWWGYAAYCGCKTWT	MEME-1	NC_000962.3	3998391	3998411	-	-0.855072	4.17e-05	1	GTATTCCTCGTAAAGGCTTTC
GTTGTCYWWGYAAYCGCKTWT	MEME-1	NC_000962.3	4282258	4282278	+	-0.855072	4.17e-05	1	GCTGTCGTTGCAATGGAACTT
GTTGTCYWWGYAAYCGCKTWT	MEME-1	NC_000962.3	4290537	4290557	-	-0.855072	4.17e-05	1	GCTACCGTAGCAATCACCTTT
GTTAWCKCYYSAAKAATYCC	MEME-3	NC_000962.3	728743	728762	+	2.02899	4.18e-05	1	GCGATCTCGTCGATAAACCC
GTTAWCKCYYSAAKAATYCC	MEME-3	NC_000962.3	848739	848758	+	2.02899	4.18e-05	1	GTTGACGCTTAACGCGTTCC
GTTAWCKCYYSAAKAATYCC	MEME-3	NC_000962.3	4382801	4382820	-	2.02899	4.18e-05	1	GCGAACCCTTGACTGATCCC
GTTAWCKCYYSAAKAATYCC	MEME-3	NC_000962.3	4317794	4317813	+	1.97826	4.21e-05	1	GTGACGGCGCCATGAATCCC
TWTKCATTGYTWTYTMCCSW	MEME-2	NC_000962.3	452273	452292	+	2.03623	4.26e-05	1	CCTGCATGGTTGGTTCCCCT
TWTKCATTGYTWTYTMCCSW	MEME-2	NC_000962.3	476566	476585	-	2.03623	4.26e-05	1	TACCCATTGCAGTTGCCCGT
TWTKCATTGYTWTYTMCCSW	MEME-2	NC_000962.3	921889	921908	-	2.03623	4.26e-05	1	TCTCCACTGCGAACTACCGT
TWTKCATTGYTWTYTMCCSW	MEME-2	NC_000962.3	1024954	1024973	-	2.03623	4.26e-05	1	TGTTCTTTGCGATCAACCGC
TWTKCATTGYTWTYTMCCSW	MEME-2	NC_000962.3	2221677	2221696	+	2.03623	4.26e-05	1	TCGCCGTTGTGTTCTCCCGT
TWTKCATTGYTWTYTMCCSW	MEME-2	NC_000962.3	2683217	2683236	-	2.03623	4.26e-05	1	GTTACATTGCTGGCCACCCT
TWTKCATTGYTWTYTMCCSW	MEME-2	NC_000962.3	3081270	3081289	-	2.03623	4.26e-05	1	GATGCGTTGTTCGCTGCCGT
TWTKCATTGYTWTYTMCCSW	MEME-2	NC_000962.3	3296732	3296751	-	2.03623	4.26e-05	1	CAGGCATTGCTGTCCACCTA
TWTKCATTGYTWTYTMCCSW	MEME-2	NC_000962.3	3541063	3541082	-	2.03623	4.26e-05	1	TACTCATTGCCGCCTACCGC
TWTKCATTGYTWTYTMCCSW	MEME-2	NC_000962.3	4028632	4028651	-	2.03623	4.26e-05	1	GTGGCATTGATTTGCCCCGT
TWTKCATTGYTWTYTMCCSW	MEME-2	NC_000962.3	4129678	4129697	-	2.03623	4.26e-05	1	TCGCCATTGTCAGCTCCCGA
TWTKCATTGYTWTYTMCCSW	MEME-2	NC_000962.3	4296973	4296992	-	2.03623	4.26e-05	1	TTCTCGGTGCTCTGTCCCCA
GTTGTCYWWGYAAYCGCKTWT	MEME-1	NC_000962.3	323311	323331	-	-0.862319	4.27e-05	1	GTCGGCAAAATTAGCGCTTAT
GTTGTCYWWGYAAYCGCKTWT	MEME-1	NC_000962.3	562444	562464	+	-0.862319	4.27e-05	1	GGTGTCGTAGAGATCGTTCAT
GTTGTCYWWGYAAYCGCKTWT	MEME-1	NC_000962.3	629547	629567	-	-0.862319	4.27e-05	1	GCTCTCTTTGGCATCGCTTGC
GTTGTCYWWGYAAYCGCKTWT	MEME-1	NC_000962.3	874445	874465	-	-0.862319	4.27e-05	1	GTTTCCTTGGTACGCGCTTTG
GTTGTCYWWGYAAYCGCKTWT	MEME-1	NC_000962.3	1035170	1035190	-	-0.862319	4.27e-05	1	GTTGCCATTAAATTCGCTGAT
GTTGTCYWWGYAAYCGCKTWT	MEME-1	NC_000962.3	1049117	1049137	+	-0.862319	4.27e-05	1	TTCGGCGAAGTCATCGCCTAT
GTTGTCYWWGYAAYCGCKTWT	MEME-1	NC_000962.3	1334597	1334617	+	-0.862319	4.27e-05	1	TTCGCCGATGTCATCGCCTTT
GTTGTCYWWGYAAYCGCKTWT	MEME-1	NC_000962.3	2109011	2109031	-	-0.862319	4.27e-05	1	GGTGTTTTCGTGGGCGCTTTT
GTTGTCYWWGYAAYCGCKTWT	MEME-1	NC_000962.3	2202845	2202865	-	-0.862319	4.27e-05	1	CTCGTCTTTGGTATCGCCTTC
GTTGTCYWWGYAAYCGCKTWT	MEME-1	NC_000962.3	2478093	2478113	-	-0.862319	4.27e-05	1	GTTGCCGAAGTAGTCACCGTT
GTTGTCYWWGYAAYCGCKTWT	MEME-1	NC_000962.3	2500176	2500196	-	-0.862319	4.27e-05	1	GCTGTCTTGATGATCGCCTAG
GTTGTCYWWGYAAYCGCKTWT	MEME-1	NC_000962.3	3540982	3541002	+	-0.862319	4.27e-05	1	GTCGTCTCAGTAATCGTCGAG
GTTGTCYWWGYAAYCGCKTWT	MEME-1	NC_000962.3	3663499	3663519	-	-0.862319	4.27e-05	1	CTTGTCGATGTCCTCGCCGTT
GTTGTCYWWGYAAYCGCKTWT	MEME-1	NC_000962.3	3755614	3755634	-	-0.862319	4.27e-05	1	GTGGTCGATGTGATCACCGAT
GTTGTCYWWGYAAYCGCKTWT	MEME-1	NC_000962.3	3849238	3849258	+	-0.862319	4.27e-05	1	GTTCTCTTCGTACTCGCCCTC
GTTGTCYWWGYAAYCGCKTWT	MEME-1	NC_000962.3	3961733	3961753	+	-0.862319	4.27e-05	1	GCCGTCTACGTGATCGACTTT
GTTGTCYWWGYAAYCGCKTWT	MEME-1	NC_000962.3	4144503	4144523	-	-0.862319	4.27e-05	1	GGTGTCGAAATCAACGCTGTT
GTTGTCYWWGYAAYCGCKTWT	MEME-1	NC_000962.3	4391382	4391402	+	-0.862319	4.27e-05	1	GTCGTCGATGAAGTAGCTTTC
GTTGTCYWWGYAAYCGCKTWT	MEME-1	NC_000962.3	1010439	1010459	-	-0.913043	4.29e-05	1	GTTGTCCGGACCACCACCTTT
GTTGTCYWWGYAAYCGCKTWT	MEME-1	NC_000962.3	1307169	1307189	+	-0.913043	4.29e-05	1	GTTTTCCTGGCAAATGCGTGG
GTTGTCYWWGYAAYCGCKTWT	MEME-1	NC_000962.3	4358767	4358787	-	-0.913043	4.29e-05	1	GTTGGCGGAGCAACCTGGTGT
GTTAWCKCYYSAAKAATYCC	MEME-3	NC_000962.3	767786	767805	+	1.97101	4.3e-05	1	GGTATCGCCGGGAACATCCC
GTTAWCKCYYSAAKAATYCC	MEME-3	NC_000962.3	987452	987471	+	1.97101	4.3e-05	1	GTAGACCCCGGAAGCATCCC
GTTAWCKCYYSAAKAATYCC	MEME-3	NC_000962.3	1050419	1050438	+	1.97101	4.3e-05	1	GCCAGCGCGCCAAGGATTCC
GTTAWCKCYYSAAKAATYCC	MEME-3	NC_000962.3	1216810	1216829	-	1.97101	4.3e-05	1	GTGGACGCCCCAACAACGCC
GTTAWCKCYYSAAKAATYCC	MEME-3	NC_000962.3	2319965	2319984	+	1.97101	4.3e-05	1	GTTGGCGCACCACTGATCCC
GTTAWCKCYYSAAKAATYCC	MEME-3	NC_000962.3	3080568	3080587	+	1.97101	4.3e-05	1	GATGGCGCCCAAATCATCCC
GTTAWCKCYYSAAKAATYCC	MEME-3	NC_000962.3	3211018	3211037	-	1.97101	4.3e-05	1	GTGATCGCCGGACAAAACCC
TWTKCATTGYTWTYTMCCSW	MEME-2	NC_000962.3	3609300	3609319	-	1.65217	4.31e-05	1	TATGTGTTGTTTTTGCGGCA
GTTAWCKCYYSAAKAATYCC	MEME-3	NC_000962.3	12616	12635	-	1.58696	4.41e-05	1	GTTTTGGGTCGAATAGTCCT
GTTAWCKCYYSAAKAATYCC	MEME-3	NC_000962.3	1404576	1404595	-	1.58696	4.41e-05	1	AGTAATGTCTCACGAATTCC
GTTAWCKCYYSAAKAATYCC	MEME-3	NC_000962.3	1844445	1844464	-	1.58696	4.41e-05	1	GTTCATGATCGACGAATTCG
GTTAWCKCYYSAAKAATYCC	MEME-3	NC_000962.3	2601951	2601970	-	1.58696	4.41e-05	1	CTTATCGGTCCCAGAACTCA
GTTAWCKCYYSAAKAATYCC	MEME-3	NC_000962.3	2770466	2770485	+	1.58696	4.41e-05	1	ATGATGGTTCCAAGAGTTCC
GTTAWCKCYYSAAKAATYCC	MEME-3	NC_000962.3	2915743	2915762	+	1.58696	4.41e-05	1	TGTATCTCCTCGAGAATCAG
GTTAWCKCYYSAAKAATYCC	MEME-3	NC_000962.3	3735925	3735944	+	1.58696	4.41e-05	1	GTTATAGCTCCCCGAATTGA
TWTKCATTGYTWTYTMCCSW	MEME-2	NC_000962.3	35036	35055	+	1.64493	4.41e-05	1	ATTGCCTTCTTTTTGAACGT
TWTKCATTGYTWTYTMCCSW	MEME-2	NC_000962.3	301459	301478	+	1.64493	4.41e-05	1	TAATGATATTTTTCCACCCA
TWTKCATTGYTWTYTMCCSW	MEME-2	NC_000962.3	659132	659151	+	1.64493	4.41e-05	1	CTTTCATTGTGATCGAGACA
TWTKCATTGYTWTYTMCCSW	MEME-2	NC_000962.3	4364781	4364800	+	1.64493	4.41e-05	1	GATTCATTGCGATTCATTGA
GTTGTCYWWGYAAYCGCKTWT	MEME-1	NC_000962.3	84019	84039	+	-0.92029	4.43e-05	1	GTTGACCGAGGAACAGCTTCG
GTTGTCYWWGYAAYCGCKTWT	MEME-1	NC_000962.3	1146382	1146402	-	-0.92029	4.43e-05	1	TTGGTCGCAGTAGCCGCGTCT
GTTGTCYWWGYAAYCGCKTWT	MEME-1	NC_000962.3	1336010	1336030	+	-0.92029	4.43e-05	1	GTTGTGCCGGTACCCGCCGAT
GTTGTCYWWGYAAYCGCKTWT	MEME-1	NC_000962.3	2246699	2246719	+	-0.92029	4.43e-05	1	GTTGTCTCACAAGCCGCGGGT
GTTGTCYWWGYAAYCGCKTWT	MEME-1	NC_000962.3	2692223	2692243	+	-0.92029	4.43e-05	1	GTTGACCATGACAGCGAGTGT
GTTGTCYWWGYAAYCGCKTWT	MEME-1	NC_000962.3	2945937	2945957	+	-0.92029	4.43e-05	1	GATGTCGTAGAAACCGGGTCC
GTTGTCYWWGYAAYCGCKTWT	MEME-1	NC_000962.3	3161903	3161923	+	-0.92029	4.43e-05	1	GTTGTTCCAGGGACCGCTGCT
GTTGTCYWWGYAAYCGCKTWT	MEME-1	NC_000962.3	3621535	3621555	+	-0.92029	4.43e-05	1	GTTGTCTTGGCAACTGCACCG
GTTGTCYWWGYAAYCGCKTWT	MEME-1	NC_000962.3	156938	156958	+	-0.927536	4.49e-05	1	GTTGGCGTTGTAACCGCCCGA
GTTGTCYWWGYAAYCGCKTWT	MEME-1	NC_000962.3	210267	210287	+	-0.927536	4.49e-05	1	GTTGTCCACGTAGGCGCCCAG
GTTGTCYWWGYAAYCGCKTWT	MEME-1	NC_000962.3	391474	391494	-	-0.927536	4.49e-05	1	GTCGCCGTCGCGATCGCTTCT
GTTGTCYWWGYAAYCGCKTWT	MEME-1	NC_000962.3	1332728	1332748	+	-0.927536	4.49e-05	1	GTTGTCGTCGTGGGCGCGGAT
GTTGTCYWWGYAAYCGCKTWT	MEME-1	NC_000962.3	1732135	1732155	+	-0.927536	4.49e-05	1	GTTGTCGACGTGACCGCCAAG
GTTGTCYWWGYAAYCGCKTWT	MEME-1	NC_000962.3	2012983	2013003	-	-0.927536	4.49e-05	1	GAGGTCGAGGAGATCGCGTTT
GTTGTCYWWGYAAYCGCKTWT	MEME-1	NC_000962.3	2137924	2137944	-	-0.927536	4.49e-05	1	GTGGTCACCGTGATCGCGTTC
GTTGTCYWWGYAAYCGCKTWT	MEME-1	NC_000962.3	2297865	2297885	-	-0.927536	4.49e-05	1	GGTGTCGGTGTATTCGCGTGG
GTTGTCYWWGYAAYCGCKTWT	MEME-1	NC_000962.3	2629264	2629284	+	-0.927536	4.49e-05	1	GTGGTCGAAGAACCCGCCGTT
GTTGTCYWWGYAAYCGCKTWT	MEME-1	NC_000962.3	2629915	2629935	+	-0.927536	4.49e-05	1	GTTGTCGTTGGCGCCGCCGTT
GTTGTCYWWGYAAYCGCKTWT	MEME-1	NC_000962.3	2631029	2631049	+	-0.927536	4.49e-05	1	GTGGTCGAAGAAGCCGCCGTT
GTTGTCYWWGYAAYCGCKTWT	MEME-1	NC_000962.3	3262848	3262868	+	-0.927536	4.49e-05	1	GTCGCCGTAGATACCGCTTGT
GTTGTCYWWGYAAYCGCKTWT	MEME-1	NC_000962.3	3665399	3665419	-	-0.927536	4.49e-05	1	GTCGTCTCTGAATGCGCGGAT
GTTGTCYWWGYAAYCGCKTWT	MEME-1	NC_000962.3	3818942	3818962	-	-0.927536	4.49e-05	1	GTCGTCGAGGTAGGCGCGTTG
GTTGTCYWWGYAAYCGCKTWT	MEME-1	NC_000962.3	3949328	3949348	-	-0.927536	4.49e-05	1	GTTGCCGTTGGTGCCGCCTTT
GTTGTCYWWGYAAYCGCKTWT	MEME-1	NC_000962.3	3949928	3949948	-	-0.927536	4.49e-05	1	GTTGCCGTTGGTGCCGCCTTT
GTTGTCYWWGYAAYCGCKTWT	MEME-1	NC_000962.3	4365006	4365026	+	-0.927536	4.49e-05	1	GTTGTCTGAGCACACGCTGCG
GTTAWCKCYYSAAKAATYCC	MEME-3	NC_000962.3	220784	220803	-	1.57971	4.64e-05	1	ACTATCGCTTCAGGACTTCA
GTTAWCKCYYSAAKAATYCC	MEME-3	NC_000962.3	419233	419252	-	1.57971	4.64e-05	1	GTTCAAGATTGATGAAGTCC
GTTAWCKCYYSAAKAATYCC	MEME-3	NC_000962.3	787741	787760	-	1.57971	4.64e-05	1	GCGAACGTCTGAATCATTGC
GTTAWCKCYYSAAKAATYCC	MEME-3	NC_000962.3	865985	866004	-	1.57971	4.64e-05	1	TTCAACTCTCGATGAACTGC
GTTAWCKCYYSAAKAATYCC	MEME-3	NC_000962.3	884878	884897	-	1.57971	4.64e-05	1	ATTTTCTCTTCACGATTCCA
GTTAWCKCYYSAAKAATYCC	MEME-3	NC_000962.3	1414482	1414501	+	1.57971	4.64e-05	1	GTTGACTTCTGAGGAGTTCA
GTTAWCKCYYSAAKAATYCC	MEME-3	NC_000962.3	1466375	1466394	-	1.57971	4.64e-05	1	ATCATCTCCTGAATCAGCAC
GTTAWCKCYYSAAKAATYCC	MEME-3	NC_000962.3	1483462	1483481	-	1.57971	4.64e-05	1	GGGAACTCTCCAATGATCAA
GTTAWCKCYYSAAKAATYCC	MEME-3	NC_000962.3	2151584	2151603	+	1.57971	4.64e-05	1	GTAATCGTCTCAATCACTGC
GTTAWCKCYYSAAKAATYCC	MEME-3	NC_000962.3	2587997	2588016	-	1.57971	4.64e-05	1	GCTGACTATTCACGAATCCA
GTTAWCKCYYSAAKAATYCC	MEME-3	NC_000962.3	2807702	2807721	-	1.57971	4.64e-05	1	GTAATCGTCTCGATGATTAC
GTTAWCKCYYSAAKAATYCC	MEME-3	NC_000962.3	2959250	2959269	+	1.57971	4.64e-05	1	GGTATCTATCCAATCACCAC
GTTAWCKCYYSAAKAATYCC	MEME-3	NC_000962.3	3505512	3505531	-	1.57971	4.64e-05	1	GGTATTTGTCCAGGAACTCC
GTTAWCKCYYSAAKAATYCC	MEME-3	NC_000962.3	3846049	3846068	-	1.57971	4.64e-05	1	GTGGTTTCCTGAATGATCCG
GTTAWCKCYYSAAKAATYCC	MEME-3	NC_000962.3	3864782	3864801	-	1.57971	4.64e-05	1	GGTCTTGCTCGAATATTTGC
GTTGTCYWWGYAAYCGCKTWT	MEME-1	NC_000962.3	614081	614101	+	-1.30435	4.64e-05	1	TTTGTTCGTCTACCTGCTTAT
GTTGTCYWWGYAAYCGCKTWT	MEME-1	NC_000962.3	2287356	2287376	-	-1.30435	4.64e-05	1	GTTCTACAACAAACAGCTATT
GTTGTCYWWGYAAYCGCKTWT	MEME-1	NC_000962.3	4312879	4312899	-	-1.30435	4.64e-05	1	GTCGTACAACAAATGGTGTAT
TWTKCATTGYTWTYTMCCSW	MEME-2	NC_000962.3	2397225	2397244	+	1.58696	4.64e-05	1	TCTGGAGTACCATTTCCCGT
TWTKCATTGYTWTYTMCCSW	MEME-2	NC_000962.3	3926575	3926594	+	1.58696	4.64e-05	1	TTTGTGTTGGTTTCGCCGGA
GTTAWCKCYYSAAKAATYCC	MEME-3	NC_000962.3	535570	535589	+	1.57246	4.72e-05	1	GTGATCGCTTGAATCGCTAC
GTTAWCKCYYSAAKAATYCC	MEME-3	NC_000962.3	3245137	3245156	-	1.57246	4.72e-05	1	GTGATCTCCTGGATCGTTGC
GTTAWCKCYYSAAKAATYCC	MEME-3	NC_000962.3	3284769	3284788	-	1.57246	4.72e-05	1	GTGATCTCCTGGATCGTTGC
GTTAWCKCYYSAAKAATYCC	MEME-3	NC_000962.3	4301246	4301265	-	1.57246	4.72e-05	1	GTGATCTCCTGGATCGTTGC
GTTAWCKCYYSAAKAATYCC	MEME-3	NC_000962.3	557942	557961	-	1.52174	4.85e-05	1	GTTCTCCACCGAAGTATCGC
GTTAWCKCYYSAAKAATYCC	MEME-3	NC_000962.3	680745	680764	-	1.52174	4.85e-05	1	GGTATCGCCCAACGAATCAG
GTTAWCKCYYSAAKAATYCC	MEME-3	NC_000962.3	1445007	1445026	-	1.52174	4.85e-05	1	GTTAACGGCCGGAAACTCGC
GTTAWCKCYYSAAKAATYCC	MEME-3	NC_000962.3	1734353	1734372	+	1.52174	4.85e-05	1	GTTGACCACCGAAGAAGCCG
GTTAWCKCYYSAAKAATYCC	MEME-3	NC_000962.3	2031117	2031136	-	1.52174	4.85e-05	1	AGTAGCGCCTGAAGCATCCA
GTTAWCKCYYSAAKAATYCC	MEME-3	NC_000962.3	2250215	2250234	+	1.52174	4.85e-05	1	CTTTGCGGCCCAAGAACTCC
GTTAWCKCYYSAAKAATYCC	MEME-3	NC_000962.3	2583411	2583430	-	1.52174	4.85e-05	1	CTTAGCGCCTGATGAACCTC
GTTAWCKCYYSAAKAATYCC	MEME-3	NC_000962.3	3061274	3061293	-	1.52174	4.85e-05	1	GTGATCCGCCCAAGAAACGC
GTTAWCKCYYSAAKAATYCC	MEME-3	NC_000962.3	3605494	3605513	+	1.52174	4.85e-05	1	ATTGACACCCCAGGAATCCG
GTTGTCYWWGYAAYCGCKTWT	MEME-1	NC_000962.3	8286	8306	-	-1.31159	5e-05	1	GGTGTGCTTGTAAAGGTTATT
GTTGTCYWWGYAAYCGCKTWT	MEME-1	NC_000962.3	396329	396349	+	-1.31159	5e-05	1	CTTGTCGTTGCTATGGGTGTT
GTTGTCYWWGYAAYCGCKTWT	MEME-1	NC_000962.3	1851673	1851693	+	-1.31159	5e-05	1	GTTGAACAGATAATCGTTGAT
GTTGTCYWWGYAAYCGCKTWT	MEME-1	NC_000962.3	2352848	2352868	-	-1.31159	5e-05	1	CTGGTATTCGCATTCGATTTT
GTTGTCYWWGYAAYCGCKTWT	MEME-1	NC_000962.3	2368728	2368748	-	-1.31159	5e-05	1	GTGATCCACGTAATCAATAAT
GTTGTCYWWGYAAYCGCKTWT	MEME-1	NC_000962.3	2716165	2716185	+	-1.31159	5e-05	1	CTTGTGGATGTCATCGGGGAT
GTTGTCYWWGYAAYCGCKTWT	MEME-1	NC_000962.3	3034752	3034772	-	-1.31159	5e-05	1	GTTTTCGTAATATTTGCGATT
GTTGTCYWWGYAAYCGCKTWT	MEME-1	NC_000962.3	3177249	3177269	+	-1.31159	5e-05	1	GTTGTTTTAGTTACCATCGTT
GTTGTCYWWGYAAYCGCKTWT	MEME-1	NC_000962.3	170656	170676	-	-1.31884	5.12e-05	1	GTTGGCGAAGTAGTGGTTGAT
GTTGTCYWWGYAAYCGCKTWT	MEME-1	NC_000962.3	776624	776644	+	-1.31884	5.12e-05	1	GTTGTTGATGTCTTCGGTCAT
GTTGTCYWWGYAAYCGCKTWT	MEME-1	NC_000962.3	1294381	1294401	-	-1.31884	5.12e-05	1	GGTGTCTATGACATTGATTAC
GTTGTCYWWGYAAYCGCKTWT	MEME-1	NC_000962.3	1308213	1308233	+	-1.31884	5.12e-05	1	TATGGATTTGTCATCGCTTCT
GTTGTCYWWGYAAYCGCKTWT	MEME-1	NC_000962.3	1421739	1421759	+	-1.31884	5.12e-05	1	GTTGTCGATGTCATTGGTGAC
GTTGTCYWWGYAAYCGCKTWT	MEME-1	NC_000962.3	2973735	2973755	+	-1.31884	5.12e-05	1	GTTGCTAAAGTTCTCCCTTTT
GTTGTCYWWGYAAYCGCKTWT	MEME-1	NC_000962.3	3112848	3112868	+	-1.31884	5.12e-05	1	GTTGTTGTTGTCGTCGGTGAT
GTTGTCYWWGYAAYCGCKTWT	MEME-1	NC_000962.3	3628316	3628336	+	-1.31884	5.12e-05	1	GTTGTCGTACTCGTCGTTCTT
GTTGTCYWWGYAAYCGCKTWT	MEME-1	NC_000962.3	291947	291967	-	-1.36957	5.21e-05	1	TTTGGCCAGGCAATTGGGTGT
GTTGTCYWWGYAAYCGCKTWT	MEME-1	NC_000962.3	1647494	1647514	-	-1.36957	5.21e-05	1	GGTGTTCTCGCAAACCAGTAT
GTTGTCYWWGYAAYCGCKTWT	MEME-1	NC_000962.3	2021769	2021789	+	-1.36957	5.21e-05	1	GTTCGGCGTGCAATCTCGTGT
TWTKCATTGYTWTYTMCCSW	MEME-2	NC_000962.3	389927	389946	+	1.57971	5.28e-05	1	TTATCAATGCGATCTCCGAA
TWTKCATTGYTWTYTMCCSW	MEME-2	NC_000962.3	730568	730587	-	1.57971	5.28e-05	1	CAGTCAGTGCTTTCTACTCG
TWTKCATTGYTWTYTMCCSW	MEME-2	NC_000962.3	921633	921652	-	1.57971	5.28e-05	1	GTCGCATTGCCATTTTTCGT
TWTKCATTGYTWTYTMCCSW	MEME-2	NC_000962.3	972066	972085	-	1.57971	5.28e-05	1	GAACCCTTGCTTTTTCTCCA
TWTKCATTGYTWTYTMCCSW	MEME-2	NC_000962.3	1046030	1046049	+	1.57971	5.28e-05	1	TATGCCTTGATTGTCCGCGA
TWTKCATTGYTWTYTMCCSW	MEME-2	NC_000962.3	1926078	1926097	+	1.57971	5.28e-05	1	ATTCCATTGCCATTGCCGGT
TWTKCATTGYTWTYTMCCSW	MEME-2	NC_000962.3	2031943	2031962	-	1.57971	5.28e-05	1	TCTGCTGTGTGTTTTCCACT
TWTKCATTGYTWTYTMCCSW	MEME-2	NC_000962.3	2248106	2248125	+	1.57971	5.28e-05	1	TTGTCATGGCTATACCGCCA
TWTKCATTGYTWTYTMCCSW	MEME-2	NC_000962.3	2951277	2951296	+	1.57971	5.28e-05	1	TTTTCATCGTCGGCTCTCCT
TWTKCATTGYTWTYTMCCSW	MEME-2	NC_000962.3	3044444	3044463	+	1.57971	5.28e-05	1	CTTGCACTGTTGTTGCGCGA
TWTKCATTGYTWTYTMCCSW	MEME-2	NC_000962.3	3194379	3194398	+	1.57971	5.28e-05	1	GTCGCATTGCCATTTTTCGT
TWTKCATTGYTWTYTMCCSW	MEME-2	NC_000962.3	3819755	3819774	+	1.57971	5.28e-05	1	TATCCGTTGCTACTGCACGA
TWTKCATTGYTWTYTMCCSW	MEME-2	NC_000962.3	3833601	3833620	+	1.57971	5.28e-05	1	CTTGCATTGTCATCGACGGC
TWTKCATTGYTWTYTMCCSW	MEME-2	NC_000962.3	3942612	3942631	-	1.57971	5.28e-05	1	TTTCCGCCGCTATTTCCGCT
TWTKCATTGYTWTYTMCCSW	MEME-2	NC_000962.3	3965431	3965450	-	1.57971	5.28e-05	1	TGTTCATACTGACCTCCCGA
TWTKCATTGYTWTYTMCCSW	MEME-2	NC_000962.3	4366763	4366782	+	1.57971	5.28e-05	1	TCTTGATCGTCATCGCCCGA
GTTAWCKCYYSAAKAATYCC	MEME-3	NC_000962.3	45802	45821	+	1.51449	5.33e-05	1	GGTATCGCCGGACGAAATCT
GTTAWCKCYYSAAKAATYCC	MEME-3	NC_000962.3	116073	116092	+	1.51449	5.33e-05	1	GTTATCGCCGCGATCAACAC
GTTAWCKCYYSAAKAATYCC	MEME-3	NC_000962.3	119664	119683	-	1.51449	5.33e-05	1	GACAACTCGCGAAGCATCGC
GTTAWCKCYYSAAKAATYCC	MEME-3	NC_000962.3	189884	189903	-	1.51449	5.33e-05	1	GTTCACGCCCGAGCAGTTCT
GTTAWCKCYYSAAKAATYCC	MEME-3	NC_000962.3	435961	435980	+	1.51449	5.33e-05	1	GTGTAGGCCTTGAGAATCCC
GTTAWCKCYYSAAKAATYCC	MEME-3	NC_000962.3	452722	452741	-	1.51449	5.33e-05	1	GATAGCGATCGACGACTTCC
GTTAWCKCYYSAAKAATYCC	MEME-3	NC_000962.3	577236	577255	+	1.51449	5.33e-05	1	GTTATCTCGCGGTGAGTCGC
GTTAWCKCYYSAAKAATYCC	MEME-3	NC_000962.3	657111	657130	+	1.51449	5.33e-05	1	GGTATCGGTGGATGAGTCCC
GTTAWCKCYYSAAKAATYCC	MEME-3	NC_000962.3	1033153	1033172	+	1.51449	5.33e-05	1	GTTGTCGGACCACTGATCCC
GTTAWCKCYYSAAKAATYCC	MEME-3	NC_000962.3	1180612	1180631	-	1.51449	5.33e-05	1	GCTATCGCCGCGAGAAGTCA
GTTAWCKCYYSAAKAATYCC	MEME-3	NC_000962.3	1202788	1202807	-	1.51449	5.33e-05	1	CCGTACTCGCGAAGAATCCC
GTTAWCKCYYSAAKAATYCC	MEME-3	NC_000962.3	1235685	1235704	-	1.51449	5.33e-05	1	CGGATCGCTCGACCAATCCC
GTTAWCKCYYSAAKAATYCC	MEME-3	NC_000962.3	1402612	1402631	-	1.51449	5.33e-05	1	GAGATCTCACCAAGAAACAC
GTTAWCKCYYSAAKAATYCC	MEME-3	NC_000962.3	1417030	1417049	-	1.51449	5.33e-05	1	GTTATCGGCTCAGCATCCCC
GTTAWCKCYYSAAKAATYCC	MEME-3	NC_000962.3	1545100	1545119	-	1.51449	5.33e-05	1	GTTCCCGCCTGAAGACATCA
GTTAWCKCYYSAAKAATYCC	MEME-3	NC_000962.3	1620615	1620634	-	1.51449	5.33e-05	1	GGTAGCGCTCGAAGCGTTCG
GTTAWCKCYYSAAKAATYCC	MEME-3	NC_000962.3	1693762	1693781	-	1.51449	5.33e-05	1	GCCATCGCCCGAATAAAGCA
GTTAWCKCYYSAAKAATYCC	MEME-3	NC_000962.3	1751230	1751249	-	1.51449	5.33e-05	1	GCTAACTCCCCAGACATCCA
GTTAWCKCYYSAAKAATYCC	MEME-3	NC_000962.3	1772167	1772186	-	1.51449	5.33e-05	1	GTTGTCCACCGAGGAAGTCC
GTTAWCKCYYSAAKAATYCC	MEME-3	NC_000962.3	2065931	2065950	-	1.51449	5.33e-05	1	GATAACGACTAGAGCATCCC
GTTAWCKCYYSAAKAATYCC	MEME-3	NC_000962.3	2299542	2299561	+	1.51449	5.33e-05	1	GGCACCGCCTCGATAATCAC
GTTAWCKCYYSAAKAATYCC	MEME-3	NC_000962.3	2305611	2305630	+	1.51449	5.33e-05	1	GGCACCGCCTCGATAATCAC
GTTAWCKCYYSAAKAATYCC	MEME-3	NC_000962.3	2324219	2324238	-	1.51449	5.33e-05	1	GTCATCGCCGGAATCACCCG
GTTAWCKCYYSAAKAATYCC	MEME-3	NC_000962.3	2384980	2384999	+	1.51449	5.33e-05	1	ATCATCGCCTCACGAAAACC
GTTAWCKCYYSAAKAATYCC	MEME-3	NC_000962.3	2582267	2582286	+	1.51449	5.33e-05	1	GTCGTCGTCTCGACAATCCC
GTTAWCKCYYSAAKAATYCC	MEME-3	NC_000962.3	2619911	2619930	+	1.51449	5.33e-05	1	GTTCACGGTCGACGAAGGCC
GTTAWCKCYYSAAKAATYCC	MEME-3	NC_000962.3	2650274	2650293	+	1.51449	5.33e-05	1	GTCGGCGCCCCAATGATTCG
GTTAWCKCYYSAAKAATYCC	MEME-3	NC_000962.3	2704578	2704597	-	1.51449	5.33e-05	1	GTTGTCGGCGGCCGAATTCC
GTTAWCKCYYSAAKAATYCC	MEME-3	NC_000962.3	2927590	2927609	+	1.51449	5.33e-05	1	GCACTATCGCCAAGAATCCC
GTTAWCKCYYSAAKAATYCC	MEME-3	NC_000962.3	2931748	2931767	+	1.51449	5.33e-05	1	GTCATCTCCGGATGAAACGC
GTTAWCKCYYSAAKAATYCC	MEME-3	NC_000962.3	3162490	3162509	-	1.51449	5.33e-05	1	GTCAACGCCTGCACAAACCG
GTTAWCKCYYSAAKAATYCC	MEME-3	NC_000962.3	3173668	3173687	-	1.51449	5.33e-05	1	GTCATCTGCCATGGAATCCC
GTTAWCKCYYSAAKAATYCC	MEME-3	NC_000962.3	3432888	3432907	+	1.51449	5.33e-05	1	GATCTCACCCCAGTAATCCA
GTTAWCKCYYSAAKAATYCC	MEME-3	NC_000962.3	3479468	3479487	-	1.51449	5.33e-05	1	GTTGTCGCCAGAATCTTCAC
GTTAWCKCYYSAAKAATYCC	MEME-3	NC_000962.3	3587462	3587481	+	1.51449	5.33e-05	1	GTTGACGCCGGGATGATCCG
GTTAWCKCYYSAAKAATYCC	MEME-3	NC_000962.3	3599095	3599114	-	1.51449	5.33e-05	1	GGCATTGCCGGAAGAGTTCC
GTTAWCKCYYSAAKAATYCC	MEME-3	NC_000962.3	3605836	3605855	+	1.51449	5.33e-05	1	TTTAACCCCCGACGACGTCC
GTTAWCKCYYSAAKAATYCC	MEME-3	NC_000962.3	3807651	3807670	+	1.51449	5.33e-05	1	TATACCGCTCGTAGACTTCC
GTTAWCKCYYSAAKAATYCC	MEME-3	NC_000962.3	3824419	3824438	+	1.51449	5.33e-05	1	CATACCGCTCCACGATTTCC
GTTAWCKCYYSAAKAATYCC	MEME-3	NC_000962.3	4373584	4373603	+	1.51449	5.33e-05	1	GTTACCGCTTGTAGTACCCA
TWTKCATTGYTWTYTMCCSW	MEME-2	NC_000962.3	212632	212651	+	1.57246	5.48e-05	1	GTTGCATCGGGTATTACCCA
TWTKCATTGYTWTYTMCCSW	MEME-2	NC_000962.3	534149	534168	-	1.57246	5.48e-05	1	TTGGCCTGGCTTTTGACCAT
TWTKCATTGYTWTYTMCCSW	MEME-2	NC_000962.3	1106200	1106219	-	1.57246	5.48e-05	1	CATTCCTTGATAACGACCCT
TWTKCATTGYTWTYTMCCSW	MEME-2	NC_000962.3	1125346	1125365	+	1.57246	5.48e-05	1	GATTCCGGGTTTTATCCCGT
TWTKCATTGYTWTYTMCCSW	MEME-2	NC_000962.3	1819578	1819597	-	1.57246	5.48e-05	1	TATTCCGGGGTATCGACCCT
TWTKCATTGYTWTYTMCCSW	MEME-2	NC_000962.3	1914766	1914785	-	1.57246	5.48e-05	1	CATTCCTCGTTATCAACCCG
TWTKCATTGYTWTYTMCCSW	MEME-2	NC_000962.3	1960963	1960982	-	1.57246	5.48e-05	1	TCTTCGGGGTGATCTACCCA
TWTKCATTGYTWTYTMCCSW	MEME-2	NC_000962.3	1978281	1978300	-	1.57246	5.48e-05	1	GATACAAGGCTATTAACCGT
TWTKCATTGYTWTYTMCCSW	MEME-2	NC_000962.3	2349553	2349572	-	1.57246	5.48e-05	1	TTGTCAGAGTCATCTACCGC
TWTKCATTGYTWTYTMCCSW	MEME-2	NC_000962.3	3704803	3704822	+	1.57246	5.48e-05	1	TTGTCCATGCTGTTCACCCT
TWTKCATTGYTWTYTMCCSW	MEME-2	NC_000962.3	3869504	3869523	+	1.57246	5.48e-05	1	GTTGCAACGGCATTTACCGT
GTTAWCKCYYSAAKAATYCC	MEME-3	NC_000962.3	34672	34691	-	1.50725	5.53e-05	1	GGTATCGCTGGTAGTGTTCC
GTTAWCKCYYSAAKAATYCC	MEME-3	NC_000962.3	801843	801862	-	1.50725	5.53e-05	1	GTGATCGCGTGGATACGCCC
GTTAWCKCYYSAAKAATYCC	MEME-3	NC_000962.3	1548221	1548240	-	1.50725	5.53e-05	1	GCCATCCCTCCAAGGACTCC
GTTAWCKCYYSAAKAATYCC	MEME-3	NC_000962.3	1970253	1970272	-	1.50725	5.53e-05	1	GATATCGCTCGCATACGACC
GTTAWCKCYYSAAKAATYCC	MEME-3	NC_000962.3	2491411	2491430	+	1.50725	5.53e-05	1	GGTAACGCTCGCCAAGTTCC
GTTAWCKCYYSAAKAATYCC	MEME-3	NC_000962.3	3461578	3461597	-	1.50725	5.53e-05	1	GGTGACGCCGCAATACGTCC
TWTKCATTGYTWTYTMCCSW	MEME-2	NC_000962.3	679069	679088	+	1.51449	5.62e-05	1	GCTTCATTGCGCGCTCCCGA
TWTKCATTGYTWTYTMCCSW	MEME-2	NC_000962.3	2242004	2242023	+	1.51449	5.62e-05	1	TTTGCCAGGGTCTCTCCCGA
TWTKCATTGYTWTYTMCCSW	MEME-2	NC_000962.3	2462890	2462909	+	1.51449	5.62e-05	1	TATGCGTCGGTCTCGCCCGT
TWTKCATTGYTWTYTMCCSW	MEME-2	NC_000962.3	2690585	2690604	+	1.51449	5.62e-05	1	TATGCACTGCTGGCATCCCT
TWTKCATTGYTWTYTMCCSW	MEME-2	NC_000962.3	2946281	2946300	+	1.51449	5.62e-05	1	TGCTCATAGCTGCCTCCCGA
GTTAWCKCYYSAAKAATYCC	MEME-3	NC_000962.3	1198734	1198753	+	1.06522	5.62e-05	1	TTTCTCGTTCGAAGAACCCG
GTTAWCKCYYSAAKAATYCC	MEME-3	NC_000962.3	2786268	2786287	-	1.06522	5.62e-05	1	GCCATGGTTCGAAGAATCAC
TWTKCATTGYTWTYTMCCSW	MEME-2	NC_000962.3	1584702	1584721	+	1.13043	5.66e-05	1	GATGGATTGCCATCTAATGA
TWTKCATTGYTWTYTMCCSW	MEME-2	NC_000962.3	2740990	2741009	+	1.13043	5.66e-05	1	TTTGGCCTACTTTCTAACGA
TWTKCATTGYTWTYTMCCSW	MEME-2	NC_000962.3	2767139	2767158	-	1.13043	5.66e-05	1	AATGAGTTGCTTTTTCGGCA
GTTGTCYWWGYAAYCGCKTWT	MEME-1	NC_000962.3	111489	111509	+	-1.37681	5.77e-05	1	ATTGACCTGCTCATCGCGTGT
GTTGTCYWWGYAAYCGCKTWT	MEME-1	NC_000962.3	120564	120584	+	-1.37681	5.77e-05	1	GTGGTCCGGGTAATCCAGGAT
GTTGTCYWWGYAAYCGCKTWT	MEME-1	NC_000962.3	340084	340104	+	-1.37681	5.77e-05	1	GTTGTTCGTGCCATCGAATTC
GTTGTCYWWGYAAYCGCKTWT	MEME-1	NC_000962.3	428947	428967	-	-1.37681	5.77e-05	1	CTTGTCAATGCGAGCACGCTT
GTTGTCYWWGYAAYCGCKTWT	MEME-1	NC_000962.3	591726	591746	+	-1.37681	5.77e-05	1	GTTGTGCTGGTGACCGGTGCT
GTTGTCYWWGYAAYCGCKTWT	MEME-1	NC_000962.3	716120	716140	-	-1.37681	5.77e-05	1	GATGTCCCCCTGACCGTTTTT
GTTGTCYWWGYAAYCGCKTWT	MEME-1	NC_000962.3	842633	842653	-	-1.37681	5.77e-05	1	GCTGTCCGCACAATCGTTGTT
GTTGTCYWWGYAAYCGCKTWT	MEME-1	NC_000962.3	1179149	1179169	+	-1.37681	5.77e-05	1	GTGACCTAGGTAACAGCGTCT
GTTGTCYWWGYAAYCGCKTWT	MEME-1	NC_000962.3	1233003	1233023	+	-1.37681	5.77e-05	1	GTTGTCCAGGTACAGTCGTTC
GTTGTCYWWGYAAYCGCKTWT	MEME-1	NC_000962.3	1464130	1464150	+	-1.37681	5.77e-05	1	GTTCTATCTGCATTCGCGGCT
GTTGTCYWWGYAAYCGCKTWT	MEME-1	NC_000962.3	1479499	1479519	+	-1.37681	5.77e-05	1	GTTGACCAGCCGATCGGCTAT
GTTGTCYWWGYAAYCGCKTWT	MEME-1	NC_000962.3	1481173	1481193	+	-1.37681	5.77e-05	1	GTTGGCCAGCCGATCGGCTAT
GTTGTCYWWGYAAYCGCKTWT	MEME-1	NC_000962.3	1570801	1570821	-	-1.37681	5.77e-05	1	GTTGTGCTGGCAGACGTTTTG
GTTGTCYWWGYAAYCGCKTWT	MEME-1	NC_000962.3	1869283	1869303	+	-1.37681	5.77e-05	1	GGTGTTCCTGGAACCGATCAT
GTTGTCYWWGYAAYCGCKTWT	MEME-1	NC_000962.3	1934572	1934592	-	-1.37681	5.77e-05	1	GTCGTTCTGCTCACCGCATTT
GTTGTCYWWGYAAYCGCKTWT	MEME-1	NC_000962.3	1957630	1957650	-	-1.37681	5.77e-05	1	GGTGTCTAGGGCACAGAGTAT
GTTGTCYWWGYAAYCGCKTWT	MEME-1	NC_000962.3	2008396	2008416	+	-1.37681	5.77e-05	1	TTTGGCGTCGTCACCTCGTTT
GTTGTCYWWGYAAYCGCKTWT	MEME-1	NC_000962.3	2116916	2116936	-	-1.37681	5.77e-05	1	TTTGGTCAGGTAACCGCCGTT
GTTGTCYWWGYAAYCGCKTWT	MEME-1	NC_000962.3	2127067	2127087	+	-1.37681	5.77e-05	1	ATTGTCCATGCAGGTGCTCGT
GTTGTCYWWGYAAYCGCKTWT	MEME-1	NC_000962.3	2132916	2132936	+	-1.37681	5.77e-05	1	GTCCTCGAACCAACCGCCTTC
GTTGTCYWWGYAAYCGCKTWT	MEME-1	NC_000962.3	2151261	2151281	-	-1.37681	5.77e-05	1	GGTTACTCACCAACCGCATAT
GTTGTCYWWGYAAYCGCKTWT	MEME-1	NC_000962.3	2194794	2194814	-	-1.37681	5.77e-05	1	GTTGTTCTTGAACCCGGTTCC
GTTGTCYWWGYAAYCGCKTWT	MEME-1	NC_000962.3	2221773	2221793	-	-1.37681	5.77e-05	1	GTGGTACCGGCGATGGCTTAT
GTTGTCYWWGYAAYCGCKTWT	MEME-1	NC_000962.3	2233382	2233402	+	-1.37681	5.77e-05	1	GGTGTTCCAGTAACCGATTCG
GTTGTCYWWGYAAYCGCKTWT	MEME-1	NC_000962.3	2258968	2258988	-	-1.37681	5.77e-05	1	GTTCTCCAGGCAATCACCGAA
GTTGTCYWWGYAAYCGCKTWT	MEME-1	NC_000962.3	2331764	2331784	+	-1.37681	5.77e-05	1	ATTGACCCCGCAATCGGTCAT
GTTGTCYWWGYAAYCGCKTWT	MEME-1	NC_000962.3	2574200	2574220	-	-1.37681	5.77e-05	1	GATTTCTCATCAACCGCCCTT
GTTGTCYWWGYAAYCGCKTWT	MEME-1	NC_000962.3	2574804	2574824	+	-1.37681	5.77e-05	1	GTCGTCCAGGGAGTCCAGTAT
GTTGTCYWWGYAAYCGCKTWT	MEME-1	NC_000962.3	2597573	2597593	-	-1.37681	5.77e-05	1	ATCGTCCTCGCGATCGGCTTT
GTTGTCYWWGYAAYCGCKTWT	MEME-1	NC_000962.3	2602781	2602801	-	-1.37681	5.77e-05	1	GTTCTGGTGGCAATCGCGGTA
GTTGTCYWWGYAAYCGCKTWT	MEME-1	NC_000962.3	2624757	2624777	-	-1.37681	5.77e-05	1	GTTGATCACCAAATCGCGTAG
GTTGTCYWWGYAAYCGCKTWT	MEME-1	NC_000962.3	2634165	2634185	-	-1.37681	5.77e-05	1	ATTGTCTTACCATCCGCCCGT
GTTGTCYWWGYAAYCGCKTWT	MEME-1	NC_000962.3	2695932	2695952	-	-1.37681	5.77e-05	1	GGTGTCCTCGCAATGGATTCG
GTTGTCYWWGYAAYCGCKTWT	MEME-1	NC_000962.3	2861609	2861629	-	-1.37681	5.77e-05	1	GGTCTGCTGGTAACCGCCTAC
GTTGTCYWWGYAAYCGCKTWT	MEME-1	NC_000962.3	2997290	2997310	+	-1.37681	5.77e-05	1	GTTGGACGTGGAACTGCTCAT
GTTGTCYWWGYAAYCGCKTWT	MEME-1	NC_000962.3	3079723	3079743	-	-1.37681	5.77e-05	1	CTGTTCGTAGAATCCGCGTTT
GTTGTCYWWGYAAYCGCKTWT	MEME-1	NC_000962.3	3093182	3093202	+	-1.37681	5.77e-05	1	GATGTCCAGGCAAATGGTGTT
GTTGTCYWWGYAAYCGCKTWT	MEME-1	NC_000962.3	3125842	3125862	-	-1.37681	5.77e-05	1	GCTGTGCAAGTAAGCACGCCT
GTTGTCYWWGYAAYCGCKTWT	MEME-1	NC_000962.3	3215865	3215885	-	-1.37681	5.77e-05	1	GTGTTCTCGGCAATCCCGCTT
GTTGTCYWWGYAAYCGCKTWT	MEME-1	NC_000962.3	3274213	3274233	+	-1.37681	5.77e-05	1	GTTATCGGAGCGATCGTGTTA
GTTGTCYWWGYAAYCGCKTWT	MEME-1	NC_000962.3	3284318	3284338	-	-1.37681	5.77e-05	1	GTTGCTTCTGCGAGCCCGTAT
GTTGTCYWWGYAAYCGCKTWT	MEME-1	NC_000962.3	3345405	3345425	-	-1.37681	5.77e-05	1	GCTGTCCATGGAAGGCCGGAT
GTTGTCYWWGYAAYCGCKTWT	MEME-1	NC_000962.3	3507860	3507880	+	-1.37681	5.77e-05	1	GTATTCCGAGCAATCACTGCT
GTTGTCYWWGYAAYCGCKTWT	MEME-1	NC_000962.3	3636914	3636934	-	-1.37681	5.77e-05	1	GTTGTCGTGGTGGCACCGTAT
GTTGTCYWWGYAAYCGCKTWT	MEME-1	NC_000962.3	3755536	3755556	+	-1.37681	5.77e-05	1	TTCGGTGAGGTAACCGCGTAT
GTTGTCYWWGYAAYCGCKTWT	MEME-1	NC_000962.3	3859953	3859973	+	-1.37681	5.77e-05	1	GCTGTTTACGCTATCGGGTCT
GTTGTCYWWGYAAYCGCKTWT	MEME-1	NC_000962.3	4287890	4287910	+	-1.37681	5.77e-05	1	GTTGTCGATGGTCCGGGGTTT
GTTGTCYWWGYAAYCGCKTWT	MEME-1	NC_000962.3	4332569	4332589	+	-1.37681	5.77e-05	1	GTTCTCCACGAACTCGGGCTT
TWTKCATTGYTWTYTMCCSW	MEME-2	NC_000962.3	485899	485918	+	1.12319	5.9e-05	1	TTTGGGTTTTGTATTCCCGA
GTTAWCKCYYSAAKAATYCC	MEME-3	NC_000962.3	165503	165522	-	1.05797	5.96e-05	1	GTCATCGTTTCTTGAATCCA
GTTAWCKCYYSAAKAATYCC	MEME-3	NC_000962.3	186349	186368	+	1.05797	5.96e-05	1	TCAAACGGTCGATGAATTCC
GTTAWCKCYYSAAKAATYCC	MEME-3	NC_000962.3	302654	302673	+	1.05797	5.96e-05	1	GTTATCTCCTCATGCTTCGT
GTTAWCKCYYSAAKAATYCC	MEME-3	NC_000962.3	455303	455322	-	1.05797	5.96e-05	1	ATCATCGCCTGAATACACCT
GTTAWCKCYYSAAKAATYCC	MEME-3	NC_000962.3	560010	560029	+	1.05797	5.96e-05	1	CATGACTCTCGAAGAAGCGC
GTTAWCKCYYSAAKAATYCC	MEME-3	NC_000962.3	601703	601722	-	1.05797	5.96e-05	1	GGTCAAGCTCGAAGAGTTCG
GTTAWCKCYYSAAKAATYCC	MEME-3	NC_000962.3	643964	643983	-	1.05797	5.96e-05	1	GTGATCGTCTCGAGGATTGC
GTTAWCKCYYSAAKAATYCC	MEME-3	NC_000962.3	682900	682919	+	1.05797	5.96e-05	1	GTTATCGACTCTCGGATTCG
GTTAWCKCYYSAAKAATYCC	MEME-3	NC_000962.3	975450	975469	-	1.05797	5.96e-05	1	GTGATCGCTCCACTCATCGG
GTTAWCKCYYSAAKAATYCC	MEME-3	NC_000962.3	1635007	1635026	-	1.05797	5.96e-05	1	ACTAACTCCTCGGGAATCGC
GTTAWCKCYYSAAKAATYCC	MEME-3	NC_000962.3	1638458	1638477	+	1.05797	5.96e-05	1	GGAATGGCTCGACGAATTCG
GTTAWCKCYYSAAKAATYCC	MEME-3	NC_000962.3	1986839	1986858	-	1.05797	5.96e-05	1	GCTAAGGCTCGAGGAACTCA
GTTAWCKCYYSAAKAATYCC	MEME-3	NC_000962.3	2285741	2285760	-	1.05797	5.96e-05	1	GTTTTCGTTCCTGGAATTCG
GTTAWCKCYYSAAKAATYCC	MEME-3	NC_000962.3	2523240	2523259	+	1.05797	5.96e-05	1	CTCAACGGCTGAGGAACTCC
GTTAWCKCYYSAAKAATYCC	MEME-3	NC_000962.3	2597296	2597315	-	1.05797	5.96e-05	1	GATGTTGATCGACGAATTCC
GTTAWCKCYYSAAKAATYCC	MEME-3	NC_000962.3	3107685	3107704	+	1.05797	5.96e-05	1	GGGAACTACCGCAGAATTCA
GTTAWCKCYYSAAKAATYCC	MEME-3	NC_000962.3	3322777	3322796	-	1.05797	5.96e-05	1	GGTTTCTATCGGAGAATCCG
GTTAWCKCYYSAAKAATYCC	MEME-3	NC_000962.3	3407746	3407765	-	1.05797	5.96e-05	1	GTGAACGCCTCGTGAATTGT
GTTAWCKCYYSAAKAATYCC	MEME-3	NC_000962.3	3421814	3421833	+	1.05797	5.96e-05	1	CCGATCGCTTCGAGAATCCG
GTTAWCKCYYSAAKAATYCC	MEME-3	NC_000962.3	3568710	3568729	-	1.05797	5.96e-05	1	GATCACTTTCGAAGAACCGC
GTTAWCKCYYSAAKAATYCC	MEME-3	NC_000962.3	3767160	3767179	+	1.05797	5.96e-05	1	GTCGACGCCCCGATAATTTT
GTTAWCKCYYSAAKAATYCC	MEME-3	NC_000962.3	3881072	3881091	-	1.05797	5.96e-05	1	GTGGTCGCTTGCAGAATCGG
GTTAWCKCYYSAAKAATYCC	MEME-3	NC_000962.3	4136997	4137016	+	1.05797	5.96e-05	1	GATATAGCTCGACGAGTTCG
GTTAWCKCYYSAAKAATYCC	MEME-3	NC_000962.3	4250950	4250969	-	1.05797	5.96e-05	1	GGTCATGCCCGAGTAATTCT
GTTAWCKCYYSAAKAATYCC	MEME-3	NC_000962.3	4405963	4405982	-	1.05797	5.96e-05	1	GCAATTGCTCGACGAATTCG
GTTAWCKCYYSAAKAATYCC	MEME-3	NC_000962.3	4407889	4407908	+	1.05797	5.96e-05	1	ACCATCTCTCGAAGAAACTC
TWTKCATTGYTWTYTMCCSW	MEME-2	NC_000962.3	7281	7300	-	1.11594	6.04e-05	1	TATTCCTCGTTTGCAATCGA
TWTKCATTGYTWTYTMCCSW	MEME-2	NC_000962.3	344451	344470	-	1.11594	6.04e-05	1	AACTCAGTACTTTTCACCGT
TWTKCATTGYTWTYTMCCSW	MEME-2	NC_000962.3	1470279	1470298	-	1.11594	6.04e-05	1	TTTGCCTTGTCAGTGAGCCA
TWTKCATTGYTWTYTMCCSW	MEME-2	NC_000962.3	1975449	1975468	+	1.11594	6.04e-05	1	GATTGATCGTTTCCGACCGA
TWTKCATTGYTWTYTMCCSW	MEME-2	NC_000962.3	2397326	2397345	-	1.11594	6.04e-05	1	TATTCCCTGTTAGCAACGGT
TWTKCATTGYTWTYTMCCSW	MEME-2	NC_000962.3	2866927	2866946	+	1.11594	6.04e-05	1	GAGTCGTCGCTATTTAACGA
TWTKCATTGYTWTYTMCCSW	MEME-2	NC_000962.3	3724661	3724680	+	1.11594	6.04e-05	1	AATTCCTCGCTATTCAGCCA
TWTKCATTGYTWTYTMCCSW	MEME-2	NC_000962.3	200555	200574	-	1.1087	6.05e-05	1	TTCTCCAAGTTATTGACCGT
TWTKCATTGYTWTYTMCCSW	MEME-2	NC_000962.3	263340	263359	+	1.06522	6.09e-05	1	TATGCGGTGCTGTCTCGGCT
TWTKCATTGYTWTYTMCCSW	MEME-2	NC_000962.3	278944	278963	+	1.06522	6.09e-05	1	CTTGCATCGCTATCTCGACG
GTTGTCYWWGYAAYCGCKTWT	MEME-1	NC_000962.3	94206	94226	-	-1.38406	6.16e-05	1	GGTGTCGATGTAGCCGATGCT
GTTGTCYWWGYAAYCGCKTWT	MEME-1	NC_000962.3	121662	121682	-	-1.38406	6.16e-05	1	GACATCCATGGAAACGCTGAT
GTTGTCYWWGYAAYCGCKTWT	MEME-1	NC_000962.3	485102	485122	-	-1.38406	6.16e-05	1	GTCGTCGCTGTGGTAGCGTAT
GTTGTCYWWGYAAYCGCKTWT	MEME-1	NC_000962.3	655779	655799	+	-1.38406	6.16e-05	1	GTTGCCGAGGTATCGGCTATT
GTTGTCYWWGYAAYCGCKTWT	MEME-1	NC_000962.3	753861	753881	-	-1.38406	6.16e-05	1	GTGGTCTTCGCATTGGCCCAT
GTTGTCYWWGYAAYCGCKTWT	MEME-1	NC_000962.3	1144270	1144290	-	-1.38406	6.16e-05	1	GTTGGCGATGCCGTCGTTTCT
GTTGTCYWWGYAAYCGCKTWT	MEME-1	NC_000962.3	1323071	1323091	+	-1.38406	6.16e-05	1	CTTGTCGACGCCCTCGCTTAC
GTTGTCYWWGYAAYCGCKTWT	MEME-1	NC_000962.3	1325540	1325560	-	-1.38406	6.16e-05	1	GGTGGATTCGGAACCGCTATT
GTTGTCYWWGYAAYCGCKTWT	MEME-1	NC_000962.3	1353588	1353608	-	-1.38406	6.16e-05	1	GTTGTCGTGATAGTCGCGGTA
GTTGTCYWWGYAAYCGCKTWT	MEME-1	NC_000962.3	1362071	1362091	+	-1.38406	6.16e-05	1	GGCGTCTAGTGAACCGCTTTC
GTTGTCYWWGYAAYCGCKTWT	MEME-1	NC_000962.3	1393408	1393428	-	-1.38406	6.16e-05	1	ATCGTCGTTGAACTCGCGAAT
GTTGTCYWWGYAAYCGCKTWT	MEME-1	NC_000962.3	1407251	1407271	-	-1.38406	6.16e-05	1	GGCGTCTCGATAGTCGCGTTT
GTTGTCYWWGYAAYCGCKTWT	MEME-1	NC_000962.3	1451108	1451128	-	-1.38406	6.16e-05	1	GTCGTCGAAGTTACCGTCGAT
GTTGTCYWWGYAAYCGCKTWT	MEME-1	NC_000962.3	1524987	1525007	-	-1.38406	6.16e-05	1	GTGGTATTTGTGAACGCGCGT
GTTGTCYWWGYAAYCGCKTWT	MEME-1	NC_000962.3	1592285	1592305	+	-1.38406	6.16e-05	1	GTGGTCTTCCAGACCGCTGAT
GTTGTCYWWGYAAYCGCKTWT	MEME-1	NC_000962.3	1774585	1774605	+	-1.38406	6.16e-05	1	GATCGCGAAGGAGCCGCTTTT
GTTGTCYWWGYAAYCGCKTWT	MEME-1	NC_000962.3	1821705	1821725	-	-1.38406	6.16e-05	1	GTCGTCGAAGTGAACTCGGAT
GTTGTCYWWGYAAYCGCKTWT	MEME-1	NC_000962.3	1906503	1906523	+	-1.38406	6.16e-05	1	GTTTTCAACGTACCCGCTCTG
GTTGTCYWWGYAAYCGCKTWT	MEME-1	NC_000962.3	2085182	2085202	+	-1.38406	6.16e-05	1	GTTGTCGACCTCTTCGCGGAT
GTTGTCYWWGYAAYCGCKTWT	MEME-1	NC_000962.3	2203004	2203024	-	-1.38406	6.16e-05	1	GTCGTAGACGTATTCGCGGAT
GTTGTCYWWGYAAYCGCKTWT	MEME-1	NC_000962.3	2271350	2271370	+	-1.38406	6.16e-05	1	GATGGCTTCGTAACCGGCGAT
GTTGTCYWWGYAAYCGCKTWT	MEME-1	NC_000962.3	2353241	2353261	-	-1.38406	6.16e-05	1	GCTGTCGTGGTGATCGTGTTG
GTTGTCYWWGYAAYCGCKTWT	MEME-1	NC_000962.3	2391974	2391994	+	-1.38406	6.16e-05	1	GATGTCCTGGTACTCTCCCAT
GTTGTCYWWGYAAYCGCKTWT	MEME-1	NC_000962.3	2579012	2579032	+	-1.38406	6.16e-05	1	GTTCTCGTAGTAGCCGCTAGG
GTTGTCYWWGYAAYCGCKTWT	MEME-1	NC_000962.3	2627835	2627855	+	-1.38406	6.16e-05	1	GTTGTTGATGACGTCGCGGAT
GTTGTCYWWGYAAYCGCKTWT	MEME-1	NC_000962.3	2690738	2690758	+	-1.38406	6.16e-05	1	GTCGGATTGGCTATCGCCTTT
GTTGTCYWWGYAAYCGCKTWT	MEME-1	NC_000962.3	2730504	2730524	-	-1.38406	6.16e-05	1	GTTGGCATTGCGATCGGATTG
GTTGTCYWWGYAAYCGCKTWT	MEME-1	NC_000962.3	2762162	2762182	+	-1.38406	6.16e-05	1	GTTGTCGACGTCATCGTGGAC
GTTGTCYWWGYAAYCGCKTWT	MEME-1	NC_000962.3	2877156	2877176	-	-1.38406	6.16e-05	1	GGTGTCGATGCACTCGGATTG
GTTGTCYWWGYAAYCGCKTWT	MEME-1	NC_000962.3	3237549	3237569	+	-1.38406	6.16e-05	1	GTTGTCGATGCTAACGGTGAC
GTTGTCYWWGYAAYCGCKTWT	MEME-1	NC_000962.3	3379841	3379861	-	-1.38406	6.16e-05	1	GTTGTCTTGGAACTGGCGATA
GTTGTCYWWGYAAYCGCKTWT	MEME-1	NC_000962.3	3614775	3614795	+	-1.38406	6.16e-05	1	GTTGTCTAACACACCGCCATC
GTTGTCYWWGYAAYCGCKTWT	MEME-1	NC_000962.3	3708057	3708077	-	-1.38406	6.16e-05	1	GTGATCGATGCGAGCGCTGTT
GTTGTCYWWGYAAYCGCKTWT	MEME-1	NC_000962.3	3722726	3722746	-	-1.38406	6.16e-05	1	GTTGACGAATTGACCGCAGAT
GTTGTCYWWGYAAYCGCKTWT	MEME-1	NC_000962.3	3753927	3753947	-	-1.38406	6.16e-05	1	GATATCGTCGTAACCGCTGAG
GTTGTCYWWGYAAYCGCKTWT	MEME-1	NC_000962.3	3872689	3872709	+	-1.38406	6.16e-05	1	GTCGTCCTGCTCATCGCCTTG
GTTGTCYWWGYAAYCGCKTWT	MEME-1	NC_000962.3	3874656	3874676	+	-1.38406	6.16e-05	1	GTGGTCTTCGTCACCGGCTTG
GTTGTCYWWGYAAYCGCKTWT	MEME-1	NC_000962.3	3956427	3956447	+	-1.38406	6.16e-05	1	GTGGTCGATGTCACCGACGAT
GTTGTCYWWGYAAYCGCKTWT	MEME-1	NC_000962.3	3961128	3961148	-	-1.38406	6.16e-05	1	GCAGTTTCAGCAGTCGCTTGT
GTTGTCYWWGYAAYCGCKTWT	MEME-1	NC_000962.3	3978637	3978657	-	-1.38406	6.16e-05	1	GTCGTCGTTGAACTCGGGTTA
GTTGTCYWWGYAAYCGCKTWT	MEME-1	NC_000962.3	3993078	3993098	-	-1.38406	6.16e-05	1	GTCGTCGTTGGAATGGCGGTG
GTTGTCYWWGYAAYCGCKTWT	MEME-1	NC_000962.3	4106374	4106394	+	-1.38406	6.16e-05	1	GTTGCCGTGGTAGTCGGGGTT
GTTGTCYWWGYAAYCGCKTWT	MEME-1	NC_000962.3	4201439	4201459	-	-1.38406	6.16e-05	1	GTGGTCTATGTAAACGTGCCC
GTTGTCYWWGYAAYCGCKTWT	MEME-1	NC_000962.3	4247201	4247221	+	-1.38406	6.16e-05	1	GTCGTCGCACTGATCGCGTTG
GTTGTCYWWGYAAYCGCKTWT	MEME-1	NC_000962.3	4318937	4318957	-	-1.38406	6.16e-05	1	GATATCGTCGTAACCGCTGAG
GTTGTCYWWGYAAYCGCKTWT	MEME-1	NC_000962.3	234816	234836	+	-1.3913	6.18e-05	1	GTCGCCGATGTTCTCGCCTAT
GTTGTCYWWGYAAYCGCKTWT	MEME-1	NC_000962.3	864940	864960	-	-1.3913	6.18e-05	1	GCTGTCTACGATTTCGCTGTT
GTTGTCYWWGYAAYCGCKTWT	MEME-1	NC_000962.3	2247192	2247212	-	-1.3913	6.18e-05	1	GGTGTCTTTGTTCACGCAGAT
GTTGTCYWWGYAAYCGCKTWT	MEME-1	NC_000962.3	3630954	3630974	+	-1.3913	6.18e-05	1	GTTGGCGTGGTGATCGCTGTG
GTTAWCKCYYSAAKAATYCC	MEME-3	NC_000962.3	429473	429492	+	1.05072	6.19e-05	1	GTGATCGTTTGGCTGATCCC
GTTAWCKCYYSAAKAATYCC	MEME-3	NC_000962.3	914151	914170	+	1.05072	6.19e-05	1	CGAGACGCTCGGATAATTCC
GTTAWCKCYYSAAKAATYCC	MEME-3	NC_000962.3	1176040	1176059	+	1.05072	6.19e-05	1	GTTGTCGCTTGATGAGCTTC
GTTAWCKCYYSAAKAATYCC	MEME-3	NC_000962.3	1259932	1259951	+	1.05072	6.19e-05	1	GTGATCTCTTGCCGCATCCG
GTTAWCKCYYSAAKAATYCC	MEME-3	NC_000962.3	1612946	1612965	+	1.05072	6.19e-05	1	GTCAACTCTCCTCTATTCGC
GTTAWCKCYYSAAKAATYCC	MEME-3	NC_000962.3	2050812	2050831	-	1.05072	6.19e-05	1	GTGATATCTCCGATATACCC
GTTAWCKCYYSAAKAATYCC	MEME-3	NC_000962.3	2130927	2130946	-	1.05072	6.19e-05	1	GAATACGGTTGAAGAAATCC
GTTAWCKCYYSAAKAATYCC	MEME-3	NC_000962.3	2603549	2603568	+	1.05072	6.19e-05	1	TGAAACTCCTGTAGAACTCC
GTTAWCKCYYSAAKAATYCC	MEME-3	NC_000962.3	2726755	2726774	+	1.05072	6.19e-05	1	GCGAACTCCTCAAGGCTTCG
GTTAWCKCYYSAAKAATYCC	MEME-3	NC_000962.3	2893851	2893870	+	1.05072	6.19e-05	1	GTTGACTCCTGTGGAAATCG
GTTAWCKCYYSAAKAATYCC	MEME-3	NC_000962.3	3242875	3242894	+	1.05072	6.19e-05	1	GTTCTCTATCCGTGTATTCC
GTTAWCKCYYSAAKAATYCC	MEME-3	NC_000962.3	3534605	3534624	-	1.05072	6.19e-05	1	GTGAACTGTCGCATGTTCCC
GTTAWCKCYYSAAKAATYCC	MEME-3	NC_000962.3	3967438	3967457	+	1.05072	6.19e-05	1	GTAAACGCCTGGATGAGTCG
GTTAWCKCYYSAAKAATYCC	MEME-3	NC_000962.3	4249098	4249117	+	1.05072	6.19e-05	1	GGTATCTCCTGCCTAAGCCG
GTTAWCKCYYSAAKAATYCC	MEME-3	NC_000962.3	2742748	2742767	+	1.04348	6.22e-05	1	GAGAACGCTTCGATCAGTCC
GTTGTCYWWGYAAYCGCKTWT	MEME-1	NC_000962.3	727774	727794	-	-1.44203	6.23e-05	1	CTTGGCCTGGCAACCGCCACT
GTTGTCYWWGYAAYCGCKTWT	MEME-1	NC_000962.3	1060149	1060169	+	-1.44203	6.23e-05	1	GTTGTCCGAGGAGCGGCGGCT
GTTGTCYWWGYAAYCGCKTWT	MEME-1	NC_000962.3	3256579	3256599	-	-1.44203	6.23e-05	1	GTTGACCGCCGAACCGCGTAC
GTTGTCYWWGYAAYCGCKTWT	MEME-1	NC_000962.3	4172024	4172044	+	-1.44203	6.23e-05	1	CGTGCCCTCGCAACCGCCTGT
GTTAWCKCYYSAAKAATYCC	MEME-3	NC_000962.3	1394417	1394436	+	1	6.23e-05	1	GGTTCGGCCCGAAGAATCTC
GTTGTCYWWGYAAYCGCKTWT	MEME-1	NC_000962.3	477282	477302	-	-1.44928	6.28e-05	1	GTTGTCGGTGTCGCCGCGTGC
GTTGTCYWWGYAAYCGCKTWT	MEME-1	NC_000962.3	2390175	2390195	+	-1.44928	6.28e-05	1	GTCGTCGCCGTGACCGCGTAC
GTTGTCYWWGYAAYCGCKTWT	MEME-1	NC_000962.3	2396845	2396865	-	-1.44928	6.28e-05	1	GTCGTCGTCGTGACCGCGGCT
GTTGTCYWWGYAAYCGCKTWT	MEME-1	NC_000962.3	2623357	2623377	+	-1.44928	6.28e-05	1	GTTGCCCTCGAAACCGCCGTG
GTTGTCYWWGYAAYCGCKTWT	MEME-1	NC_000962.3	2676818	2676838	+	-1.44928	6.28e-05	1	GGTGTCACCGTCACCGCGTTG
GTTGTCYWWGYAAYCGCKTWT	MEME-1	NC_000962.3	2698468	2698488	-	-1.44928	6.28e-05	1	GTTGCCCCGGCCAACGCTTTA
GTTGTCYWWGYAAYCGCKTWT	MEME-1	NC_000962.3	2725224	2725244	-	-1.44928	6.28e-05	1	GTTGTCCTTGAACCCGCAACG
GTTGTCYWWGYAAYCGCKTWT	MEME-1	NC_000962.3	2814358	2814378	+	-1.44928	6.28e-05	1	GTGGTCCCGGTAACCGCAGTG
GTTGTCYWWGYAAYCGCKTWT	MEME-1	NC_000962.3	2910155	2910175	+	-1.44928	6.28e-05	1	GTGGGCGGTGCAACCGCTTGC
GTTGTCYWWGYAAYCGCKTWT	MEME-1	NC_000962.3	3193061	3193081	-	-1.44928	6.28e-05	1	GCTGTCCGGGTACTCGCGAGT
GTTGTCYWWGYAAYCGCKTWT	MEME-1	NC_000962.3	3456214	3456234	-	-1.44928	6.28e-05	1	GTTGTCATCGCCGCCGCATTC
GTTGTCYWWGYAAYCGCKTWT	MEME-1	NC_000962.3	3997648	3997668	-	-1.44928	6.28e-05	1	GCTGGCCGAGCAAGCGCTTGG
GTTGTCYWWGYAAYCGCKTWT	MEME-1	NC_000962.3	1444844	1444864	+	-1.76812	6.37e-05	1	GCCCTGTAAGTAATCCAGTAT
GTTGTCYWWGYAAYCGCKTWT	MEME-1	NC_000962.3	3593479	3593499	-	-1.76812	6.37e-05	1	GTGCTGTATGTATTTGTGTTT
GTTAWCKCYYSAAKAATYCC	MEME-3	NC_000962.3	7316	7335	+	0.992754	6.44e-05	1	GTTGCCGCCTGACGACTCGC
GTTAWCKCYYSAAKAATYCC	MEME-3	NC_000962.3	254653	254672	-	0.992754	6.44e-05	1	GTCATCGCCGGCCGAATCGC
GTTAWCKCYYSAAKAATYCC	MEME-3	NC_000962.3	595281	595300	-	0.992754	6.44e-05	1	GACAGTTCCCGAAGAAGCCC
GTTAWCKCYYSAAKAATYCC	MEME-3	NC_000962.3	663930	663949	-	0.992754	6.44e-05	1	GCTCACGCCCGAAGAAGAAC
GTTAWCKCYYSAAKAATYCC	MEME-3	NC_000962.3	696635	696654	+	0.992754	6.44e-05	1	TTGATCGCCCGAAACAGCCC
GTTAWCKCYYSAAKAATYCC	MEME-3	NC_000962.3	698491	698510	-	0.992754	6.44e-05	1	CTCCGCGCTCGAAGAAACCC
GTTAWCKCYYSAAKAATYCC	MEME-3	NC_000962.3	768217	768236	-	0.992754	6.44e-05	1	GACAACGCCCGAAGAGTATC
GTTAWCKCYYSAAKAATYCC	MEME-3	NC_000962.3	1267515	1267534	-	0.992754	6.44e-05	1	GTGATCGCACGACGAAACTC
GTTAWCKCYYSAAKAATYCC	MEME-3	NC_000962.3	1850641	1850660	+	0.992754	6.44e-05	1	GGTGTCGCGCCAGGAATCCG
GTTAWCKCYYSAAKAATYCC	MEME-3	NC_000962.3	2134938	2134957	+	0.992754	6.44e-05	1	CTGAGCGCCCCAGTACTCCC
GTTAWCKCYYSAAKAATYCC	MEME-3	NC_000962.3	2334486	2334505	-	0.992754	6.44e-05	1	GGCAACGCCGCCAGAATCCG
GTTAWCKCYYSAAKAATYCC	MEME-3	NC_000962.3	2560666	2560685	+	0.992754	6.44e-05	1	GTTATCGCCACCCGGATCGC
GTTAWCKCYYSAAKAATYCC	MEME-3	NC_000962.3	2578837	2578856	+	0.992754	6.44e-05	1	GCAACCGCCCCAATCATCAC
GTTAWCKCYYSAAKAATYCC	MEME-3	NC_000962.3	3610292	3610311	+	0.992754	6.44e-05	1	GCCATCGCCCGAACAGTCGC
GTTAWCKCYYSAAKAATYCC	MEME-3	NC_000962.3	3809683	3809702	-	0.992754	6.44e-05	1	CTTGACGCCCAAGGAAACCC
GTTAWCKCYYSAAKAATYCC	MEME-3	NC_000962.3	3817696	3817715	-	0.992754	6.44e-05	1	GTTGGCGCTCGAAGACACCA
GTTAWCKCYYSAAKAATYCC	MEME-3	NC_000962.3	3824174	3824193	+	0.992754	6.44e-05	1	GACACTTCCCGAGGAATCCC
GTTAWCKCYYSAAKAATYCC	MEME-3	NC_000962.3	3977097	3977116	+	0.992754	6.44e-05	1	GCTACCGCCCGTCGAATTCT
GTTAWCKCYYSAAKAATYCC	MEME-3	NC_000962.3	4045727	4045746	+	0.992754	6.44e-05	1	GTCATCGCCGGGTGAATCGC
GTTAWCKCYYSAAKAATYCC	MEME-3	NC_000962.3	4273109	4273128	-	0.992754	6.44e-05	1	CTTCACGCCCGAGCAAGCCC
GTTAWCKCYYSAAKAATYCC	MEME-3	NC_000962.3	4370972	4370991	+	0.992754	6.44e-05	1	GTGATCGCACCCAGAACCAC
GTTAWCKCYYSAAKAATYCC	MEME-3	NC_000962.3	4377851	4377870	-	0.992754	6.44e-05	1	GGACATCCCCGAAGAATCCC
GTTGTCYWWGYAAYCGCKTWT	MEME-1	NC_000962.3	3008276	3008296	+	-1.82609	6.5e-05	1	GTTGTGCGACCAGCGTCTTTT
TWTKCATTGYTWTYTMCCSW	MEME-2	NC_000962.3	99311	99330	+	1.05797	6.53e-05	1	TTCGCACTGTTTACTCCGGC
TWTKCATTGYTWTYTMCCSW	MEME-2	NC_000962.3	899821	899840	-	1.05797	6.53e-05	1	CCTGGAGCGCTATTTCCCGA
TWTKCATTGYTWTYTMCCSW	MEME-2	NC_000962.3	1081661	1081680	+	1.05797	6.53e-05	1	TTCGCCATGCTGTTTCCGGT
TWTKCATTGYTWTYTMCCSW	MEME-2	NC_000962.3	1135122	1135141	+	1.05797	6.53e-05	1	GTTGGATAGCTTTCGCCCTT
TWTKCATTGYTWTYTMCCSW	MEME-2	NC_000962.3	1449136	1449155	-	1.05797	6.53e-05	1	TTCGCAGTGCTTTCCGACCA
TWTKCATTGYTWTYTMCCSW	MEME-2	NC_000962.3	1771370	1771389	-	1.05797	6.53e-05	1	CTGGCATGCCTATCTGCCGA
TWTKCATTGYTWTYTMCCSW	MEME-2	NC_000962.3	1841870	1841889	-	1.05797	6.53e-05	1	GATGCATGGCTGGTTCGCCA
TWTKCATTGYTWTYTMCCSW	MEME-2	NC_000962.3	2706242	2706261	-	1.05797	6.53e-05	1	TACGACGTGCTATCTGCCGT
TWTKCATTGYTWTYTMCCSW	MEME-2	NC_000962.3	3158041	3158060	+	1.05797	6.53e-05	1	TTTCCTTTGCCTTCACCGGT
TWTKCATTGYTWTYTMCCSW	MEME-2	NC_000962.3	3189061	3189080	-	1.05797	6.53e-05	1	GATGCAGAGCTTTGTCTCGA
TWTKCATTGYTWTYTMCCSW	MEME-2	NC_000962.3	3572485	3572504	-	1.05797	6.53e-05	1	GTTCCGTTGCTTTCGCGCGT
TWTKCATTGYTWTYTMCCSW	MEME-2	NC_000962.3	3668911	3668930	-	1.05797	6.53e-05	1	TCTGCATCGCGAGCTAACGA
TWTKCATTGYTWTYTMCCSW	MEME-2	NC_000962.3	3733345	3733364	-	1.05797	6.53e-05	1	GAAGCATCGATATCTCCGGA
TWTKCATTGYTWTYTMCCSW	MEME-2	NC_000962.3	4035687	4035706	+	1.05797	6.53e-05	1	TTTGCGTTGATAGCGCCACA
TWTKCATTGYTWTYTMCCSW	MEME-2	NC_000962.3	4371350	4371369	-	1.05797	6.53e-05	1	TACGAATCGCTATCCACCGG
TWTKCATTGYTWTYTMCCSW	MEME-2	NC_000962.3	4401659	4401678	-	1.05797	6.53e-05	1	TAGGCACTGCTGTTCCCGCA
GTTAWCKCYYSAAKAATYCC	MEME-3	NC_000962.3	29742	29761	+	0.985507	6.64e-05	1	GTCCACGCACGAAGATCTCC
GTTAWCKCYYSAAKAATYCC	MEME-3	NC_000962.3	886737	886756	+	0.985507	6.64e-05	1	GTCATCGCCCGGTTCATGCC
GTTAWCKCYYSAAKAATYCC	MEME-3	NC_000962.3	1238136	1238155	-	0.985507	6.64e-05	1	GTCACCGCTCGATTCACCCC
GTTAWCKCYYSAAKAATYCC	MEME-3	NC_000962.3	1690137	1690156	-	0.985507	6.64e-05	1	GCTTCCGCCTGGAGGATTCC
GTTAWCKCYYSAAKAATYCC	MEME-3	NC_000962.3	1816932	1816951	+	0.985507	6.64e-05	1	GCTGCCGCTCGAAGAGGTCC
GTTAWCKCYYSAAKAATYCC	MEME-3	NC_000962.3	1846522	1846541	+	0.985507	6.64e-05	1	GTTGTCGCCCAAGGCACTCC
GTTAWCKCYYSAAKAATYCC	MEME-3	NC_000962.3	2541820	2541839	+	0.985507	6.64e-05	1	GGTAACACTCGAAGTCGCCC
TWTKCATTGYTWTYTMCCSW	MEME-2	NC_000962.3	443706	443725	-	1.05072	6.86e-05	1	TATTCCTGGCCCGCTACCCA
TWTKCATTGYTWTYTMCCSW	MEME-2	NC_000962.3	466307	466326	+	1.05072	6.86e-05	1	TCCGCTTCGCGATTTACCGT
TWTKCATTGYTWTYTMCCSW	MEME-2	NC_000962.3	1168577	1168596	-	1.05072	6.86e-05	1	TGGTCCCTGTGTTCTCCCGT
TWTKCATTGYTWTYTMCCSW	MEME-2	NC_000962.3	2124429	2124448	+	1.05072	6.86e-05	1	CTTGCGGTGGTTTCCACCGT
TWTKCATTGYTWTYTMCCSW	MEME-2	NC_000962.3	2287180	2287199	+	1.05072	6.86e-05	1	TATTCATGGCGAACAACCCG
TWTKCATTGYTWTYTMCCSW	MEME-2	NC_000962.3	2776213	2776232	+	1.05072	6.86e-05	1	GATTCCGTGGTAACTCCCCT
TWTKCATTGYTWTYTMCCSW	MEME-2	NC_000962.3	3267168	3267187	+	1.05072	6.86e-05	1	GACTCATTGCTTGCCGCCGA
TWTKCATTGYTWTYTMCCSW	MEME-2	NC_000962.3	3643788	3643807	-	1.05072	6.86e-05	1	TAACCAGGGTGATCTCCCGA
TWTKCATTGYTWTYTMCCSW	MEME-2	NC_000962.3	3798629	3798648	-	1.05072	6.86e-05	1	AGATCATTGCTAACAACCCT
TWTKCATTGYTWTYTMCCSW	MEME-2	NC_000962.3	4180972	4180991	-	1.05072	6.86e-05	1	TATTCGGTGCGTCCTACCCC
TWTKCATTGYTWTYTMCCSW	MEME-2	NC_000962.3	4238550	4238569	+	1.05072	6.86e-05	1	TACGCCTTGCTGGTCACCGT
TWTKCATTGYTWTYTMCCSW	MEME-2	NC_000962.3	4403092	4403111	+	1.05072	6.86e-05	1	TTAGCCTGGGGTTTTCCCGA
GTTAWCKCYYSAAKAATYCC	MEME-3	NC_000962.3	22682	22701	+	0.536232	6.9e-05	1	GTCAACGCCCGCATGATCAA
GTTAWCKCYYSAAKAATYCC	MEME-3	NC_000962.3	770521	770540	-	0.536232	6.9e-05	1	GTTCTTTCCCGCAGAAACGC
GTTAWCKCYYSAAKAATYCC	MEME-3	NC_000962.3	1073465	1073484	-	0.536232	6.9e-05	1	GGCAAGTCCCCAAGAAGCGC
GTTAWCKCYYSAAKAATYCC	MEME-3	NC_000962.3	1260847	1260866	+	0.536232	6.9e-05	1	GTGATCGGCCCGATGATCAC
GTTAWCKCYYSAAKAATYCC	MEME-3	NC_000962.3	1422121	1422140	-	0.536232	6.9e-05	1	GTCATCGTTCCACGGATCCT
GTTAWCKCYYSAAKAATYCC	MEME-3	NC_000962.3	1930345	1930364	+	0.536232	6.9e-05	1	GTGAACGCCCCAATCACCGA
GTTAWCKCYYSAAKAATYCC	MEME-3	NC_000962.3	2571893	2571912	+	0.536232	6.9e-05	1	ATCAACTCCCGCAGAAACGC
GTTAWCKCYYSAAKAATYCC	MEME-3	NC_000962.3	2866854	2866873	+	0.536232	6.9e-05	1	GTTCTCGGCCGAGGACTTCA
GTTAWCKCYYSAAKAATYCC	MEME-3	NC_000962.3	2942877	2942896	-	0.536232	6.9e-05	1	GTTCACGCCCGAGGACTTGG
GTTAWCKCYYSAAKAATYCC	MEME-3	NC_000962.3	3018882	3018901	-	0.536232	6.9e-05	1	GTGATGGCCTGGCGAATCCA
GTTAWCKCYYSAAKAATYCC	MEME-3	NC_000962.3	3049833	3049852	-	0.536232	6.9e-05	1	GTCAACGGTCGACGGATCCA
GTTAWCKCYYSAAKAATYCC	MEME-3	NC_000962.3	3365892	3365911	+	0.536232	6.9e-05	1	GTTCACGCTCGTAGAACCGG
GTTAWCKCYYSAAKAATYCC	MEME-3	NC_000962.3	3458086	3458105	-	0.536232	6.9e-05	1	GTGGTAGTTCGAAGAGTCCC
GTTAWCKCYYSAAKAATYCC	MEME-3	NC_000962.3	3506859	3506878	-	0.536232	6.9e-05	1	GCTATCGGCCGCATCATCTC
GTTAWCKCYYSAAKAATYCC	MEME-3	NC_000962.3	3759881	3759900	-	0.536232	6.9e-05	1	GTTAACGATCGATGCGTCCG
GTTAWCKCYYSAAKAATYCC	MEME-3	NC_000962.3	3826372	3826391	+	0.536232	6.9e-05	1	CTTGTGGCCCGACTCATCCC
GTTAWCKCYYSAAKAATYCC	MEME-3	NC_000962.3	4024884	4024903	+	0.536232	6.9e-05	1	GTCAACTACCCCCGAATCCA
GTTAWCKCYYSAAKAATYCC	MEME-3	NC_000962.3	4212672	4212691	+	0.536232	6.9e-05	1	GGTATAGCCCCAATCTTCCA
GTTGTCYWWGYAAYCGCKTWT	MEME-1	NC_000962.3	3560	3580	-	-1.83333	7.1e-05	1	ATGATCGATTCAATCGCGCTT
GTTGTCYWWGYAAYCGCKTWT	MEME-1	NC_000962.3	128293	128313	-	-1.83333	7.1e-05	1	CCTGTCCTACGAACCGGTGAT
GTTGTCYWWGYAAYCGCKTWT	MEME-1	NC_000962.3	806286	806306	+	-1.83333	7.1e-05	1	GTAGTGTACACAACCGTTCAT
GTTGTCYWWGYAAYCGCKTWT	MEME-1	NC_000962.3	1106078	1106098	-	-1.83333	7.1e-05	1	ATTTCCCATGCAATCGGATAG
GTTGTCYWWGYAAYCGCKTWT	MEME-1	NC_000962.3	1195406	1195426	+	-1.83333	7.1e-05	1	TTCGTCGATCCAATCACGTTG
GTTGTCYWWGYAAYCGCKTWT	MEME-1	NC_000962.3	1377975	1377995	-	-1.83333	7.1e-05	1	GGTACCAAAGCAATTGAGTAT
GTTGTCYWWGYAAYCGCKTWT	MEME-1	NC_000962.3	1599377	1599397	-	-1.83333	7.1e-05	1	GTTCTCCATGGACTTGGGGAT
GTTGTCYWWGYAAYCGCKTWT	MEME-1	NC_000962.3	1698737	1698757	+	-1.83333	7.1e-05	1	GTTCTTGATGCTATCGGGGAT
GTTGTCYWWGYAAYCGCKTWT	MEME-1	NC_000962.3	1744298	1744318	+	-1.83333	7.1e-05	1	GTTGTGTTAGCCGGAGGGTTT
GTTGTCYWWGYAAYCGCKTWT	MEME-1	NC_000962.3	2025136	2025156	+	-1.83333	7.1e-05	1	GTTTTCTATGCAACAGTTGCG
GTTGTCYWWGYAAYCGCKTWT	MEME-1	NC_000962.3	2366839	2366859	-	-1.83333	7.1e-05	1	GTAGTGCATGTCAAAGGGTTT
GTTGTCYWWGYAAYCGCKTWT	MEME-1	NC_000962.3	2405321	2405341	+	-1.83333	7.1e-05	1	ATCTTCGTTGTACCCACGTTT
GTTGTCYWWGYAAYCGCKTWT	MEME-1	NC_000962.3	2469929	2469949	+	-1.83333	7.1e-05	1	ATGGTCCCAGCAATGGGTATT
GTTGTCYWWGYAAYCGCKTWT	MEME-1	NC_000962.3	2807500	2807520	-	-1.83333	7.1e-05	1	GTTGAACATGAAATCTAGCAT
GTTGTCYWWGYAAYCGCKTWT	MEME-1	NC_000962.3	2985664	2985684	-	-1.83333	7.1e-05	1	GTTGATCTTGAAACCAGTCTT
GTTGTCYWWGYAAYCGCKTWT	MEME-1	NC_000962.3	3013564	3013584	+	-1.83333	7.1e-05	1	CTTGCGTTTGCCACCGTCTTT
GTTGTCYWWGYAAYCGCKTWT	MEME-1	NC_000962.3	3069631	3069651	+	-1.83333	7.1e-05	1	GTTGTCCTTGTTATACAGCCT
GTTGTCYWWGYAAYCGCKTWT	MEME-1	NC_000962.3	3667164	3667184	-	-1.83333	7.1e-05	1	GGCCTCTTTGCAAATCCGTTT
GTTGTCYWWGYAAYCGCKTWT	MEME-1	NC_000962.3	3816160	3816180	-	-1.83333	7.1e-05	1	ATTGTGCACATTTTCGCGTAT
GTTGTCYWWGYAAYCGCKTWT	MEME-1	NC_000962.3	4090673	4090693	-	-1.83333	7.1e-05	1	ATTGTGTACATGACCGCGGTT
GTTGTCYWWGYAAYCGCKTWT	MEME-1	NC_000962.3	4314186	4314206	-	-1.83333	7.1e-05	1	TTTGTCTTAGGCCCTTCGTAT
TWTKCATTGYTWTYTMCCSW	MEME-2	NC_000962.3	295830	295849	-	0.601449	7.11e-05	1	ATTTGATCGCTATCGCCGCA
TWTKCATTGYTWTYTMCCSW	MEME-2	NC_000962.3	826367	826386	+	0.601449	7.11e-05	1	CTTGGATGGCTATCCACGCT
TWTKCATTGYTWTYTMCCSW	MEME-2	NC_000962.3	1245116	1245135	-	0.601449	7.11e-05	1	GTTGCATCGCCTTTTCGTCT
TWTKCATTGYTWTYTMCCSW	MEME-2	NC_000962.3	1673834	1673853	-	0.601449	7.11e-05	1	TATGAATATCATTCGACCGA
TWTKCATTGYTWTYTMCCSW	MEME-2	NC_000962.3	2616414	2616433	+	0.601449	7.11e-05	1	GTTGCGTAGCTATTTCTACT
TWTKCATTGYTWTYTMCCSW	MEME-2	NC_000962.3	3363982	3364001	-	0.601449	7.11e-05	1	TTGGGTTTGTTTACTCCGCT
GTTAWCKCYYSAAKAATYCC	MEME-3	NC_000962.3	87306	87325	-	0.528986	7.24e-05	1	CGCATCGCCTCAAGATATCC
GTTAWCKCYYSAAKAATYCC	MEME-3	NC_000962.3	621941	621960	-	0.528986	7.24e-05	1	GGCAACGCCTGGAGAAGTGC
GTTAWCKCYYSAAKAATYCC	MEME-3	NC_000962.3	910041	910060	-	0.528986	7.24e-05	1	GATCTCGCTCGACGAGTTCA
GTTAWCKCYYSAAKAATYCC	MEME-3	NC_000962.3	972665	972684	-	0.528986	7.24e-05	1	GTCGACGATCGAGGAACTCC
GTTAWCKCYYSAAKAATYCC	MEME-3	NC_000962.3	1124861	1124880	-	0.528986	7.24e-05	1	GTTAACGCTCGACGTCATCG
GTTAWCKCYYSAAKAATYCC	MEME-3	NC_000962.3	1420909	1420928	-	0.528986	7.24e-05	1	GATATCGCCTCGGTAAGCCG
GTTAWCKCYYSAAKAATYCC	MEME-3	NC_000962.3	1467793	1467812	-	0.528986	7.24e-05	1	GGGATGTCCCGCATGATCCC
GTTAWCKCYYSAAKAATYCC	MEME-3	NC_000962.3	2190121	2190140	-	0.528986	7.24e-05	1	CGAGACGCTCCAAGAACTCC
GTTAWCKCYYSAAKAATYCC	MEME-3	NC_000962.3	2289228	2289247	+	0.528986	7.24e-05	1	ATCAACGCCCGCATACGTCC
GTTAWCKCYYSAAKAATYCC	MEME-3	NC_000962.3	2385941	2385960	-	0.528986	7.24e-05	1	CCTCACGCTCGACGACTTCC
GTTAWCKCYYSAAKAATYCC	MEME-3	NC_000962.3	2858719	2858738	-	0.528986	7.24e-05	1	GTCAACGCCTGACGATGTCG
GTTAWCKCYYSAAKAATYCC	MEME-3	NC_000962.3	3049719	3049738	+	0.528986	7.24e-05	1	GGAATCGCCTGGATAAGCGC
GTTAWCKCYYSAAKAATYCC	MEME-3	NC_000962.3	3231028	3231047	-	0.528986	7.24e-05	1	GTTCACGCTCGACGACGTCA
GTTAWCKCYYSAAKAATYCC	MEME-3	NC_000962.3	3635568	3635587	+	0.528986	7.24e-05	1	GATAACGTTCGCCGAGTTCC
GTTAWCKCYYSAAKAATYCC	MEME-3	NC_000962.3	1690900	1690919	-	0.521739	7.3e-05	1	GCGCTCTCCTGTAGAACTCC
GTTAWCKCYYSAAKAATYCC	MEME-3	NC_000962.3	116348	116367	-	0.471014	7.33e-05	1	GATACCGTCCGAGGAAACCC
GTTAWCKCYYSAAKAATYCC	MEME-3	NC_000962.3	183818	183837	-	0.471014	7.33e-05	1	GTCGGCGGCCCAAGCATCCC
GTTAWCKCYYSAAKAATYCC	MEME-3	NC_000962.3	1100402	1100421	-	0.471014	7.33e-05	1	GCTACCGCCCGAGGGATCCT
GTTAWCKCYYSAAKAATYCC	MEME-3	NC_000962.3	1575312	1575331	+	0.471014	7.33e-05	1	GTTGCCGCCCGCAGAGTCAC
GTTAWCKCYYSAAKAATYCC	MEME-3	NC_000962.3	1581486	1581505	+	0.471014	7.33e-05	1	GCATCCGGCCGAAGAATCCC
GTTAWCKCYYSAAKAATYCC	MEME-3	NC_000962.3	2721424	2721443	-	0.463768	7.41e-05	1	GTATGCGCTCGAAGATCCCC
GTTAWCKCYYSAAKAATYCC	MEME-3	NC_000962.3	3238723	3238742	+	0.463768	7.41e-05	1	GCGACCGCTCGAAGTAGCCC
GTTAWCKCYYSAAKAATYCC	MEME-3	NC_000962.3	3758020	3758039	-	0.463768	7.41e-05	1	GTCCTCGCCAGCAGCATCCC
GTTAWCKCYYSAAKAATYCC	MEME-3	NC_000962.3	3915281	3915300	+	0.463768	7.41e-05	1	GATGTCGCCGCGCGAATCCC
TWTKCATTGYTWTYTMCCSW	MEME-2	NC_000962.3	794682	794701	-	0.594203	7.43e-05	1	ATTGTTATGTCTTCTACCGA
TWTKCATTGYTWTYTMCCSW	MEME-2	NC_000962.3	1321833	1321852	-	0.594203	7.43e-05	1	CTTGCCATCTTTACTACCGA
TWTKCATTGYTWTYTMCCSW	MEME-2	NC_000962.3	1357681	1357700	+	0.594203	7.43e-05	1	CATGCGGTGTTTTCGACGGA
TWTKCATTGYTWTYTMCCSW	MEME-2	NC_000962.3	1954207	1954226	-	0.594203	7.43e-05	1	GTCTCTGTGCTATTTCCTCA
TWTKCATTGYTWTYTMCCSW	MEME-2	NC_000962.3	2096937	2096956	+	0.594203	7.43e-05	1	TTGGGTTTGCAATTCACCGA
TWTKCATTGYTWTYTMCCSW	MEME-2	NC_000962.3	2148418	2148437	+	0.594203	7.43e-05	1	TTGGCACGGTTATTGCGCGA
TWTKCATTGYTWTYTMCCSW	MEME-2	NC_000962.3	2872711	2872730	-	0.594203	7.43e-05	1	TATTCGCGCTGATCTCCCGT
TWTKCATTGYTWTYTMCCSW	MEME-2	NC_000962.3	3014323	3014342	+	0.594203	7.43e-05	1	TTCGCAACGCTTTTCACAGT
TWTKCATTGYTWTYTMCCSW	MEME-2	NC_000962.3	3022119	3022138	+	0.594203	7.43e-05	1	TTCTGATCGCTAACGACCGA
TWTKCATTGYTWTYTMCCSW	MEME-2	NC_000962.3	3312423	3312442	-	0.594203	7.43e-05	1	GTTGAATCGTCATCCACCGA
TWTKCATTGYTWTYTMCCSW	MEME-2	NC_000962.3	3817426	3817445	+	0.594203	7.43e-05	1	AATTCGTTCCCTTCGACCCT
TWTKCATTGYTWTYTMCCSW	MEME-2	NC_000962.3	3964728	3964747	+	0.594203	7.43e-05	1	AAAGTAGTGCTTTTCACCCA
TWTKCATTGYTWTYTMCCSW	MEME-2	NC_000962.3	4180599	4180618	-	0.594203	7.43e-05	1	TTATCACGGCTTTTCCGCGA
TWTKCATTGYTWTYTMCCSW	MEME-2	NC_000962.3	4275525	4275544	+	0.594203	7.43e-05	1	TAGTCAAAGCCATCTACACT
TWTKCATTGYTWTYTMCCSW	MEME-2	NC_000962.3	184964	184983	+	0.586957	7.47e-05	1	GATTCATCGTCACCGACCGA
TWTKCATTGYTWTYTMCCSW	MEME-2	NC_000962.3	3278393	3278412	-	0.586957	7.47e-05	1	AATTCGTTGCGAGTGACCGA
GTTAWCKCYYSAAKAATYCC	MEME-3	NC_000962.3	568868	568887	-	0.0144928	7.48e-05	1	GGCATCGTCCGAAGCATCCA
GTTAWCKCYYSAAKAATYCC	MEME-3	NC_000962.3	889269	889288	+	0.0144928	7.48e-05	1	GACCACGACCGAAGAATCCG
GTTAWCKCYYSAAKAATYCC	MEME-3	NC_000962.3	1543039	1543058	-	0.0144928	7.48e-05	1	GACCACGACCGAAGAATCCG
GTTAWCKCYYSAAKAATYCC	MEME-3	NC_000962.3	1988790	1988809	-	0.0144928	7.48e-05	1	GACCACGACCGAAGAATCCG
GTTAWCKCYYSAAKAATYCC	MEME-3	NC_000962.3	1996349	1996368	+	0.0144928	7.48e-05	1	GACCACGACCGAAGAATCCG
GTTAWCKCYYSAAKAATYCC	MEME-3	NC_000962.3	2204000	2204019	+	0.0144928	7.48e-05	1	GCTTACGACCGAGGAATCCG
GTTAWCKCYYSAAKAATYCC	MEME-3	NC_000962.3	2365662	2365681	+	0.0144928	7.48e-05	1	GACCACGACCGAAGAATCCG
GTTAWCKCYYSAAKAATYCC	MEME-3	NC_000962.3	2431204	2431223	-	0.0144928	7.48e-05	1	GACCACGACCGAAGAATCCG
GTTAWCKCYYSAAKAATYCC	MEME-3	NC_000962.3	2550262	2550281	+	0.0144928	7.48e-05	1	GACCACGACCGAAGAATCCG
GTTAWCKCYYSAAKAATYCC	MEME-3	NC_000962.3	2635825	2635844	+	0.0144928	7.48e-05	1	GACCACGACCGAAGAATCCG
GTTAWCKCYYSAAKAATYCC	MEME-3	NC_000962.3	2785702	2785721	-	0.0144928	7.48e-05	1	GACCACGACCGAAGAATCCG
GTTAWCKCYYSAAKAATYCC	MEME-3	NC_000962.3	2972357	2972376	+	0.0144928	7.48e-05	1	GACCACGACCGAAGAATCCG
GTTAWCKCYYSAAKAATYCC	MEME-3	NC_000962.3	3121611	3121630	-	0.0144928	7.48e-05	1	GACCACGACCGAAGAATCCG
GTTAWCKCYYSAAKAATYCC	MEME-3	NC_000962.3	3551478	3551497	+	0.0144928	7.48e-05	1	GACCACGACCGAAGAATCCG
GTTAWCKCYYSAAKAATYCC	MEME-3	NC_000962.3	3552961	3552980	+	0.0144928	7.48e-05	1	GACCACGACCGAAGAATCCG
GTTAWCKCYYSAAKAATYCC	MEME-3	NC_000962.3	3710630	3710649	+	0.0144928	7.48e-05	1	GACCACGACCGAAGAATCCG
GTTAWCKCYYSAAKAATYCC	MEME-3	NC_000962.3	3796145	3796164	-	0.0144928	7.48e-05	1	GACCACGACCGAAGAATCCG
GTTAWCKCYYSAAKAATYCC	MEME-3	NC_000962.3	3891027	3891046	+	0.0144928	7.48e-05	1	GACCACGACCGAAGAATCCG
TWTKCATTGYTWTYTMCCSW	MEME-2	NC_000962.3	6097	6116	-	0.536232	7.57e-05	1	ATTGCATCGCGATCTCCACC
TWTKCATTGYTWTYTMCCSW	MEME-2	NC_000962.3	207039	207058	+	0.536232	7.57e-05	1	TTTGCGTTGCGCTCACACCA
TWTKCATTGYTWTYTMCCSW	MEME-2	NC_000962.3	2094810	2094829	+	0.536232	7.57e-05	1	CACGCATCGCTTTCTCGCGG
TWTKCATTGYTWTYTMCCSW	MEME-2	NC_000962.3	3028436	3028455	-	0.536232	7.57e-05	1	ATTGCATTGCTACCCCGCCG
TWTKCATTGYTWTYTMCCSW	MEME-2	NC_000962.3	3099506	3099525	-	0.536232	7.57e-05	1	ATTGCAGTGCTCTCCCACCT
GTTGTCYWWGYAAYCGCKTWT	MEME-1	NC_000962.3	28006	28026	+	-1.84058	7.68e-05	1	ATTCTCTCTGTGATCGCGCAA
GTTGTCYWWGYAAYCGCKTWT	MEME-1	NC_000962.3	222379	222399	+	-1.84058	7.68e-05	1	TTTATCTATGTCACCGCCGAA
GTTGTCYWWGYAAYCGCKTWT	MEME-1	NC_000962.3	366870	366890	+	-1.84058	7.68e-05	1	GATGTTGTTGTTACCGGTATT
GTTGTCYWWGYAAYCGCKTWT	MEME-1	NC_000962.3	373291	373311	+	-1.84058	7.68e-05	1	GGTGTTGAAGTAGCCGGTGTT
GTTGTCYWWGYAAYCGCKTWT	MEME-1	NC_000962.3	374581	374601	+	-1.84058	7.68e-05	1	GGTGTTGAAGTAGCCGGTGTT
GTTGTCYWWGYAAYCGCKTWT	MEME-1	NC_000962.3	427132	427152	+	-1.84058	7.68e-05	1	GATGTTGTAGTTACCGGTGTT
GTTGTCYWWGYAAYCGCKTWT	MEME-1	NC_000962.3	513760	513780	-	-1.84058	7.68e-05	1	GGTTGGTAAGCAAGCGCTTTC
GTTGTCYWWGYAAYCGCKTWT	MEME-1	NC_000962.3	760143	760163	-	-1.84058	7.68e-05	1	CTTGTCTTTGCACTCGTCGAC
GTTGTCYWWGYAAYCGCKTWT	MEME-1	NC_000962.3	1102015	1102035	-	-1.84058	7.68e-05	1	GTTTTCTGAGTGATAGCGAAC
GTTGTCYWWGYAAYCGCKTWT	MEME-1	NC_000962.3	1110109	1110129	+	-1.84058	7.68e-05	1	GTTGACTTTGCATTGGATCGT
GTTGTCYWWGYAAYCGCKTWT	MEME-1	NC_000962.3	1276350	1276370	+	-1.84058	7.68e-05	1	GGTATCGATTTATTCGCGGTT
GTTGTCYWWGYAAYCGCKTWT	MEME-1	NC_000962.3	1293655	1293675	-	-1.84058	7.68e-05	1	ATGGTACAGGTGATCGCTCAT
GTTGTCYWWGYAAYCGCKTWT	MEME-1	NC_000962.3	1348700	1348720	+	-1.84058	7.68e-05	1	GTGGTCTACGTTCTGGTGTAT
GTTGTCYWWGYAAYCGCKTWT	MEME-1	NC_000962.3	1463221	1463241	-	-1.84058	7.68e-05	1	GTCAACTCAGCCATAGCTTTT
GTTGTCYWWGYAAYCGCKTWT	MEME-1	NC_000962.3	1665594	1665614	+	-1.84058	7.68e-05	1	GTTGCGCTGGTATTCGATTTC
GTTGTCYWWGYAAYCGCKTWT	MEME-1	NC_000962.3	1759750	1759770	-	-1.84058	7.68e-05	1	CTTGGCCATGAAGTCACTGAT
GTTGTCYWWGYAAYCGCKTWT	MEME-1	NC_000962.3	1930797	1930817	-	-1.84058	7.68e-05	1	AGTGGCTTTCAGATCGCGTTT
GTTGTCYWWGYAAYCGCKTWT	MEME-1	NC_000962.3	1957998	1958018	+	-1.84058	7.68e-05	1	ATTGTCGATCTGATCGCGAAC
GTTGTCYWWGYAAYCGCKTWT	MEME-1	NC_000962.3	2440818	2440838	-	-1.84058	7.68e-05	1	TTTGCCCAGGTGATTGCTAAT
GTTGTCYWWGYAAYCGCKTWT	MEME-1	NC_000962.3	2576074	2576094	+	-1.84058	7.68e-05	1	GTGAAGTTCGCAGTCGCTTTT
GTTGTCYWWGYAAYCGCKTWT	MEME-1	NC_000962.3	2691125	2691145	+	-1.84058	7.68e-05	1	CTCGTCTTGGTCATCGGGTTG
GTTGTCYWWGYAAYCGCKTWT	MEME-1	NC_000962.3	2718900	2718920	-	-1.84058	7.68e-05	1	GCTGCCTTATCAATGGCTGCT
GTTGTCYWWGYAAYCGCKTWT	MEME-1	NC_000962.3	2903377	2903397	-	-1.84058	7.68e-05	1	GTTGTGCAAATCAGCGCTGAA
GTTGTCYWWGYAAYCGCKTWT	MEME-1	NC_000962.3	3002667	3002687	+	-1.84058	7.68e-05	1	GTCGTCTTGGTGCTGGTGTTT
GTTGTCYWWGYAAYCGCKTWT	MEME-1	NC_000962.3	3023820	3023840	+	-1.84058	7.68e-05	1	CTCGTCGATGTCATCGGGTTG
GTTGTCYWWGYAAYCGCKTWT	MEME-1	NC_000962.3	3095959	3095979	-	-1.84058	7.68e-05	1	GTCATTTTGGTTACCGCTTTG
GTTGTCYWWGYAAYCGCKTWT	MEME-1	NC_000962.3	3140929	3140949	-	-1.84058	7.68e-05	1	GATTTCCAACTACGCGCTGAT
GTTGTCYWWGYAAYCGCKTWT	MEME-1	NC_000962.3	3251531	3251551	+	-1.84058	7.68e-05	1	GGGGTCTATTTCAACGAGTAT
GTTGTCYWWGYAAYCGCKTWT	MEME-1	NC_000962.3	3541623	3541643	+	-1.84058	7.68e-05	1	GCCTTTGATGTAGTCGCGTTT
GTTGTCYWWGYAAYCGCKTWT	MEME-1	NC_000962.3	3562664	3562684	-	-1.84058	7.68e-05	1	GTTGCCGTTCTACCGGCTGAT
GTTGTCYWWGYAAYCGCKTWT	MEME-1	NC_000962.3	3612995	3613015	-	-1.84058	7.68e-05	1	GGTGTATTTGTTGGCGGGTTT
GTTGTCYWWGYAAYCGCKTWT	MEME-1	NC_000962.3	3730459	3730479	+	-1.84058	7.68e-05	1	GGTGTTGATGTCACCGGTGTT
GTTGTCYWWGYAAYCGCKTWT	MEME-1	NC_000962.3	3732187	3732207	+	-1.84058	7.68e-05	1	GGTGTTGATGTCACCGGTGTT
GTTGTCYWWGYAAYCGCKTWT	MEME-1	NC_000962.3	3735742	3735762	+	-1.84058	7.68e-05	1	GGTGTTGATGTCACCGGTGTT
GTTGTCYWWGYAAYCGCKTWT	MEME-1	NC_000962.3	3856974	3856994	-	-1.84058	7.68e-05	1	GTTGGACAAGTGTTGGCCTTT
GTTGTCYWWGYAAYCGCKTWT	MEME-1	NC_000962.3	3913323	3913343	-	-1.84058	7.68e-05	1	GTTGTCCATTTTTGCGGTGAT
GTTGTCYWWGYAAYCGCKTWT	MEME-1	NC_000962.3	3918481	3918501	+	-1.84058	7.68e-05	1	GTTGTCCTTCTGGTCGACGAT
GTTAWCKCYYSAAKAATYCC	MEME-3	NC_000962.3	380762	380781	+	0.00724638	7.73e-05	1	GGTGTCTCCCGACGGATCCG
GTTAWCKCYYSAAKAATYCC	MEME-3	NC_000962.3	518298	518317	-	0.00724638	7.73e-05	1	GTTCACTCCCGGCGGATCTC
GTTAWCKCYYSAAKAATYCC	MEME-3	NC_000962.3	852539	852558	+	0.00724638	7.73e-05	1	GGTGTTGCTCGAGGAAGCCC
GTTAWCKCYYSAAKAATYCC	MEME-3	NC_000962.3	1098970	1098989	-	0.00724638	7.73e-05	1	GATAACGTTCGCCGAACCCC
GTTAWCKCYYSAAKAATYCC	MEME-3	NC_000962.3	1454841	1454860	+	0.00724638	7.73e-05	1	GCTGTCGCCCGACGAGTTCG
GTTAWCKCYYSAAKAATYCC	MEME-3	NC_000962.3	1555463	1555482	-	0.00724638	7.73e-05	1	GTTCATGCCCGGATCTTCCC
GTTAWCKCYYSAAKAATYCC	MEME-3	NC_000962.3	2123350	2123369	+	0.00724638	7.73e-05	1	CTCCTCGCTCGAGGAAGCCC
GTTAWCKCYYSAAKAATYCC	MEME-3	NC_000962.3	2189532	2189551	-	0.00724638	7.73e-05	1	GTCCACGCCCGCGTAATCCA
GTTAWCKCYYSAAKAATYCC	MEME-3	NC_000962.3	2222011	2222030	-	0.00724638	7.73e-05	1	GTGATCGCCCGATTCGTCCA
GTTAWCKCYYSAAKAATYCC	MEME-3	NC_000962.3	2703882	2703901	+	0.00724638	7.73e-05	1	GATCAGGCCCCAATCAGCCC
GTTAWCKCYYSAAKAATYCC	MEME-3	NC_000962.3	2885004	2885023	-	0.00724638	7.73e-05	1	GCCATCGCTCGCAGCATCGC
GTTAWCKCYYSAAKAATYCC	MEME-3	NC_000962.3	4084755	4084774	-	0.00724638	7.73e-05	1	CATCACGCTCGACGAAGCCC
GTTAWCKCYYSAAKAATYCC	MEME-3	NC_000962.3	4167547	4167566	+	0.00724638	7.73e-05	1	GGTGACGCCCGAAGGGTTGC
GTTGTCYWWGYAAYCGCKTWT	MEME-1	NC_000962.3	505355	505375	+	-1.84783	7.75e-05	1	GTTGTCGTTGTTGTCGGTCAA
GTTGTCYWWGYAAYCGCKTWT	MEME-1	NC_000962.3	760884	760904	-	-1.84783	7.75e-05	1	GTGGTCGATGTCGTCGGTTTC
GTTGTCYWWGYAAYCGCKTWT	MEME-1	NC_000962.3	3120254	3120274	+	-1.84783	7.75e-05	1	GTTGGTGTTGTGATCGCTAAA
GTTGTCYWWGYAAYCGCKTWT	MEME-1	NC_000962.3	3416692	3416712	-	-1.84783	7.75e-05	1	GTCGGCATAGTGATCGATCAT
GTTGTCYWWGYAAYCGCKTWT	MEME-1	NC_000962.3	3430495	3430515	+	-1.84783	7.75e-05	1	GTGGGTTATGGCATCGCTTTC
GTTGTCYWWGYAAYCGCKTWT	MEME-1	NC_000962.3	3826286	3826306	-	-1.84783	7.75e-05	1	GCTGTCTTAGTTCTCGGATTC
GTTGTCYWWGYAAYCGCKTWT	MEME-1	NC_000962.3	4245249	4245269	-	-1.84783	7.75e-05	1	GTTGTCTTTGACTTCGGTGTG
GTTGTCYWWGYAAYCGCKTWT	MEME-1	NC_000962.3	2998603	2998623	+	-1.8913	7.76e-05	1	GTTCTTCACGCAACCGGGTGG
TWTKCATTGYTWTYTMCCSW	MEME-2	NC_000962.3	680721	680740	+	0.528986	7.79e-05	1	ATGACTTTGCCATCTCCCGA
TWTKCATTGYTWTYTMCCSW	MEME-2	NC_000962.3	698567	698586	-	0.528986	7.79e-05	1	TTGGCACTGCTGACCACCGA
TWTKCATTGYTWTYTMCCSW	MEME-2	NC_000962.3	966862	966881	-	0.528986	7.79e-05	1	ACTTCGCTGCTATCACCCGT
TWTKCATTGYTWTYTMCCSW	MEME-2	NC_000962.3	1211451	1211470	+	0.528986	7.79e-05	1	CATGCTGTGCAATCTGCCCA
TWTKCATTGYTWTYTMCCSW	MEME-2	NC_000962.3	1233919	1233938	-	0.528986	7.79e-05	1	GATGCATCGCTGACAACCGA
TWTKCATTGYTWTYTMCCSW	MEME-2	NC_000962.3	1813179	1813198	+	0.528986	7.79e-05	1	GTTGCCCAGCTATATCCCCA
TWTKCATTGYTWTYTMCCSW	MEME-2	NC_000962.3	2139363	2139382	+	0.528986	7.79e-05	1	TTTTCAGCGCGTTCGCCCGC
TWTKCATTGYTWTYTMCCSW	MEME-2	NC_000962.3	2449697	2449716	-	0.528986	7.79e-05	1	GTTGCGTTGCTTCCAGCCCT
TWTKCATTGYTWTYTMCCSW	MEME-2	NC_000962.3	3148349	3148368	+	0.528986	7.79e-05	1	ATTGCCCGGCTATCTGCCGT
TWTKCATTGYTWTYTMCCSW	MEME-2	NC_000962.3	3700215	3700234	+	0.528986	7.79e-05	1	TAGCCGGTGCTATCACCCCA
TWTKCATTGYTWTYTMCCSW	MEME-2	NC_000962.3	4395006	4395025	+	0.528986	7.79e-05	1	TGTGCCTGGCCATCGACCCA
GTTAWCKCYYSAAKAATYCC	MEME-3	NC_000962.3	1520939	1520958	-	0	7.82e-05	1	GGTGTCGCCTCAGGGACTCC
GTTAWCKCYYSAAKAATYCC	MEME-3	NC_000962.3	1850195	1850214	-	0	7.82e-05	1	GAAGACGCCCGAGTGATTCC
GTTAWCKCYYSAAKAATYCC	MEME-3	NC_000962.3	350082	350101	-	-0.057971	7.83e-05	1	GGTACCGCCCCCAGTAGCCC
GTTAWCKCYYSAAKAATYCC	MEME-3	NC_000962.3	3466153	3466172	+	-0.057971	7.83e-05	1	GTTGCCGCCCGCGGAGTCCC
GTTAWCKCYYSAAKAATYCC	MEME-3	NC_000962.3	4176769	4176788	-	-0.057971	7.83e-05	1	GCCAGCGCCCCAAGCACCCC
TWTKCATTGYTWTYTMCCSW	MEME-2	NC_000962.3	144951	144970	-	0.0797101	7.88e-05	1	TTTGCAGTGCTAGCGCGGCT
TWTKCATTGYTWTYTMCCSW	MEME-2	NC_000962.3	1687858	1687877	-	0.0797101	7.88e-05	1	TTAGGTTAGCTATCTCCAGT
TWTKCATTGYTWTYTMCCSW	MEME-2	NC_000962.3	2806811	2806830	-	0.0797101	7.88e-05	1	CTTGCTTTGCGATCTCGGCA
GTTAWCKCYYSAAKAATYCC	MEME-3	NC_000962.3	308403	308422	-	-0.514493	7.91e-05	1	GCGATTGCCCCGAGTATCCC
GTTAWCKCYYSAAKAATYCC	MEME-3	NC_000962.3	3155729	3155748	-	-0.514493	7.91e-05	1	GTGATCGCCCCCAGCGTCAC
GTTAWCKCYYSAAKAATYCC	MEME-3	NC_000962.3	3867571	3867590	+	-0.514493	7.91e-05	1	ATCATCGCCCGCAGCAGCCC
GTTAWCKCYYSAAKAATYCC	MEME-3	NC_000962.3	4077154	4077173	+	-0.514493	7.91e-05	1	GGTGTCGGCCCGCGAATCCC
GTTAWCKCYYSAAKAATYCC	MEME-3	NC_000962.3	1187690	1187709	-	-0.521739	7.98e-05	1	GTCAACGCTCCCAGGGACCC
GTTAWCKCYYSAAKAATYCC	MEME-3	NC_000962.3	1262671	1262690	+	-0.521739	7.98e-05	1	GATATCGCCCGAGTTGGCCC
GTTAWCKCYYSAAKAATYCC	MEME-3	NC_000962.3	1500396	1500415	-	-0.521739	7.98e-05	1	GTGTTCGCTCGCCGACTCCC
GTTAWCKCYYSAAKAATYCC	MEME-3	NC_000962.3	1971486	1971505	-	-0.521739	7.98e-05	1	GTAATCGCCCCGGTATCCCC
GTTAWCKCYYSAAKAATYCC	MEME-3	NC_000962.3	2339308	2339327	+	-0.521739	7.98e-05	1	GAACTCGCCTGCAGGATCCC
GTTAWCKCYYSAAKAATYCC	MEME-3	NC_000962.3	2525409	2525428	-	-0.521739	7.98e-05	1	GGGATCTCCCCACGCGTCCC
GTTAWCKCYYSAAKAATYCC	MEME-3	NC_000962.3	2643072	2643091	-	-0.521739	7.98e-05	1	GCGTTCGCCCGAGGAAGTCC
GTTAWCKCYYSAAKAATYCC	MEME-3	NC_000962.3	3093997	3094016	+	-0.521739	7.98e-05	1	GGATACGCCCGACGAAGTCC
GTTAWCKCYYSAAKAATYCC	MEME-3	NC_000962.3	3301194	3301213	+	-0.521739	7.98e-05	1	GTTGACGCCCGGGGAGCTCC
GTTAWCKCYYSAAKAATYCC	MEME-3	NC_000962.3	2355937	2355956	+	-0.586957	7.99e-05	1	GTTATCCAGGGAAAAATCAC
GTTGTCYWWGYAAYCGCKTWT	MEME-1	NC_000962.3	470703	470723	-	-1.89855	8.03e-05	1	GTACTCCCGGTCACCGAGTAT
GTTGTCYWWGYAAYCGCKTWT	MEME-1	NC_000962.3	483086	483106	+	-1.89855	8.03e-05	1	TGTGTCCTAGCGACCGACTGT
GTTGTCYWWGYAAYCGCKTWT	MEME-1	NC_000962.3	917819	917839	-	-1.89855	8.03e-05	1	GGTGTCCAAGCAACGCCAACT
GTTGTCYWWGYAAYCGCKTWT	MEME-1	NC_000962.3	1216155	1216175	-	-1.89855	8.03e-05	1	GATGTTCAAGCAAGCGTGTGC
GTTGTCYWWGYAAYCGCKTWT	MEME-1	NC_000962.3	1701181	1701201	-	-1.89855	8.03e-05	1	GTGATCCACGCAAGCCCGCTT
GTTGTCYWWGYAAYCGCKTWT	MEME-1	NC_000962.3	1974984	1975004	-	-1.89855	8.03e-05	1	GTTGACCACCCGACAGCTTGT
GTTGTCYWWGYAAYCGCKTWT	MEME-1	NC_000962.3	2257128	2257148	+	-1.89855	8.03e-05	1	GTCGTCTGAGCAACGTCGAGT
GTTGTCYWWGYAAYCGCKTWT	MEME-1	NC_000962.3	2685988	2686008	-	-1.89855	8.03e-05	1	GCTGTGCTCGAACCCGGGTTT
GTTGTCYWWGYAAYCGCKTWT	MEME-1	NC_000962.3	2872317	2872337	+	-1.89855	8.03e-05	1	GGTGTTCGTGCAGCCGGTTGT
GTTGTCYWWGYAAYCGCKTWT	MEME-1	NC_000962.3	2962164	2962184	+	-1.89855	8.03e-05	1	GTGGCCTCGGCAACTACGTAT
GTTGTCYWWGYAAYCGCKTWT	MEME-1	NC_000962.3	3102109	3102129	-	-1.89855	8.03e-05	1	GTTGCGCGGGTGACTGCGTAT
GTTGTCYWWGYAAYCGCKTWT	MEME-1	NC_000962.3	3294792	3294812	-	-1.89855	8.03e-05	1	GTTGGTGATGCACCCGGGTGT
GTTGTCYWWGYAAYCGCKTWT	MEME-1	NC_000962.3	3468610	3468630	-	-1.89855	8.03e-05	1	TGTCTCGCAGCATCCGCGTTT
GTTGTCYWWGYAAYCGCKTWT	MEME-1	NC_000962.3	3806941	3806961	-	-1.89855	8.03e-05	1	GTTGACCACCGAGCGGCGTAT
GTTGTCYWWGYAAYCGCKTWT	MEME-1	NC_000962.3	3836763	3836783	-	-1.89855	8.03e-05	1	GTGGTGCTGGCCAAGGCGTTT
GTTGTCYWWGYAAYCGCKTWT	MEME-1	NC_000962.3	3907834	3907854	+	-1.89855	8.03e-05	1	GGTGTCCGAGCAACGGGTCGT
GTTGTCYWWGYAAYCGCKTWT	MEME-1	NC_000962.3	4352552	4352572	+	-1.89855	8.03e-05	1	GCTGTCCTCGCAAATGGGCTT
GTTAWCKCYYSAAKAATYCC	MEME-3	NC_000962.3	489394	489413	-	-1.05072	8.1e-05	1	CCTACCACATCAATAATTGC
GTTAWCKCYYSAAKAATYCC	MEME-3	NC_000962.3	1011683	1011702	+	-1.05072	8.1e-05	1	GTTAAACCTGGAATACTACG
GTTAWCKCYYSAAKAATYCC	MEME-3	NC_000962.3	4221037	4221056	-	-1.05797	8.12e-05	1	GTTGACTCGTTGATAATGCG
GTTAWCKCYYSAAKAATYCC	MEME-3	NC_000962.3	71563	71582	-	-1.11594	8.15e-05	1	GTTCACCGGCTAAGAATGCC
TWTKCATTGYTWTYTMCCSW	MEME-2	NC_000962.3	4673	4692	-	0.0724638	8.18e-05	1	GTTTCTTTGCCAGCTCACGA
TWTKCATTGYTWTYTMCCSW	MEME-2	NC_000962.3	358609	358628	+	0.0724638	8.18e-05	1	TATGCAAAGCTAATGCGCGA
TWTKCATTGYTWTYTMCCSW	MEME-2	NC_000962.3	539731	539750	+	0.0724638	8.18e-05	1	GTAGCAGTGCTTTTCCCAGT
TWTKCATTGYTWTYTMCCSW	MEME-2	NC_000962.3	776705	776724	+	0.0724638	8.18e-05	1	GTAGCAGTGCTTTTCCCAGT
TWTKCATTGYTWTYTMCCSW	MEME-2	NC_000962.3	1050790	1050809	+	0.0724638	8.18e-05	1	TTTTCCCCGCTTCCTCGCGA
TWTKCATTGYTWTYTMCCSW	MEME-2	NC_000962.3	1716322	1716341	-	0.0724638	8.18e-05	1	GATGAACCGCCATTTCCCGA
TWTKCATTGYTWTYTMCCSW	MEME-2	NC_000962.3	1793660	1793679	+	0.0724638	8.18e-05	1	TTTGCGCTGCAATTCCTCGT
TWTKCATTGYTWTYTMCCSW	MEME-2	NC_000962.3	1933745	1933764	-	0.0724638	8.18e-05	1	TTTGGGGCGTTACCTCCCGA
TWTKCATTGYTWTYTMCCSW	MEME-2	NC_000962.3	3270587	3270606	-	0.0724638	8.18e-05	1	TTGGCGTTCCGATCGACCGA
TWTKCATTGYTWTYTMCCSW	MEME-2	NC_000962.3	3501800	3501819	+	0.0724638	8.18e-05	1	TTCGCACTGTTACCACCGGA
TWTKCATTGYTWTYTMCCSW	MEME-2	NC_000962.3	4018617	4018636	+	0.0724638	8.18e-05	1	ATTGCCTGGCTATCGACGGT
TWTKCATTGYTWTYTMCCSW	MEME-2	NC_000962.3	4388505	4388524	-	0.0724638	8.18e-05	1	CTTGCAATGCATTCGAACGA
GTTAWCKCYYSAAKAATYCC	MEME-3	NC_000962.3	3467357	3467376	+	-1.50725	8.21e-05	1	GCTATGCGTTGAACAATTGC
TWTKCATTGYTWTYTMCCSW	MEME-2	NC_000962.3	1197447	1197466	-	0.0652174	8.28e-05	1	AATGCGTGGTCATCGACCCA
TWTKCATTGYTWTYTMCCSW	MEME-2	NC_000962.3	2048005	2048024	-	0.0652174	8.28e-05	1	CTGTCGTGGCTACTTCCCGT
TWTKCATTGYTWTYTMCCSW	MEME-2	NC_000962.3	2503713	2503732	-	0.0652174	8.28e-05	1	GACTCGTTGCTTGCCACCGT
TWTKCATTGYTWTYTMCCSW	MEME-2	NC_000962.3	2672542	2672561	-	0.0652174	8.28e-05	1	GATTCCGTGCTTGCGACCCA
TWTKCATTGYTWTYTMCCSW	MEME-2	NC_000962.3	2989744	2989763	+	0.0652174	8.28e-05	1	CTGGCCATGTTTGCTACCGA
TWTKCATTGYTWTYTMCCSW	MEME-2	NC_000962.3	3573759	3573778	-	0.0652174	8.28e-05	1	TTGGCCATGCTACTGACCGA
TWTKCATTGYTWTYTMCCSW	MEME-2	NC_000962.3	4250794	4250813	+	0.00724638	8.33e-05	1	TTGGCAACGCTTTCCCCCCG
GTTAWCKCYYSAAKAATYCC	MEME-3	NC_000962.3	375786	375805	+	-1.57246	8.36e-05	1	GTGAACGGGTGAAAAATGCT
GTTAWCKCYYSAAKAATYCC	MEME-3	NC_000962.3	1109257	1109276	+	-1.57246	8.36e-05	1	GTTATCGTGTGAACGATGTC
TWTKCATTGYTWTYTMCCSW	MEME-2	NC_000962.3	1108224	1108243	+	-0.449275	8.45e-05	1	GAAGCCTTGCTTTCACTCGA
TWTKCATTGYTWTYTMCCSW	MEME-2	NC_000962.3	1122832	1122851	-	-0.449275	8.45e-05	1	GTCGCATCGCTATCCCCGGA
TWTKCATTGYTWTYTMCCSW	MEME-2	NC_000962.3	2012717	2012736	-	-0.449275	8.45e-05	1	CATGAACTGCGTTCCCCCGA
TWTKCATTGYTWTYTMCCSW	MEME-2	NC_000962.3	2437489	2437508	-	-0.449275	8.45e-05	1	GATGCATTGCATGCCCACCA
TWTKCATTGYTWTYTMCCSW	MEME-2	NC_000962.3	4210225	4210244	-	-0.449275	8.45e-05	1	CATGAACTGCGAACTCCCCT
TWTKCATTGYTWTYTMCCSW	MEME-2	NC_000962.3	4298255	4298274	+	-0.449275	8.45e-05	1	TTTGCGGAGCTTGCTCCACA
GTTAWCKCYYSAAKAATYCC	MEME-3	NC_000962.3	541689	541708	-	-1.57971	8.5e-05	1	GTTATTTCGACGTCAATTCC
GTTAWCKCYYSAAKAATYCC	MEME-3	NC_000962.3	1534346	1534365	-	-1.57971	8.5e-05	1	GCTATACCTTGAGCAATACC
GTTAWCKCYYSAAKAATYCC	MEME-3	NC_000962.3	2291135	2291154	+	-1.57971	8.5e-05	1	GTGAAGCCTTCAACGATGCC
GTTAWCKCYYSAAKAATYCC	MEME-3	NC_000962.3	2297973	2297992	+	-1.57971	8.5e-05	1	GTTAATTCGTCGACAACGCC
GTTAWCKCYYSAAKAATYCC	MEME-3	NC_000962.3	2794120	2794139	+	-1.57971	8.5e-05	1	GTGGCGTCTGGAAAAATTCC
GTTAWCKCYYSAAKAATYCC	MEME-3	NC_000962.3	3483209	3483228	+	-1.57971	8.5e-05	1	GCTACCTGATCAATGATGCC
GTTAWCKCYYSAAKAATYCC	MEME-3	NC_000962.3	3425472	3425491	-	-1.58696	8.51e-05	1	GTATACTCTTTACCAATACC
GTTGTCYWWGYAAYCGCKTWT	MEME-1	NC_000962.3	20486	20506	+	-1.9058	8.54e-05	1	CTTGCCGAAGCTATCGCGGGT
GTTGTCYWWGYAAYCGCKTWT	MEME-1	NC_000962.3	132231	132251	-	-1.9058	8.54e-05	1	GTTGCCCATGAACCGGCCATT
GTTGTCYWWGYAAYCGCKTWT	MEME-1	NC_000962.3	292759	292779	-	-1.9058	8.54e-05	1	CTCGTCCTGGTCTACGCGTTT
GTTGTCYWWGYAAYCGCKTWT	MEME-1	NC_000962.3	292819	292839	-	-1.9058	8.54e-05	1	GTCGTCGAAGAAACCCCGGTC
GTTGTCYWWGYAAYCGCKTWT	MEME-1	NC_000962.3	318413	318433	+	-1.9058	8.54e-05	1	GTTGTCCTGGACGTGGCGCAT
GTTGTCYWWGYAAYCGCKTWT	MEME-1	NC_000962.3	341007	341027	-	-1.9058	8.54e-05	1	GATGTCCCAGCTATCACCTTC
GTTGTCYWWGYAAYCGCKTWT	MEME-1	NC_000962.3	405822	405842	-	-1.9058	8.54e-05	1	CGTGACCACGCAAACGCTCAT
GTTGTCYWWGYAAYCGCKTWT	MEME-1	NC_000962.3	520846	520866	+	-1.9058	8.54e-05	1	GGTGGCGAAGACACCGGGTAT
GTTGTCYWWGYAAYCGCKTWT	MEME-1	NC_000962.3	521050	521070	-	-1.9058	8.54e-05	1	GTTGGACACGCCATCGCAGAT
GTTGTCYWWGYAAYCGCKTWT	MEME-1	NC_000962.3	633328	633348	-	-1.9058	8.54e-05	1	GTGGTCTGCGCTATCGGGTTA
GTTGTCYWWGYAAYCGCKTWT	MEME-1	NC_000962.3	1022582	1022602	+	-1.9058	8.54e-05	1	GTTGGCCTCGGTATGGCGTAC
GTTGTCYWWGYAAYCGCKTWT	MEME-1	NC_000962.3	1053356	1053376	+	-1.9058	8.54e-05	1	GTGTTCCACGCCATCGCTGGT
GTTGTCYWWGYAAYCGCKTWT	MEME-1	NC_000962.3	1134581	1134601	+	-1.9058	8.54e-05	1	GGTGGCTCGGTTACCTCGTTT
GTTGTCYWWGYAAYCGCKTWT	MEME-1	NC_000962.3	1180463	1180483	-	-1.9058	8.54e-05	1	ATGGTCGAGGCAACCGCTGTC
GTTGTCYWWGYAAYCGCKTWT	MEME-1	NC_000962.3	1184157	1184177	-	-1.9058	8.54e-05	1	GTTGCTTGTGTAGCCGCGGCT
GTTGTCYWWGYAAYCGCKTWT	MEME-1	NC_000962.3	1354754	1354774	+	-1.9058	8.54e-05	1	GTTGCGCACGCCATCGCTTCC
GTTGTCYWWGYAAYCGCKTWT	MEME-1	NC_000962.3	1356663	1356683	+	-1.9058	8.54e-05	1	GGTGTCGGTGCACCCGGTGTT
GTTGTCYWWGYAAYCGCKTWT	MEME-1	NC_000962.3	1362831	1362851	+	-1.9058	8.54e-05	1	GTCGTGCGCGTAGTCGCGTAA
GTTGTCYWWGYAAYCGCKTWT	MEME-1	NC_000962.3	1367282	1367302	-	-1.9058	8.54e-05	1	GTTCTCCAAGATCCCGCCCTT
GTTGTCYWWGYAAYCGCKTWT	MEME-1	NC_000962.3	1648627	1648647	-	-1.9058	8.54e-05	1	GATGTCCTTGCGAACGACGTT
GTTGTCYWWGYAAYCGCKTWT	MEME-1	NC_000962.3	1817828	1817848	-	-1.9058	8.54e-05	1	CTTGGCCGTGTCACCGCCGTT
GTTGTCYWWGYAAYCGCKTWT	MEME-1	NC_000962.3	1869788	1869808	-	-1.9058	8.54e-05	1	GTTGACCAGGTAACCGGCGTC
GTTGTCYWWGYAAYCGCKTWT	MEME-1	NC_000962.3	1932352	1932372	-	-1.9058	8.54e-05	1	GCCGCTTACGAAACCGCGTTT
GTTGTCYWWGYAAYCGCKTWT	MEME-1	NC_000962.3	1944254	1944274	-	-1.9058	8.54e-05	1	CTTGTCCAGGTCACCGCCGAC
GTTGTCYWWGYAAYCGCKTWT	MEME-1	NC_000962.3	1989741	1989761	-	-1.9058	8.54e-05	1	GTTGTACAGGAAGTCGCGGAC
GTTGTCYWWGYAAYCGCKTWT	MEME-1	NC_000962.3	2031456	2031476	-	-1.9058	8.54e-05	1	GATGTCATTGCCAACCCGTAC
GTTGTCYWWGYAAYCGCKTWT	MEME-1	NC_000962.3	2109141	2109161	-	-1.9058	8.54e-05	1	GTTCTCCTTGCAGACGCTGGC
GTTGTCYWWGYAAYCGCKTWT	MEME-1	NC_000962.3	2149633	2149653	+	-1.9058	8.54e-05	1	GTTACCCAGGACATCGCGGAT
GTTGTCYWWGYAAYCGCKTWT	MEME-1	NC_000962.3	2215508	2215528	+	-1.9058	8.54e-05	1	GCTGGCCCTGAAATCGGGCAT
GTTGTCYWWGYAAYCGCKTWT	MEME-1	NC_000962.3	2234407	2234427	-	-1.9058	8.54e-05	1	GTCGTCAACGTCACGGCGATT
GTTGTCYWWGYAAYCGCKTWT	MEME-1	NC_000962.3	2249877	2249897	+	-1.9058	8.54e-05	1	GATTACTCCGCAATCGCGTAG
GTTGTCYWWGYAAYCGCKTWT	MEME-1	NC_000962.3	2284817	2284837	-	-1.9058	8.54e-05	1	TTTGTCCGTGGTATCGCGGTG
GTTGTCYWWGYAAYCGCKTWT	MEME-1	NC_000962.3	2319707	2319727	+	-1.9058	8.54e-05	1	GTTGCCGATGCGGGCGTGTTT
GTTGTCYWWGYAAYCGCKTWT	MEME-1	NC_000962.3	2326375	2326395	+	-1.9058	8.54e-05	1	GGTGCCGTCGCTATAGCGTAT
GTTGTCYWWGYAAYCGCKTWT	MEME-1	NC_000962.3	2395788	2395808	-	-1.9058	8.54e-05	1	GCTGTGCCTGGAGCCGCTCAT
GTTGTCYWWGYAAYCGCKTWT	MEME-1	NC_000962.3	2553602	2553622	-	-1.9058	8.54e-05	1	GATGTTCATGAAGTCGCGTGG
GTTGTCYWWGYAAYCGCKTWT	MEME-1	NC_000962.3	2562941	2562961	-	-1.9058	8.54e-05	1	GTAGTCGACGCTTCCGATTTT
GTTGTCYWWGYAAYCGCKTWT	MEME-1	NC_000962.3	2994847	2994867	+	-1.9058	8.54e-05	1	GTCGACGTCGTAGCGGCGTAT
GTTGTCYWWGYAAYCGCKTWT	MEME-1	NC_000962.3	3107180	3107200	-	-1.9058	8.54e-05	1	GTTGGCCGCGCTGTCGATTTT
GTTGTCYWWGYAAYCGCKTWT	MEME-1	NC_000962.3	3237980	3238000	+	-1.9058	8.54e-05	1	GTTGGCCGCGTAACCGGTCAG
GTTGTCYWWGYAAYCGCKTWT	MEME-1	NC_000962.3	3333336	3333356	-	-1.9058	8.54e-05	1	GTGGTGTCGGTCACCGCGATT
GTTGTCYWWGYAAYCGCKTWT	MEME-1	NC_000962.3	3429084	3429104	+	-1.9058	8.54e-05	1	GTGGGCTTGGATACCGGGTAT
GTTGTCYWWGYAAYCGCKTWT	MEME-1	NC_000962.3	3585660	3585680	+	-1.9058	8.54e-05	1	GTTGTCCCACGTCCCGCTTAC
GTTGTCYWWGYAAYCGCKTWT	MEME-1	NC_000962.3	3610348	3610368	+	-1.9058	8.54e-05	1	GTTGCCCAAGGCACCGGCAAT
GTTGTCYWWGYAAYCGCKTWT	MEME-1	NC_000962.3	3651546	3651566	+	-1.9058	8.54e-05	1	ATCGTCTCGGCCATCGCGTTG
GTTGTCYWWGYAAYCGCKTWT	MEME-1	NC_000962.3	3818507	3818527	+	-1.9058	8.54e-05	1	GTCGTCGAGGCAATCGAGGAA
GTTGTCYWWGYAAYCGCKTWT	MEME-1	NC_000962.3	3851327	3851347	-	-1.9058	8.54e-05	1	GCTGGCCCTGAAATGGCGTTG
GTTGTCYWWGYAAYCGCKTWT	MEME-1	NC_000962.3	3975705	3975725	-	-1.9058	8.54e-05	1	GTAGTCGGAGTAGCCGGGTAC
GTTGTCYWWGYAAYCGCKTWT	MEME-1	NC_000962.3	4113821	4113841	-	-1.9058	8.54e-05	1	GTTGTCCCGGTGCTGGCGTAC
GTTGTCYWWGYAAYCGCKTWT	MEME-1	NC_000962.3	4131410	4131430	+	-1.9058	8.54e-05	1	GTTGGTAATGCGATCGCGGCT
GTTGTCYWWGYAAYCGCKTWT	MEME-1	NC_000962.3	4161240	4161260	-	-1.9058	8.54e-05	1	GTGCTCCGGGTAGCCGCTGTT
GTTGTCYWWGYAAYCGCKTWT	MEME-1	NC_000962.3	4183665	4183685	-	-1.9058	8.54e-05	1	GTTGTCTGTGTGGCAGCGTCG
GTTGTCYWWGYAAYCGCKTWT	MEME-1	NC_000962.3	4233736	4233756	+	-1.9058	8.54e-05	1	GTTGTCCAGGTAGCCGGACAC
GTTGTCYWWGYAAYCGCKTWT	MEME-1	NC_000962.3	4277692	4277712	-	-1.9058	8.54e-05	1	GCGCTCGTCGCAATCGCGTTC
TWTKCATTGYTWTYTMCCSW	MEME-2	NC_000962.3	156939	156958	+	-0.456522	8.55e-05	1	TTGGCGTTGTAACCGCCCGA
TWTKCATTGYTWTYTMCCSW	MEME-2	NC_000962.3	913205	913224	-	-0.456522	8.55e-05	1	GTTGCACGGCGATTGCCCGT
TWTKCATTGYTWTYTMCCSW	MEME-2	NC_000962.3	975866	975885	-	-0.456522	8.55e-05	1	CTGGCATGGCCAACTACCCT
TWTKCATTGYTWTYTMCCSW	MEME-2	NC_000962.3	1388709	1388728	-	-0.456522	8.55e-05	1	GTCGCAGTGCCAGCTACCGA
TWTKCATTGYTWTYTMCCSW	MEME-2	NC_000962.3	2549020	2549039	+	-0.456522	8.55e-05	1	AAGGCGCTGCCTTCTACCGA
TWTKCATTGYTWTYTMCCSW	MEME-2	NC_000962.3	4316377	4316396	+	-0.456522	8.55e-05	1	GTCGCACCGCTATCCACCGA
GTTAWCKCYYSAAKAATYCC	MEME-3	NC_000962.3	3104816	3104835	-	-1.64493	8.57e-05	1	GTCACCTCGGCAACAAACCC
TWTKCATTGYTWTYTMCCSW	MEME-2	NC_000962.3	1751238	1751257	-	-0.978261	8.61e-05	1	GTCGCCTCGCTAACTCCCCA
TWTKCATTGYTWTYTMCCSW	MEME-2	NC_000962.3	4346221	4346240	+	-0.978261	8.61e-05	1	GTGGCACTGCAATCCCCCGA
TWTKCATTGYTWTYTMCCSW	MEME-2	NC_000962.3	3964779	3964798	+	-0.985507	8.62e-05	1	TATCCATTGTTGATTATAAA
GTTGTCYWWGYAAYCGCKTWT	MEME-1	NC_000962.3	131372	131392	+	-1.91304	8.63e-05	1	GAGGTCCCTGATGTCGCTTTT
GTTGTCYWWGYAAYCGCKTWT	MEME-1	NC_000962.3	167325	167345	+	-1.91304	8.63e-05	1	GGTGTCGCTGTATTCGCGCAG
GTTGTCYWWGYAAYCGCKTWT	MEME-1	NC_000962.3	247181	247201	+	-1.91304	8.63e-05	1	GTCGTCGTAGAAGCCGCTCTG
GTTGTCYWWGYAAYCGCKTWT	MEME-1	NC_000962.3	299607	299627	-	-1.91304	8.63e-05	1	GGTGTCGAAGTAGACGCGGAC
GTTGTCYWWGYAAYCGCKTWT	MEME-1	NC_000962.3	345509	345529	+	-1.91304	8.63e-05	1	GTGGTCGGTGCTGTCGCTGTT
GTTGTCYWWGYAAYCGCKTWT	MEME-1	NC_000962.3	359347	359367	+	-1.91304	8.63e-05	1	GTTGCCAATGACGTCGCGGAT
GTTGTCYWWGYAAYCGCKTWT	MEME-1	NC_000962.3	411129	411149	-	-1.91304	8.63e-05	1	GGTGGCCTCGTCATCGCCTAC
GTTGTCYWWGYAAYCGCKTWT	MEME-1	NC_000962.3	459106	459126	-	-1.91304	8.63e-05	1	GTTGGCGATGTTGCCGCCCAT
GTTGTCYWWGYAAYCGCKTWT	MEME-1	NC_000962.3	651841	651861	+	-1.91304	8.63e-05	1	GTAGTCGATGCCCTCGCCATT
GTTGTCYWWGYAAYCGCKTWT	MEME-1	NC_000962.3	980285	980305	+	-1.91304	8.63e-05	1	GTCGCCGCAGTCATCGCGGTT
GTTGTCYWWGYAAYCGCKTWT	MEME-1	NC_000962.3	1424575	1424595	-	-1.91304	8.63e-05	1	GATGGCGATGAAACCGCTGTG
GTTGTCYWWGYAAYCGCKTWT	MEME-1	NC_000962.3	2086469	2086489	-	-1.91304	8.63e-05	1	GGCGACAAGGTGATCGCGTAT
GTTGTCYWWGYAAYCGCKTWT	MEME-1	NC_000962.3	2123596	2123616	-	-1.91304	8.63e-05	1	GCGGTCTATGTGACCGCCAGT
GTTGTCYWWGYAAYCGCKTWT	MEME-1	NC_000962.3	2221399	2221419	-	-1.91304	8.63e-05	1	GTGGCCTCGGCGATCGCTTTG
GTTGTCYWWGYAAYCGCKTWT	MEME-1	NC_000962.3	2380199	2380219	-	-1.91304	8.63e-05	1	GTGGCCGATGCCATCGCCGAT
GTTGTCYWWGYAAYCGCKTWT	MEME-1	NC_000962.3	2692395	2692415	+	-1.91304	8.63e-05	1	GCCGTCTACGACATCGCGATT
GTTGTCYWWGYAAYCGCKTWT	MEME-1	NC_000962.3	3545717	3545737	+	-1.91304	8.63e-05	1	GCCGACGATGCGATCGCCTTT
GTTGTCYWWGYAAYCGCKTWT	MEME-1	NC_000962.3	3607002	3607022	-	-1.91304	8.63e-05	1	GACGTCGACGTATTCGCGCAT
GTTGTCYWWGYAAYCGCKTWT	MEME-1	NC_000962.3	3708008	3708028	+	-1.91304	8.63e-05	1	GTGGTCGACGTGATCGCGGTC
GTTGTCYWWGYAAYCGCKTWT	MEME-1	NC_000962.3	4113468	4113488	-	-1.91304	8.63e-05	1	GCCGTCTTGGCGGTCGCATTT
GTTGTCYWWGYAAYCGCKTWT	MEME-1	NC_000962.3	4173167	4173187	+	-1.91304	8.63e-05	1	GCTGACGCTGTTCTCGCGTAT
GTTGTCYWWGYAAYCGCKTWT	MEME-1	NC_000962.3	4184892	4184912	+	-1.91304	8.63e-05	1	GCCGTCCATGGACGCGCTGAT
GTTGTCYWWGYAAYCGCKTWT	MEME-1	NC_000962.3	684317	684337	-	-1.97101	8.65e-05	1	GTTGTCCGCGGAGCCGCGAAA
GTTGTCYWWGYAAYCGCKTWT	MEME-1	NC_000962.3	4277158	4277178	+	-2.28261	8.67e-05	1	GTACTACATCCAACAGATTAT
TWTKCATTGYTWTYTMCCSW	MEME-2	NC_000962.3	2596263	2596282	+	-1.05072	8.69e-05	1	TTTCCATTGATACATTGCGT
GTTAWCKCYYSAAKAATYCC	MEME-3	NC_000962.3	72029	72048	+	-2.02899	8.7e-05	1	CTTATCTCATCGACAATCGT
GTTAWCKCYYSAAKAATYCC	MEME-3	NC_000962.3	151097	151116	+	-2.02899	8.7e-05	1	CTTAAGGCTGGGACAATTTC
GTTGTCYWWGYAAYCGCKTWT	MEME-1	NC_000962.3	429604	429624	+	-2.28986	8.83e-05	1	GGTGTTCAAATAACCCGTGTT
GTTGTCYWWGYAAYCGCKTWT	MEME-1	NC_000962.3	485600	485620	+	-2.28986	8.83e-05	1	GGCCTGCATGTAACAGATTTT
GTTGTCYWWGYAAYCGCKTWT	MEME-1	NC_000962.3	1983453	1983473	+	-2.28986	8.83e-05	1	ATTGTTCATGTCACCCGTGTT
GTTGTCYWWGYAAYCGCKTWT	MEME-1	NC_000962.3	2453360	2453380	-	-2.28986	8.83e-05	1	ATTTTCTTAACTTCCCCTTTT
GTTAWCKCYYSAAKAATYCC	MEME-3	NC_000962.3	2025136	2025155	+	-2.03623	8.89e-05	1	GTTTTCTATGCAACAGTTGC
GTTAWCKCYYSAAKAATYCC	MEME-3	NC_000962.3	2468927	2468946	+	-2.03623	8.89e-05	1	TTTATCAGTTGAACGAATCC
GTTAWCKCYYSAAKAATYCC	MEME-3	NC_000962.3	2632423	2632442	+	-2.03623	8.89e-05	1	GCTATCGGTAAACTAATTTC
GTTAWCKCYYSAAKAATYCC	MEME-3	NC_000962.3	3491697	3491716	+	-2.03623	8.89e-05	1	GTTAACTAAACAATCGTTAC
GTTAWCKCYYSAAKAATYCC	MEME-3	NC_000962.3	3691606	3691625	-	-2.03623	8.89e-05	1	GATAATTAGGCAATAGTTCC
GTTAWCKCYYSAAKAATYCC	MEME-3	NC_000962.3	4172279	4172298	-	-2.03623	8.89e-05	1	ATGATGCCATCGATAATTCC
TWTKCATTGYTWTYTMCCSW	MEME-2	NC_000962.3	1547550	1547569	-	-1.57246	8.93e-05	1	TGTGCAATAGTTTCTGCCAA
TWTKCATTGYTWTYTMCCSW	MEME-2	NC_000962.3	3534873	3534892	+	-1.57246	8.93e-05	1	TCGTCATTGTTGTCTTGCGG
TWTKCATTGYTWTYTMCCSW	MEME-2	NC_000962.3	690488	690507	-	-1.57971	9.01e-05	1	TGCTCATTGGTTGCTACCTC
TWTKCATTGYTWTYTMCCSW	MEME-2	NC_000962.3	2198909	2198928	+	-1.57971	9.01e-05	1	TATCCGTTGCTGTACACCAT
TWTKCATTGYTWTYTMCCSW	MEME-2	NC_000962.3	2231083	2231102	+	-1.57971	9.01e-05	1	TCGGCATTGATAGTTGCCAT
TWTKCATTGYTWTYTMCCSW	MEME-2	NC_000962.3	2345008	2345027	+	-1.57971	9.01e-05	1	TATTCGTTGGGGTGTGCCCT
TWTKCATTGYTWTYTMCCSW	MEME-2	NC_000962.3	3648191	3648210	-	-1.57971	9.01e-05	1	TTTCCGTTGTTGGGTACCCG
TWTKCATTGYTWTYTMCCSW	MEME-2	NC_000962.3	4244151	4244170	+	-1.57971	9.01e-05	1	TATACATCGGTGCTTGCCCA
GTTGTCYWWGYAAYCGCKTWT	MEME-1	NC_000962.3	1003045	1003065	+	-2.2971	9.02e-05	1	CTTGTCTTTGCTGTCAATTAG
GTTGTCYWWGYAAYCGCKTWT	MEME-1	NC_000962.3	2150577	2150597	+	-2.2971	9.02e-05	1	CTTTTCCATGTAGTCGTTAAC
GTTAWCKCYYSAAKAATYCC	MEME-3	NC_000962.3	3445659	3445678	-	-2.0942	9.03e-05	1	CCTACCACGCCAAGAATTCG
GTTAWCKCYYSAAKAATYCC	MEME-3	NC_000962.3	3475766	3475785	-	-2.0942	9.03e-05	1	GTTATCGCCGAAACATTCGA
GTTAWCKCYYSAAKAATYCC	MEME-3	NC_000962.3	3791075	3791094	+	-2.0942	9.03e-05	1	CTTGGCCGTCGAAAAATCCC
TWTKCATTGYTWTYTMCCSW	MEME-2	NC_000962.3	1471729	1471748	+	-1.96377	9.05e-05	1	TTTTTGTTGTTATTTTTGGC
GTTGTCYWWGYAAYCGCKTWT	MEME-1	NC_000962.3	1100212	1100232	-	-2.30435	9.06e-05	1	GGTGTCTTTGTCATTGGTCAC
GTTGTCYWWGYAAYCGCKTWT	MEME-1	NC_000962.3	2317403	2317423	-	-2.30435	9.06e-05	1	GTCGACTATCTGTTCGGTTAT
TWTKCATTGYTWTYTMCCSW	MEME-2	NC_000962.3	2516700	2516719	+	-1.97101	9.07e-05	1	TTTTGTTGGTTATATACAAA
GTTGTCYWWGYAAYCGCKTWT	MEME-1	NC_000962.3	2535328	2535348	-	-2.34783	9.08e-05	1	TTTGTGCTGGCAACCCAGTAC
TWTKCATTGYTWTYTMCCSW	MEME-2	NC_000962.3	1103097	1103116	-	-2.02899	9.27e-05	1	TTTTGATTGCTAACTTCATC
TWTKCATTGYTWTYTMCCSW	MEME-2	NC_000962.3	1194338	1194357	-	-2.02899	9.27e-05	1	TTTCCATTCGGCTTTCGCGA
TWTKCATTGYTWTYTMCCSW	MEME-2	NC_000962.3	1371503	1371522	-	-2.02899	9.27e-05	1	TGTCGACTGTTGTCTACTCT
TWTKCATTGYTWTYTMCCSW	MEME-2	NC_000962.3	1385509	1385528	+	-2.02899	9.27e-05	1	TCTTGATTGGCATTTCCTCC
TWTKCATTGYTWTYTMCCSW	MEME-2	NC_000962.3	1695274	1695293	+	-2.02899	9.27e-05	1	TATTTCTTCATATCTTCCGC
TWTKCATTGYTWTYTMCCSW	MEME-2	NC_000962.3	1808798	1808817	+	-2.02899	9.27e-05	1	TTTCGATTGTTGGATCCAGT
TWTKCATTGYTWTYTMCCSW	MEME-2	NC_000962.3	2553910	2553929	-	-2.02899	9.27e-05	1	TCTTAATTTCTGTTAGCCGT
GTTAWCKCYYSAAKAATYCC	MEME-3	NC_000962.3	87621	87640	+	-2.10145	9.39e-05	1	GTTGACGGACTAAAGATTCC
GTTAWCKCYYSAAKAATYCC	MEME-3	NC_000962.3	679965	679984	+	-2.10145	9.39e-05	1	GTTCACACAGCATGAATTCG
GTTAWCKCYYSAAKAATYCC	MEME-3	NC_000962.3	759416	759435	-	-2.10145	9.39e-05	1	GTTGACTCACCCACAATGCG
GTTAWCKCYYSAAKAATYCC	MEME-3	NC_000962.3	767715	767734	+	-2.10145	9.39e-05	1	CTGAACGCTGTAAGCATGCC
GTTAWCKCYYSAAKAATYCC	MEME-3	NC_000962.3	882446	882465	+	-2.10145	9.39e-05	1	GTTGGCGCGGGAATCATTGC
GTTAWCKCYYSAAKAATYCC	MEME-3	NC_000962.3	1055542	1055561	+	-2.10145	9.39e-05	1	GTTCACCCCAAAAGATTTCA
GTTAWCKCYYSAAKAATYCC	MEME-3	NC_000962.3	1104392	1104411	+	-2.10145	9.39e-05	1	GGTATCGCGACAACACTTGC
GTTAWCKCYYSAAKAATYCC	MEME-3	NC_000962.3	1811883	1811902	-	-2.10145	9.39e-05	1	AGAAACGCATGAAAAATACC
GTTAWCKCYYSAAKAATYCC	MEME-3	NC_000962.3	2062952	2062971	-	-2.10145	9.39e-05	1	GTTTGCGCTCTACCAATTGC
GTTAWCKCYYSAAKAATYCC	MEME-3	NC_000962.3	2496700	2496719	-	-2.10145	9.39e-05	1	GTTCGCTGGTCATAAATCCC
GTTAWCKCYYSAAKAATYCC	MEME-3	NC_000962.3	2859323	2859342	+	-2.10145	9.39e-05	1	GGAACCGGGTCAACAATTCC
GTTAWCKCYYSAAKAATYCC	MEME-3	NC_000962.3	3025316	3025335	+	-2.10145	9.39e-05	1	GATACTTCGTCATGAATGCC
GTTAWCKCYYSAAKAATYCC	MEME-3	NC_000962.3	3282885	3282904	+	-2.10145	9.39e-05	1	GGTAGCGCTGGAATACTAAC
GTTAWCKCYYSAAKAATYCC	MEME-3	NC_000962.3	3978064	3978083	-	-2.10145	9.39e-05	1	GTGACAACGTCAAGAAATCC
GTTAWCKCYYSAAKAATYCC	MEME-3	NC_000962.3	4170206	4170225	+	-2.10145	9.39e-05	1	GTGATCCAATGCAGAATGCC
GTTAWCKCYYSAAKAATYCC	MEME-3	NC_000962.3	1432693	1432712	+	-2.1087	9.49e-05	1	GTTGACCCTTATTGAATGCC
GTTAWCKCYYSAAKAATYCC	MEME-3	NC_000962.3	2213330	2213349	+	-2.1087	9.49e-05	1	GTGCGCTCATCAATACTGCC
GTTAWCKCYYSAAKAATYCC	MEME-3	NC_000962.3	3454913	3454932	-	-2.1087	9.49e-05	1	GTCAGCCCCTTGATCATTCC
GTTAWCKCYYSAAKAATYCC	MEME-3	NC_000962.3	3491683	3491702	-	-2.1087	9.49e-05	1	GTTAACCCTTGTACGAGACC
GTTAWCKCYYSAAKAATYCC	MEME-3	NC_000962.3	4317055	4317074	-	-2.1087	9.49e-05	1	GTGCACGCGATAATAACTCC
GTTAWCKCYYSAAKAATYCC	MEME-3	NC_000962.3	612190	612209	-	-2.16667	9.5e-05	1	GCTGCCGCGCAAAGAATACC
GTTGTCYWWGYAAYCGCKTWT	MEME-1	NC_000962.3	26861	26881	-	-2.35507	9.51e-05	1	GTGGTGCTATCGACGGCCTTT
GTTGTCYWWGYAAYCGCKTWT	MEME-1	NC_000962.3	46572	46592	+	-2.35507	9.51e-05	1	GTGGTACTTTCACGCTCGTTT
GTTGTCYWWGYAAYCGCKTWT	MEME-1	NC_000962.3	176815	176835	-	-2.35507	9.51e-05	1	GTTGTGCTTTCGACGGCCGAT
GTTGTCYWWGYAAYCGCKTWT	MEME-1	NC_000962.3	233537	233557	+	-2.35507	9.51e-05	1	AGTTTCCACGCAACGGCTTTC
GTTGTCYWWGYAAYCGCKTWT	MEME-1	NC_000962.3	614497	614517	+	-2.35507	9.51e-05	1	GTTCTTCAGCCAGTCGCGGTT
GTTGTCYWWGYAAYCGCKTWT	MEME-1	NC_000962.3	881896	881916	+	-2.35507	9.51e-05	1	GTTGAACTCGCAATACCGTTG
GTTGTCYWWGYAAYCGCKTWT	MEME-1	NC_000962.3	883969	883989	-	-2.35507	9.51e-05	1	TTGTTCTTCGCAACCGGGTTC
GTTGTCYWWGYAAYCGCKTWT	MEME-1	NC_000962.3	996868	996888	+	-2.35507	9.51e-05	1	CTTGCCTGTCCAGCCGGGTTT
GTTGTCYWWGYAAYCGCKTWT	MEME-1	NC_000962.3	1630455	1630475	-	-2.35507	9.51e-05	1	GATCGCCGACCAACCGATTAT
GTTGTCYWWGYAAYCGCKTWT	MEME-1	NC_000962.3	2336483	2336503	-	-2.35507	9.51e-05	1	GTCATGCAACCAGCCGCCTTT
GTTGTCYWWGYAAYCGCKTWT	MEME-1	NC_000962.3	2346312	2346332	-	-2.35507	9.51e-05	1	GTTTTCCATCGAGCCGGGAAT
GTTGTCYWWGYAAYCGCKTWT	MEME-1	NC_000962.3	2437902	2437922	+	-2.35507	9.51e-05	1	GTTCTGCATCCAATCGCGGCG
GTTGTCYWWGYAAYCGCKTWT	MEME-1	NC_000962.3	3427189	3427209	-	-2.35507	9.51e-05	1	TTGATCCTTGCAGCTGCTTGT
GTTGTCYWWGYAAYCGCKTWT	MEME-1	NC_000962.3	3875560	3875580	-	-2.35507	9.51e-05	1	ATTGGCGTAGCAACCCAGGAT
GTTGTCYWWGYAAYCGCKTWT	MEME-1	NC_000962.3	4025269	4025289	+	-2.35507	9.51e-05	1	GTTCGCCTTGTAACGACGTGA
GTTGTCYWWGYAAYCGCKTWT	MEME-1	NC_000962.3	4068075	4068095	-	-2.35507	9.51e-05	1	GTTGTCCATCGACCACCGATT
GTTGTCYWWGYAAYCGCKTWT	MEME-1	NC_000962.3	4089041	4089061	+	-2.35507	9.51e-05	1	GTTGGCCTATCAACTTCTCGT
GTTAWCKCYYSAAKAATYCC	MEME-3	NC_000962.3	848412	848431	-	-2.48551	9.53e-05	1	ATTCGGGTTTCAATAATTCT
TWTKCATTGYTWTYTMCCSW	MEME-2	NC_000962.3	506595	506614	+	-2.03623	9.6e-05	1	TGTTGATCGTTGTGCACCCA
TWTKCATTGYTWTYTMCCSW	MEME-2	NC_000962.3	749969	749988	-	-2.03623	9.6e-05	1	ATAACATTGTTATTTCACTG
TWTKCATTGYTWTYTMCCSW	MEME-2	NC_000962.3	1865563	1865582	-	-2.03623	9.6e-05	1	TTTGCATCGTTATGCAACAG
TWTKCATTGYTWTYTMCCSW	MEME-2	NC_000962.3	2085697	2085716	+	-2.03623	9.6e-05	1	TCTTCATGGTGTTTTGCGGC
TWTKCATTGYTWTYTMCCSW	MEME-2	NC_000962.3	2187258	2187277	-	-2.03623	9.6e-05	1	TTTGCATGGGAATTTGTCTA
TWTKCATTGYTWTYTMCCSW	MEME-2	NC_000962.3	2449942	2449961	-	-2.03623	9.6e-05	1	TATTCCTTGTTGTAGATCGC
TWTKCATTGYTWTYTMCCSW	MEME-2	NC_000962.3	2743246	2743265	+	-2.03623	9.6e-05	1	TATTCATTGATCGTGTTCCA
TWTKCATTGYTWTYTMCCSW	MEME-2	NC_000962.3	2935033	2935052	-	-2.03623	9.6e-05	1	AATTCATCGCTGTGTACTTT
TWTKCATTGYTWTYTMCCSW	MEME-2	NC_000962.3	4121102	4121121	-	-2.03623	9.6e-05	1	TTCTAATTGGCTTGTGCCCA
TWTKCATTGYTWTYTMCCSW	MEME-2	NC_000962.3	3842299	3842318	+	-2.04348	9.63e-05	1	GACTCATTGTTTTTCGCCTC
TWTKCATTGYTWTYTMCCSW	MEME-2	NC_000962.3	4173142	4173161	+	-2.04348	9.63e-05	1	TTTACACCGATACTTACCAA
TWTKCATTGYTWTYTMCCSW	MEME-2	NC_000962.3	305396	305415	+	-2.0942	9.67e-05	1	TGTCCATTGGTATCCCGCGG
TWTKCATTGYTWTYTMCCSW	MEME-2	NC_000962.3	3898673	3898692	+	-2.0942	9.67e-05	1	TTTGCACTGCTGTCTTTCTC
TWTKCATTGYTWTYTMCCSW	MEME-2	NC_000962.3	7470	7489	+	-2.10145	9.79e-05	1	TATGCAATGTTCGATTCCGG
TWTKCATTGYTWTYTMCCSW	MEME-2	NC_000962.3	1843679	1843698	-	-2.10145	9.79e-05	1	TATCCCATGCTATGTGCCCG
TWTKCATTGYTWTYTMCCSW	MEME-2	NC_000962.3	2959819	2959838	+	-2.10145	9.79e-05	1	ACTTCGTTGCTCTATTCCGT
GTTAWCKCYYSAAKAATYCC	MEME-3	NC_000962.3	913376	913395	-	-2.55072	9.79e-05	1	CTTCCAGGTTGAAGAATGCC
GTTAWCKCYYSAAKAATYCC	MEME-3	NC_000962.3	2636927	2636946	+	-2.55072	9.79e-05	1	GTTCAACACCGAAAAATTCA
GTTAWCKCYYSAAKAATYCC	MEME-3	NC_000962.3	3315632	3315651	+	-2.55072	9.79e-05	1	GTTGGCGGTCCAATAATGAT
GTTAWCKCYYSAAKAATYCC	MEME-3	NC_000962.3	3557310	3557329	+	-2.55072	9.79e-05	1	GTCAACGTCGCAACAATTGA
GTTAWCKCYYSAAKAATYCC	MEME-3	NC_000962.3	4196981	4197000	-	-2.55072	9.79e-05	1	GTTGGATTTCGAAGAATGCG
GTTAWCKCYYSAAKAATYCC	MEME-3	NC_000962.3	4301211	4301230	+	-2.55072	9.79e-05	1	TTTACGGCCGCAATCATTCT
TWTKCATTGYTWTYTMCCSW	MEME-2	NC_000962.3	136149	136168	+	-2.48551	9.91e-05	1	TCTGGGTTTGTATTTACACA
TWTKCATTGYTWTYTMCCSW	MEME-2	NC_000962.3	2570739	2570758	-	-2.48551	9.91e-05	1	TATTTCTTCGTTTGTCTCCA
TWTKCATTGYTWTYTMCCSW	MEME-2	NC_000962.3	3792572	3792591	+	-2.48551	9.91e-05	1	TATAGACTCGTTTTTCCTGA

# FIMO (Find Individual Motif Occurrences): Version 5.5.9 compiled on Nov 24 2025 at 04:02:49
# The format of this file is described at https://meme-suite.org/meme/doc/fimo-output-format.html#tsv_results.
# fimo --thresh 0.0001 --oc '/Users/aayanalwani/tb project/mce3r_stochastic/results/phase1/fimo_output' --bfile '/Users/aayanalwani/tb project/mce3r_stochastic/results/phase1/background.model' '/Users/aayanalwani/tb project/mce3r_stochastic/results/phase1/meme_output/meme.txt' '/Users/aayanalwani/tb project/mce3r_stochastic/data/genomes/H37Rv.fasta'
