architecture,concentration_nM,k_mean,fold_repression,prob_U,prob_S,prob_W,prob_D
native_asymmetric,0.01,0.14945570533069297,1.003641846044637,0.995647429053771,0.004148530954390713,0.00020319335286811638,8.466389702838161e-07
native_asymmetric,0.010718913192051276,0.14941674876099348,1.0039035198118216,0.9953359114986516,0.0044453830134522,0.00021773304555684227,9.724423393186368e-07
native_asymmetric,0.011489510001873092,0.1493750172708247,1.0041839843140716,0.9950022052597554,0.004763369912174054,0.0002333079140656676,1.116914005072345e-06
native_asymmetric,0.012315506032928256,0.14933031516996237,1.0044845872673303,0.9946447457271024,0.005103980569426055,0.00024999088503311245,1.2828184386676534e-06
native_asymmetric,0.01320088400831418,0.1492824332596151,1.00480677280452,0.9942618603089182,0.005468806454928646,0.00026785990799650493,1.4733281566414856e-06
native_asymmetric,0.01414991297434576,0.14923114794317263,1.0051520883369478,0.9938517613269516,0.0058595483050735905,0.0002869982843301348,1.6920836446074705e-06
native_asymmetric,0.015167168884709226,0.14917622028488117,1.0055221918985857,0.9934125384963303,0.006278023226483974,0.0003074950151747247,1.94326201098386e-06
native_asymmetric,0.01625755666443794,0.14911739501439172,1.0059188600063935,0.9929421509736616,0.006726172201651343,0.0003294451690604731,2.2316556265941554e-06
native_asymmetric,0.0174263338600965,0.1490543994752125,1.0063439960720162,0.9924384189577892,0.007206068010143636,0.0003529502698845856,2.5627621829249664e-06
native_asymmetric,0.01867913599020783,0.14898694251521896,1.0067996394024767,0.9918990148286256,0.007719923577723777,0.00037811870584769446,2.9428878029043595e-06
native_asymmetric,0.020022003718155844,0.14891471331754513,1.007287974829865,0.9913214538108508,0.008270100764203538,0.00040506615987935665,3.379265066334816e-06
native_asymmetric,0.021461411978584036,0.14883738017039316,1.0078113430125941,0.9907030841510164,0.008859119598924504,0.00043391606198813827,3.880188071021762e-06
native_asymmetric,0.02300430119772918,0.14875458917457976,1.008372251453423,0.9900410767988673,0.00948966797033556,0.00046480006385316995,4.455166944000868e-06
native_asymmetric,0.024658110758226028,0.1486659628879792,1.008973386282279,0.9893324145864659,0.010164611773156777,0.0004978585358280867,5.115104549323819e-06
native_asymmetric,0.026430814869741057,0.1485710989064481,1.009617624854829,0.9885738809021408,0.010887005512994161,0.0005332410863507335,5.872498514281593e-06
native_asymmetric,0.02833096101839324,0.14846956838132958,1.0103080492208318,0.9877620478604324,0.011660103363909264,0.000571107103538412,6.741672119864245e-06
native_asymmetric,0.030367711180354574,0.14836091447424982,1.0110479605195117,0.9868932639741745,0.012487370669252127,0.0006116263184939806,7.73903807930361e-06
native_asymmetric,0.032550885998350584,0.1482446507506518,1.0118408943625272,0.9859636413407685,0.013372495869917485,0.0006549793895469783,8.883399766838701e-06
native_asymmetric,0.034891012134067735,0.14812025951437396,1.012690637268588,0.9849690423616678,0.01431940283696754,0.0007013585063004497,1.019629506402524e-05
native_asymmetric,0.03739937302478798,0.14798719008659061,1.0136012442173652,0.9839050660222447,0.015332263577143592,0.0007509680119417256,1.1702388670121672e-05
native_asymmetric,0.04008806328898465,0.14784485703360933,1.0145770573940271,0.9827670337686994,0.016415511270019775,0.0008040250417968863,1.3429919483950884e-05
native_asymmetric,0.04297004704320839,0.14769263834937793,1.0156227261995538,0.9815499750296431,0.01757385358428491,0.0008607601755568112,1.5411210515248495e-05
native_asymmetric,0.04605922041145106,0.1475298736001184,1.016743228605868,0.9802486124425845,0.018812286207713403,0.0009214180999696345,1.7683249732334076e-05
native_asymmetric,0.049370478528390035,0.14735586204029544,1.0179438939387528,0.9788573468599914,0.020136106510628367,0.0009862582780715927,2.0288351308741842e-05
native_asymmetric,0.05291978735958442,0.14716986071115928,1.0192304271755428,0.9773702422259788,0.021550927245910203,0.0010555556202078453,2.3274907903172267e-05
native_asymmetric,0.05672426068491978,0.14697108253541025,1.020608934848527,0.9757810104332578,0.023062690169671055,0.0011296011511675605,2.669824590367249e-05
native_asymmetric,0.06080224261649421,0.14675869442411824,1.0220859526490111,0.9740829962908383,0.024677679445448884,0.0012087026667158614,3.062159699702558e-05
native_asymmetric,0.06517339604882423,0.14653181541493737,1.0236684748308187,0.9722691627563721,0.02640253467099161,0.0012931853716404043,3.511720099602746e-05
native_asymmetric,0.0698587974678525,0.14628951486387906,1.0253639855158005,0.9703320766130074,0.02824426334027868,0.0013833924901360969,4.0267556577902276e-05
native_asymmetric,0.07488103857590023,0.1460308107164814,1.027180492007435,0.968263894799398,0.03021025252421879,0.0014796858379209185,4.616683846232049e-05
native_asymmetric,0.08026433522257174,0.14575466788813207,1.0291265602219084,0.9660563516330977,0.032308279521405726,0.0015824463439055854,5.2922501591237864e-05
native_asymmetric,0.086034644166845,0.14545999678758725,1.0312113523489377,0.9637007472020516,0.03454652119535471,0.0016920745075275755,6.0657095066218446e-05
native_asymmetric,0.09221978823334327,0.14514565202236057,1.0334446668570656,0.9611879372362225,0.03693356167682022,0.0018089907760075188,6.95103109497851e-05
native_asymmetric,0.09884959046625587,0.14481043132963461,1.0358369809599715,0.958508324811451,0.03947839806921203,0.001933635823798137,7.9641295538886e-05
native_asymmetric,0.10595601792776159,0.14445307478163677,1.0383994956614684,0.9556518542802502,0.0421904437520071,0.0020664707143840185,9.123125335852799e-05
native_asymmetric,0.11357333583431052,0.14407226431998368,1.0411441834970458,0.9526080078690129,0.04507952883173378,0.002207976922370631,0.00010448637688283611
native_asymmetric,0.12173827277396614,0.14366662367926797,1.044083839088967,0.9493658054275691,0.048155897243090634,0.0023586561914983135,0.00011964113784192707
native_asymmetric,0.13049019780144022,0.14323471876606247,1.0472321326297076,0.9459138078645254,0.051430199954731436,0.0025190302018643926,0.0001369619788787858
native_asymmetric,0.1398713102647238,0.1427750585654208,1.050603666404862,0.9422401248493725,0.05491348368611624,0.0026896400172791595,0.0001567514472321959
native_asymmetric,0.14992684327860456,0.14228609665273978,1.054214034461052,0.9383324274089107,0.05861717449473688,0.002871045281374864,0.00017935281497769397
native_asymmetric,0.16070528182616384,0.14176623339431804,1.0580798855167437,0.9341779660895909,0.06255305554842516,0.0030638231289024515,0.00020515523308157764
native_asymmetric,0.17225859653987866,0.141213818924895,1.0622189892037261,0.9297635953972246,0.06673323835708228,0.003268566776673415,0.00023459946901943158
native_asymmetric,0.18464249428955434,0.14062715699461936,1.06665030571399,0.9250758052590484,0.07117012670414546,0.003485883756937732,0.00026818427986851034
native_asymmetric,0.19791668678535562,0.14000450978096965,1.0713940589104438,0.9201007602779054,0.07587637249287066,0.0037163937547528437,0.000306473474471028
native_asymmetric,0.21214517849106299,0.13934410376278802,1.0764718129397997,0.9148243475615159,0.08086482270892006,0.003960726010232813,0.00035010371933126425
native_asymmetric,0.22739657523579276,0.13864413675338588,1.0819065523615572,0.9092322339082254,0.08614845670196654,0.0042195162466269285,0.00039979314318114485
native_asymmetric,0.24374441501222205,0.1379027861872061,1.0877227657777098,0.9033099331107545,0.09174031300867111,0.004493403086138987,0.00045635079443544186
native_asymmetric,0.2612675225563328,0.13711821874930133,1.0939465329129672,0.8970428840974796,0.0976534049812232,0.004783023917447661,0.0005206870038496796
native_asymmetric,0.2800503894183631,0.136288601428409,1.1006056150542673,0.8904165405626079,0.10390062455379588,0.0050890101822267325,0.0005938247013694202
native_asymmetric,0.3001835813575589,0.1354121140621649,1.1077295487103767,0.8834164726381901,0.11049463357783079,0.005411982052791705,0.0006769117311874344
native_asymmetric,0.32176417502507354,0.1344869634264839,1.1153497422967407,0.8760284810281064,0.11744774229019901,0.005752542479519942,0.0007712342021747603
native_asymmetric,0.3448962260405758,0.13351139889989258,1.1234995755865806,0.8682387238533086,0.1247717746497047,0.006111270595087569,0.0008782309018993491
native_asymmetric,0.36969127071950264,0.1324837297072118,1.1322145015957734,0.860033856245334,0.1324779204904716,0.0064887144730026835,0.0009995087911918272
native_asymmetric,0.3962688638701478,0.13140234371516907,1.1415321504854103,0.8514011824691814,0.14057657469781787,0.006885383250505356,0.0011368595824951225
native_asymmetric,0.42475715525368984,0.13026572771511874,1.1514924349713733,0.8423288200557383,0.14907716391461392,0.007301738640715771,0.0012922773889318224
native_asymmetric,0.4552935074866948,0.12907248908512386,1.162137656623902,0.8328058750786208,0.1579879616333629,0.0077381858759198036,0.0014679774120964647
native_asymmetric,0.48802515836544313,0.12782137867549645,1.173512612321363,0.8228226273228219,0.167315892919121,0.008195064142977345,0.0016664156150797804
native_asymmetric,0.5231099308056261,0.12651131470911497,1.1856646999906064,0.8123707236678906,0.17706633043601114,0.008672636592784208,0.0018903093033140323
native_asymmetric,0.5607169938205459,0.12514140743137356,1.198644022621039,0.8014433775539654,0.18724288390810218,0.009171080028151934,0.0021426585097804127
native_asymmetric,0.6010276782070382,0.12371098418580989,1.212503489380578,0.7900355719256648,0.1978471856231046,0.009690474397866342,0.0024267680533643014
native_asymmetric,0.644236350872137,0.1222196145320198,1.2272989124892235,0.7781442625703567,0.20887867507100713,0.010230792248375847,0.002746270110260245
native_asymmetric,0.6905513520162327,0.12066713496456019,1.2430890983203906,0.76576857830104,0.22033438628222146,0.010791888307700627,0.003105147109037843
native_asymmetric,0.7401959996915641,0.11905367273766052,1.2599359310025735,0.7529100140000254,0.23220874187105817,0.011373489397766104,0.0035077547311503673
native_asymmetric,0.7934096665797492,0.11737966825357585,1.2779044465857092,0.7395726121608668,0.24449335817752776,0.011975184890327877,0.003958844771277437
native_asymmetric,0.8504489341802677,0.1156458954353737,1.2970628956202288,0.7257631282670336,0.25717686620918173,0.01259641793677623,0.004463587587008556
native_asymmetric,0.9115888299750818,0.11385347948103978,1.3174827917751935,0.7114911751523219,0.2702447532894589,0.013236477712136744,0.00502759384608248
native_asymmetric,0.9771241535346497,0.11200391138810332,1.339238943899351,0.696769341424708,0.2836792303952144,0.01389449291731661,0.005656935262760902
native_asymmetric,1.0473708979594498,0.11009905864936267,1.3624094687104602,0.6816132791251602,0.29745913009100206,0.014569426779967429,0.006358164003870378
native_asymmetric,1.1226677735108135,0.10814117155306066,1.3870757810904688,0.6660417560544432,0.31155983972286444,0.015260073782344362,0.0071383304403480185
native_asymmetric,1.2033778407775892,0.10613288457663803,1.4133225587747569,0.6500766686472461,0.3259532741069215,0.015965058323604293,0.008004998922227982
native_asymmetric,1.289890261253308,0.10407721244263131,1.441237678062159,0.6337430119092068,0.340607891332928,0.016682835493857677,0.00896626126400751
native_asymmetric,1.382622173764655,0.10197754050791318,1.470912117049542,0.6170688037548409,0.35548875450411355,0.017411694098160645,0.010030747642884995
native_asymmetric,1.4820207057988586,0.09983760928152927,1.5024398228228724,0.6000849620787788,0.370557641266364,0.01814976202120964,0.01120763463364765
native_asymmetric,1.5885651294280527,0.0976614930087789,1.5359175390295983,0.5828251340342365,0.3857732018670924,0.018895013969000417,0.012506650129670838
native_asymmetric,1.7027691722258995,0.09545357241548269,1.5714445903301761,0.5653254782456171,0.4010911652627093,0.019645281563887777,0.013938074927785789
native_asymmetric,1.8251834943190424,0.09321850187099942,1.6091226203954418,0.5476244020017296,0.4164645915082882,0.020398265706528373,0.015512740783454
native_asymmetric,1.9563983435170629,0.09096117139492135,1.6490552803981915,0.5297622568094448,0.43184416736660836,0.02115155105469099,0.01724202476925582
native_asymmetric,2.0970464013232326,0.08868666409334319,1.6913478653580225,0.5117809969772071,0.44717854082361314,0.021902622407687145,0.019137839791492466
native_asymmetric,2.247805833548725,0.08640020975876819,1.7361068962541202,0.4937238070843055,0.46241468905249444,0.022648882729101736,0.0212126211340982
native_asymmetric,2.4094035602395243,0.08410713549599297,1.7834396465344642,0.475634705218118,0.4774983133858371,0.023387672492367506,0.02347930890367751
native_asymmetric,2.5826187606826747,0.08181281433828637,1.8334536125327217,0.4575581296762556,0.4923742540853229,0.024116289996015783,0.02595132624240591
native_asymmetric,2.7682866303920637,0.0795226128886383,1.886255928361618,0.43953851739179745,0.5069869171825263,0.024832012270164527,0.028642553155511653
native_asymmetric,2.9673024081888695,0.07724183905613762,1.9419527270833543,0.4216198826183042,0.5212807054306673,0.025532116184359174,0.03156729576666946
native_asymmetric,3.180625692794119,0.07497569095577934,2.0006484513556533,0.40384540439218225,0.5352004454694199,0.02621389936993073,0.034740250768467144
native_asymmetric,3.409285069746811,0.07272920800130678,2.0624451182983434,0.3862570309742411,0.5486918036605054,0.026874700587453292,0.038176464777800075
native_asymmetric,3.6543830709572545,0.07050722514710114,2.127441544991324,0.36889510887658655,0.5617016836823049,0.027511919200765914,0.04189128824034274
native_asymmetric,3.9171014908092565,0.06831433113048696,2.195732542758642,0.35179804323645064,0.5741785998438667,0.02812303346174038,0.045900323457942295
native_asymmetric,4.19870708444391,0.0661548314354549,2.267408090161186,0.3350019952483504,0.5860730211467066,0.028705617362287633,0.05021936624265542
native_asymmetric,4.500557675700498,0.06403271654919576,2.3425524963439015,0.31854062116252174,0.5973376823314137,0.02925735586929369,0.054864340636771015
native_asymmetric,4.8241087041653685,0.06195163592112645,2.4212435679821604,0.3024448560586217,0.6079278594343515,0.029776058421274322,0.05985122608575251
native_asymmetric,5.170920242896756,0.05991487786761956,2.5035517944544807,0.28674274426875757,0.6178016086846191,0.03025967062945069,0.0651959764171727
native_asymmetric,5.542664520663101,0.0579253555015012,2.5895395669364962,0.2714593170102947,0.626919968831832,0.030706284187681523,0.07091442997019175
native_asymmetric,5.941133984965034,0.055985598610003115,2.6792604477609183,0.2566165165489183,0.6352471281550508,0.031114145052492236,0.0770222102435387
native_asymmetric,6.3682499447185865,0.05409775126366957,2.772758506521056,0.24223316509013493,0.6427505584142769,0.03148166000396454,0.08353461649162357
native_asymmetric,6.826071834272386,0.05226357481599251,2.8700677389197726,0.22832497562752233,0.6494011188299827,0.03180740173861136,0.09046650380388366
native_asymmetric,7.316807143427193,0.050484455852187714,2.971211583208534,0.21490460118233964,0.6551731337859658,0.03209011267523093,0.09783215235646374
native_asymmetric,7.842822061337682,0.0487614185671283,3.0762025471736383,0.20198171826474162,0.6600444483306701,0.032328707673338904,0.1056451257312494
native_asymmetric,8.406652885618325,0.04709514099733583,3.1850419559946848,0.18956313997455446,0.6639964656974847,0.03252227587089716,0.1139181184570637
native_asymmetric,9.01101825166502,0.04548597449933673,3.2977198279480033,0.17765295393328745,0.6670141709812737,0.03267008184398071,0.12266279324145797
native_asymmetric,9.658832241158699,0.04393396585490229,3.4142148809282262,0.1662526801848196,0.6690861448117436,0.03277156627649351,0.13188960872694347
native_asymmetric,10.353218432956616,0.04243888139036083,3.534494668232928,0.1553614443007308,0.6702045703771212,0.03282634630418548,0.14160763901796247
native_asymmetric,11.097524964120721,0.041000232519449745,3.6585158371685527,0.1449761611539544,0.670365236503501,0.032834215665477555,0.15182438667706696
native_asymmetric,11.895340673703195,0.039617302154042716,3.7862244990019684,0.13509172515599166,0.6695675387203333,0.03279514475364893,0.16254559137002614
native_asymmetric,12.75051240713013,0.03828917147144561,3.9175566938517705,0.12570120316208702,0.6678144793789077,0.03270928062264032,0.17377503683636503
native_asymmetric,13.66716356462006,0.03701474657789351,4.052438929558556,0.11679602671037524,0.6651126669785141,0.03257694695404962,0.18551435935706112
native_asymmetric,14.649713983072848,0.03579278466271127,4.190788769678186,0.10836618075139674,0.6614723139358092,0.032398643947876324,0.19776286136491777
native_asymmetric,15.702901247293775,0.03462191929403219,4.332515442777767,0.10040038652271165,0.6569072311484434,0.03217504805625025,0.21051733427259472
native_asymmetric,16.831803533309568,0.033500684563069344,4.477520443428722,0.09288627671146661,0.6514348168950151,0.0319070114397558,0.22377189495376237
native_asymmetric,18.04186409392072,0.032427537838228444,4.625698094881775,0.08581056151103333,0.6450760369187872,0.03159556099194055,0.23751784057823885
native_asymmetric,19.338917504552303,0.031400880941729825,4.776936044512665,0.07915918460455298,0.6378553919979508,0.03124189675091999,0.2517435266465761
native_asymmetric,20.729217795953698,0.030419079609167267,4.93111566580059,0.07291746849007698,0.6298008689418318,0.03084738949919173,0.26643427306889944
native_asymmetric,22.21946860939524,0.029480481136146,5.088112344818046,0.06707024889331174,0.6209438707955283,0.030413577345087064,0.281572302966073
native_asymmetric,23.81685551976158,0.028583430155680354,5.247795634849328,0.06160199829192661,0.6113191221030905,0.029942161082600307,0.29713671852238255
native_asymmetric,25.529080682395165,0.027726282525415518,5.41002926961093,0.056496938799207426,0.6009645453805453,0.029434998141087895,0.31310351767915945
native_asymmetric,27.364399970746693,0.02690741733515393,5.574671033329847,0.05173914482594885,0.5899211054840222,0.02889409496248268,0.3294456547275462
native_asymmetric,29.331662783900423,0.026125247072838753,5.741572494292246,0.047312636060740695,0.5782326193129401,0.028321597680633758,0.3461331469456855
native_asymmetric,31.440354715915,0.025378226011344124,5.910578616998275,0.04320146138457102,0.5659455292403408,0.027719781024016656,0.3631332283510714
native_asymmetric,33.700643292719285,0.02466485689937903,6.0815272763158195,0.039389774371230556,0.5531086397773072,0.027091035417663983,0.38041055043379834
native_asymmetric,36.123426997094306,0.02398369605772889,6.254248704576191,0.03586190102645936,0.5397728182109689,0.026437852320537216,0.39792742844203466
native_asymmetric,38.72038781812553,0.023333356997069316,6.42856490897731,0.03260240039265129,0.5259906612521953,0.025762807898066672,0.4156441304570867
native_asymmetric,41.504047578504725,0.022712512685770184,6.604289101574297,0.02959611859899579,0.5118161310299132,0.02506854519330184,0.4335192051777892
native_asymmetric,44.487828311275855,0.02211989660548725,6.78122518722758,0.02682823687585007,0.49730416501127406,0.02435775502096033,0.45150984309191544
native_asymmetric,47.68611697714469,0.021554302738906815,6.959167355909916,0.024284313983283748,0.48251026554857446,0.02363315586360362,0.4695722646045381
native_asymmetric,51.11433483440165,0.02101458463774104,7.1378998246107725,0.021950323432914188,0.4674900756972461,0.022897473095375293,0.48766212777446444
native_asymmetric,54.789011795939395,0.020499653719965514,7.3171967706902485,0.019812685814435023,0.45229894866513326,0.02215341789380242,0.5057349476266293
native_asymmetric,58.72786613189477,0.020008476943373685,7.496822493012208,0.017858296477753933,0.4369915187038424,0.021403666222228987,0.5237465185961747
native_asymmetric,62.94988990221888,0.01954007399789051,7.6765318297255964,0.016074548771521348,0.42162128141463173,0.020650838273369686,0.5416533315404771
native_asymmetric,67.47544053110693,0.01909351415190009,7.856070852471794,0.01444935300103851,0.4062401913060613,0.01989747875784787,0.5594129769350523
native_asymmetric,72.32633896483533,0.018667912878352615,8.035177846471557,0.01297115124403833,0.39089828401685833,0.019146038400825693,0.5769845263382777
native_asymmetric,77.52597488629456,0.01826242837494468,8.213584574863766,0.011628928151511304,0.3756433299285791,0.01839885697609365,0.594328884943816
native_asymmetric,83.09941949353387,0.017876258079616132,8.391017814351281,0.010412217861639728,0.36052052497602755,0.01765814816209112,0.6114091090002417
native_asymmetric,89.0735463861044,0.01750863526842118,8.56720113820305,0.00931110716626293,0.3455722233667131,0.016925986450614494,0.6281906830164095
native_asymmetric,95.47716114208056,0.017158825807997782,8.74185691249832,0.008316235088899941,0.3308377156993012,0.016204296279149426,0.6446417529326495
native_asymmetric,102.34114021054528,0.016826125119859488,8.914708462672635,0.007418789058616813,0.31635305468348457,0.015494843494701262,0.6607333127631972
native_asymmetric,109.69857978923841,0.016509855399042293,9.085482360354364,0.006610497892295802,0.30215092936858534,0.01479922919356334,0.6764393435455555
native_asymmetric,117.58495540521558,0.01620936311567665,9.253910775490597,0.005883621826546208,0.28826058753982936,0.014118885920318154,0.6917369047133062
native_asymmetric,126.03829296797274,0.01592401681519192,9.419733836056752,0.005230939867282559,0.2747078047876701,0.013455076152865455,0.7066061791921819
native_asymmetric,135.09935211980252,0.015653205221381736,9.582701937307077,0.004645734747926011,0.26151489773552444,0.012808892950311391,0.7210304745662381
native_asymmetric,144.8118227674533,0.01539633563667182,9.742577944502711,0.004121775804776429,0.2487007780535256,0.012181262598540013,0.7349961835431579
native_asymmetric,155.2225357427048,0.015152832625754358,9.89913923717827,0.003653300089361955,0.2362810432082555,0.011572949055098215,0.7484927076472843
native_asymmetric,166.38168860761274,0.014922136962321829,10.052179548998092,0.0032349920419974705,0.22426809940822048,0.010984559971014869,0.7615123485787673
native_asymmetric,178.34308769319094,0.014703704813908963,10.201510564746075,0.002861962048328467,0.21267131189984517,0.010416554052237298,0.774050171999589
native_asymmetric,191.16440753856998,0.014497007136734432,10.34696324456585,0.002529724191649799,0.2014971776386342,0.009869249516994314,0.7861038486527216
native_asymmetric,204.9074689815846,0.014301529250771654,10.488388854772758,0.0022341734989282077,0.19074951538796286,0.009342833406757354,0.7976734777063517
native_asymmetric,219.6385372416547,0.014116770564887152,10.625659693945666,0.0019715629586130753,0.18042966846233552,0.00883737151652254,0.8087613970625288
native_asymmetric,235.42864143224153,0.01394224442255894,10.758669512155146,0.0017384805645174611,0.17053671560862613,0.008352818723687797,0.8193719851031687
native_asymmetric,252.3539170434766,0.013777478040214048,10.88733362972354,0.0015318266133806677,0.16106768588252268,0.007889029512613346,0.8295114579914832
native_asymmetric,270.49597304631317,0.013622012512394121,11.011588769539085,0.0013487914552614785,0.15201777380312803,0.0074457685128062655,0.8391876662288043
native_asymmetric,289.94228538828753,0.013475402860575742,11.131392623432943,0.0011868338666729758,0.14338055153307552,0.007022720891415935,0.8484098937088355
native_asymmetric,310.7866187782014,0.01333721810536006,11.246723178330335,0.0010436601872610802,0.13514817531345646,0.006619502464332553,0.8571886620349498
native_asymmetric,333.129478793467,0.013207041344751995,11.357577831737812,0.000917204332624373,0.127311583864278,0.006235669413760547,0.865535542389337
native_asymmetric,357.07859649004627,0.013084469824244506,11.463972328635101,0.0008056087691971981,0.11986068692708737,0.005870727522959371,0.8734629767807561
native_asymmetric,382.74944785163075,0.01296911498730742,11.565939553069088,0.0007072065124479588,0.1127845425652226,0.0055241408603374275,0.880984110061992
native_asymmetric,410.26581058271904,0.012860602497575981,11.66352820781706,0.0006205041873101666,0.10607152224032373,0.0051953398648321766,0.8881126337075339
native_asymmetric,439.7603609302721,0.012758572226488863,11.756801414548228,0.0005441661699644096,0.09970946304566382,0.0048837288022365866,0.8948626419821352
native_asymmetric,471.3753134116719,0.012662678202305315,11.845835265140957,0.00047699981290745075,0.09368580679439961,0.004588692577684871,0.901248500815008
native_asymmetric,505.26310653356796,0.012572588518320358,11.930717352391275,0.000417941740666661,0.08798772593303508,0.004309602902842529,0.9072847294234558
native_asymmetric,541.5871378079465,0.012487985199694154,12.011545305456774,0.00036604519145260416,0.08260223647799081,0.004045823827493422,0.9129858945030632
native_asymmetric,580.5225516094896,0.012408564029625077,12.088425352190589,0.0003204683703397142,0.07751629835822738,0.003796716654280521,0.9183665166171523
native_asymmetric,622.2570836730231,0.01233403433664298,12.161470927186205,0.00028046377203400834,0.0727169036924241,0.0035616442624860738,0.9234409882730559
native_asymmetric,666.9919663030115,0.012264118745602355,12.230801341008437,0.00024536842571065915,0.06819115363892801,0.003339974872110756,0.9282235030632505
native_asymmetric,714.9428986597577,0.01219855289554015,12.296540522838633,0.0002145950105533822,0.06392632453456515,0.0031310852833256373,0.9327279951715558
native_asymmetric,766.3410868007447,0.012137085127957348,12.358815845699251,0.0001876237882702265,0.05990992408861598,0.0029343636288301656,0.9369680884942837
native_asymmetric,821.4343584919421,0.012079476149315215,12.417757040606723,0.0001639952977704157,0.056129738424890156,0.002749211677953799,0.9409570545993856
native_asymmetric,880.4883581643464,0.012025498671632355,12.473495203474902,0.00014330375715067265,0.05257387077182418,0.002575046731681181,0.944707778739344
native_asymmetric,943.7878277775371,0.01197493703505321,12.526161896377227,0.00012519111895932796,0.04923077259152645,0.002411303147340069,0.9482327331421742
native_asymmetric,1011.6379797662071,0.011927586816154922,12.57588834288236,0.00010934172620369522,0.04608926791702344,0.0022574335306297165,0.9515439568261431
native_asymmetric,1084.3659686896087,0.011883254425588359,12.622804715600731,9.547751858216752e-05,0.043138571635596756,0.002112909631131267,0.9546530412146897
native_asymmetric,1162.322468679852,0.011841756698428251,12.667039512803822,8.335374081881997e-05,0.040368302417596445,0.001977222975555743,0.9575711208660289
native_asymmetric,1245.883364295008,0.01180292048035273,12.708719019982523,7.275510763678543e-05,0.03776849094673498,0.0018498852708604863,0.9603088686747677
native_asymmetric,1335.4515629298974,0.011766582212496416,12.747966851469927,6.349238272737282e-05,0.035329584061422205,0.0017304286070900653,0.9628764949487604
native_asymmetric,1431.4589375234787,0.011732587517535014,12.784903566738073,5.539933197265191e-05,0.03304244536878454,0.00161840548745067,0.9652837498117922
native_asymmetric,1534.36840893001,0.011700790789271213,12.819646355658222,4.83300140931034e-05,0.03089835284483343,0.0015133887107673491,0.9675399284303061
native_asymmetric,1644.6761779946628,0.011671054787708577,12.852308786860736,4.2156374766040664e-05,0.028888993886801027,0.0014149711291494356,0.9696538786092834
native_asymmetric,1762.914118095948,0.011643250241327332,12.883000613314996,3.676611305406511e-05,0.02700645823771802,0.0013227653014392484,0.9716340103477886
native_asymmetric,1889.6523396912078,0.011617255458017128,12.911827629346329,3.206079166522907e-05,0.02524322915939686,0.001236403060868416,0.9734883069880694
native_asymmetric,2025.5019392306665,0.01159295594587962,12.9388915734915,2.7954165116208968e-05,0.023592173188523163,0.0011555350133154183,0.9752243376330453
native_asymmetric,2171.117945694501,0.011570244044890021,12.96429007184574,2.437070227218217e-05,0.022046528771796896,0.0010798299806594385,0.9768492705452715
native_asymmetric,2327.2024789604075,0.011549018570202062,12.988116616854274,2.1244281983751367e-05,0.020599894040133376,0.0010089744019657152,0.9783698872759172
native_asymmetric,2494.5081352303164,0.011529184467695724,13.010460576833818,1.8517042628573122e-05,0.019246213948909293,0.0009426717036200453,0.9797925973048421
native_asymmetric,2673.841615839944,0.01151065248220128,13.0314072318613,1.613836829338343e-05,0.01797976698108354,0.0008806416480530701,0.98112345300257
native_asymmetric,2866.0676169482504,0.01149333883868593,13.051037832027404,1.406399610395074e-05,0.016795151582674857,0.0008226196693555019,0.9823681647518657
native_asymmetric,3072.1129988617527,0.011477164936559913,13.069429674412257,1.2255230831346246e-05,0.01568727247542923,0.0007683562028781659,0.9835321160908612
native_asymmetric,3292.971255097148,0.01146205705714638,13.086656195493092,1.0678254379585987e-05,0.014651326969413323,0.0007176160148284064,0.9846203787613788
native_asymmetric,3529.70730273065,0.01144794608426214,13.10278707603365,9.30351910006293e-06,0.0136827913785776,0.0006701775369099221,0.9856377275654123
native_asymmetric,3783.462617131925,0.011434767237773698,13.117888355828427,8.105215090754182e-06,0.012777407624867499,0.0006258322101975908,0.9865886549498442
native_asymmetric,4055.4607358408275,0.011422459819923311,13.132022555979285,7.0608027318499544e-06,0.011931170101056324,0.0005843838416843903,0.9874773852545276
native_asymmetric,4347.013158125017,0.011410966974161956,13.145248806665334,6.1506026931424645e-06,0.01114031284895395,0.0005456479762752946,0.9883078885720775
native_asymmetric,4659.525668664677,0.011400235456178937,13.15762297862891,5.357436531080181e-06,0.010401297097837495,0.0005094512864246933,0.9890838941792068
native_asymmetric,4994.50511585514,0.011390215416779974,13.169197816840338,4.666311783423332e-06,0.009710799197701247,0.0004756309811118969,0.9898089035094034
native_asymmetric,5353.5666774107185,0.011380860196236476,13.180023075022337,4.064146175138779e-06,0.009065698973062173,0.00044403423541528937,0.9904862026453474
native_asymmetric,5738.441648302392,0.011372126129706412,13.190145649912209,3.539526178348504e-06,0.008463068515454876,0.00041451764157329925,0.9911188743167935
native_asymmetric,6150.985788580504,0.011363972363311834,13.19960971431693,3.08249572909399e-06,0.007900161426257183,0.0003869466821023923,0.9917098093959114
native_asymmetric,6593.188271333542,0.011356360680447876,13.208456848174379,2.684371401210176e-06,0.007374402515984232,0.0003611952252726968,0.9922617178873419
native_asymmetric,7067.181273927491,0.01134925533789289,13.21672616697415,2.337580779015235e-06,0.006883377961562214,0.00033714504301529186,0.9927771394146435
native_asymmetric,7575.250258771905,0.011342622911288071,13.224454447015198,2.0355211616009185e-06,0.006424825919230437,0.00031468535114598,0.993258453208462
native_asymmetric,8119.844993184009,0.011336432149557218,13.231676247086147,1.7724360775561928e-06,0.005996627587534737,0.00029371237163435427,0.9937078876047534
native_asymmetric,8703.591361485165,0.011330653837842247,13.23842402624889,1.5433073947956643e-06,0.005596798712274884,0.0002741289165195857,0.9941275290638109
native_asymmetric,9329.304026284677,0.011325260668537604,13.244728257488225,1.3437610801737008e-06,0.005223481523178821,0.0002558439929720237,0.994519330722769
native_asymmetric,10000.0,0.011320227120016025,13.250617537061187,1.169984901703007e-06,0.004874937090429198,0.00023877242891898073,0.9948851204957501
symmetric,0.01,0.14981349301896138,1.001244927791751,0.9981582701035842,0.0009204405611881857,0.0009204405611881857,8.487740392037253e-07
symmetric,0.010718913192051276,0.14980010219135786,1.001334430389018,0.9980260617926507,0.0009864815683676914,0.0009864815683676914,9.750706138687596e-07
symmetric,0.011489510001873092,0.14978575126862967,1.0014303679058636,0.9978843780170757,0.0010572509168054484,0.0010572509168054484,1.1201493135979666e-06
symmetric,0.012315506032928256,0.1497703716131399,1.0015332030253168,0.9977325419078688,0.0011330856456420355,0.0011330856456420355,1.2868008473543237e-06
symmetric,0.01320088400831418,0.1497538897099464,1.0016434317033787,0.9975698285784856,0.00121434659575377,0.00121434659575377,1.478230006936051e-06
symmetric,0.01414991297434576,0.1497362268246351,1.0017615855625492,0.9973954617681162,0.0013014200574535586,0.0013014200574535586,1.698116976530007e-06
symmetric,0.015167168884709226,0.1497172986378077,1.0018882344576374,0.9972086102577385,0.0013947195272860165,0.0013947195272860165,1.9506876893994746e-06
symmetric,0.01625755666443794,0.14969701485472675,1.0020239892262868,0.9970083840446691,0.001494687580385575,0.001494687580385575,2.2407945597163506e-06
symmetric,0.0174263338600965,0.14967527878854678,1.0021695046375159,0.9967938302606263,0.0016017978651315236,0.0016017978651315236,2.5740091108600184e-06
symmetric,0.01867913599020783,0.14965198691547077,1.0023254825525691,0.996563928817579,0.001716557227089167,0.001716557227089167,2.9567282425806315e-06
symmetric,0.020022003718155844,0.14962702840009456,1.0024926753133674,0.9963175877649335,0.0018395079694671173,0.0018395079694671173,3.396296132164026e-06
symmetric,0.021461411978584036,0.14960028458911032,1.0026718893749937,0.9960536383408624,0.0019712302575419878,0.0019712302575419878,3.90114405356883e-06
symmetric,0.02300430119772918,0.14957162847146055,1.0028639891998046,0.9957708296998803,0.002112344674695602,0.002112344674695602,4.480950728451937e-06
symmetric,0.024658110758226028,0.14954092410294612,1.003069901432051,0.9954678232980604,0.002263514937869951,0.002263514937869951,5.146826199751856e-06
symmetric,0.026430814869741057,0.14950802599320934,1.003290619373257,0.995143186916629,0.002425450780361231,0.002425450780361231,5.911522648496769e-06
symmetric,0.02833096101839324,0.1494727784529339,1.003527207780058,0.9947953883040629,0.0025989110099359546,0.0025989110099359546,6.789676065025981e-06
symmetric,0.030367711180354574,0.14943501489902455,1.0037808080077966,0.9944227884162594,0.002784706750247854,0.002784706750247854,7.798083245081402e-06
symmetric,0.032550885998350584,0.14939455711546018,1.0040526435248367,0.9940236342338854,0.0029837048734479665,0.0029837048734479665,8.956019218495226e-06
symmetric,0.034891012134067735,0.14935121446745037,1.0043440258243834,0.993596051135662,0.0031968316316969784,0.0031968316316969784,1.0285600943902102e-05
symmetric,0.03739937302478798,0.1493047830664697,1.0046563607625403,0.9931380348060941,0.003425076494988735,0.003425076494988735,1.1812203928746697e-05
symmetric,0.04008806328898465,0.14925504488370547,1.0049911553534083,0.9926474426561183,0.0036694962022543864,0.0036694962022543864,1.3564939372965372e-05
symmetric,0.04297004704320839,0.14920176680942734,1.0053500250542757,0.9921219847352708,0.00393121903211368,0.00393121903211368,1.5577200501787648e-05
symmetric,0.04605922041145106,0.14914469965577898,1.0057347015763551,0.991559214114347,0.004211449298844247,0.004211449298844247,1.7887287964519224e-05
symmetric,0.049370478528390035,0.14908357710051104,1.0061470412590858,0.990956516718214,0.004511472078117866,0.004511472078117866,2.0539125550172625e-05
symmetric,0.05291978735958442,0.14901811456921657,1.0065890340487924,0.9903111005894333,0.0048326581657695865,0.0048326581657695865,2.358307902767e-05
symmetric,0.05672426068491978,0.14894800805370723,1.0070628131254595,0.9896199845647679,0.005176469271276014,0.005176469271276014,2.7076892680425774e-05
symmetric,0.06080224261649421,0.14887293286428643,1.0075706652245577,0.9888799863485443,0.005544463445679198,0.005544463445679198,3.1086760097132486e-05
symmetric,0.06517339604882423,0.14879254231383854,1.008115041704272,0.9880877099692802,0.005938300741345246,0.005938300741345246,3.568854802956496e-05
symmetric,0.0698587974678525,0.14870646633186776,1.0086985704121665,0.987239532609063,0.0063597490981365835,0.0063597490981365835,4.0969194663789334e-05
symmetric,0.07488103857590023,0.1486143100069079,1.009324068409211,0.9863315907990307,0.006810690447232122,0.006810690447232122,4.7028306505362795e-05
symmetric,0.08026433522257174,0.1485156520560706,1.0099945556133638,0.9853597659789515,0.007293127019881092,0.007293127019881092,5.3979981286607404e-05
symmetric,0.086034644166845,0.14841004322094656,1.01071326942939,0.9843196694246211,0.007809187843738576,0.007809187843738576,6.1954887901856e-05
symmetric,0.09221978823334327,0.14829700458960823,1.011483680436463,0.9832066265535642,0.008361135404015965,0.008361135404015965,7.110263840403506e-05
symmetric,0.09884959046625587,0.14817602584511297,1.0123095092103065,0.982015660627632,0.008951372440386811,0.008951372440386811,8.159449159426359e-05
symmetric,0.10595601792776159,0.1480465634416852,1.0131947443621967,0.9807414758806249,0.009582448843313617,0.009582448843313617,9.36264327480111e-05
symmetric,0.11357333583431052,0.14790803871067718,1.014143661883144,0.97937844011024,0.010257068605085014,0.010257068605085014,0.00010742267959010655
symmetric,0.12173827277396614,0.14775983589949734,1.0151608458879608,0.9779205667866899,0.010978096771255195,0.010978096771255195,0.00012323967079969596
symmetric,0.13049019780144022,0.1476013001479683,1.0162512108607922,0.9763614967454163,0.011748566327223483,0.011748566327223483,0.00014137060013660096
symmetric,0.1398713102647238,0.14743173540805507,1.017420025511038,0.9746944795487306,0.01257168494224924,0.01257168494224924,0.0001621505667707792
symmetric,0.14992684327860456,0.14725040231461992,1.0186729383564277,0.97291235462116,0.013450841479120285,0.013450841479120285,0.0001859624205994103
symmetric,0.16070528182616384,0.14705651601682615,1.0200160051584322,0.9710075322860396,0.014389612161842173,0.014389612161842173,0.00021324339027602938
symmetric,0.17225859653987866,0.14684924398206853,1.0214557183441557,0.9689719748567385,0.015391766275947823,0.015391766275947823,0.0002444925913656389
symmetric,0.18464249428955434,0.14662770378687393,1.0229990385584142,0.9667971779651036,0.016461271256210663,0.016461271256210663,0.00028027952247532123
symmetric,0.19791668678535562,0.14639096091211673,1.0246534284999325,0.9644741523425232,0.017602296994555226,0.017602296994555226,0.00032125366836631517
symmetric,0.21214517849106299,0.14613802656317165,1.0264268892064101,0.9619934063057239,0.018819219176699205,0.018819219176699205,0.0003681553408777619
symmetric,0.22739657523579276,0.14586785553928655,1.0283279989647927,0.9593449292401988,0.020116621429452884,0.020116621429452884,0.00042182790089527906
symmetric,0.24374441501222205,0.14557934418055007,1.0303659550352648,0.9565181764193017,0.0214992960316262,0.0214992960316262,0.00048323151744570535
symmetric,0.2612675225563328,0.14527132842534965,1.0325506183904711,0.9535020555465777,0.02297224291015975,0.02297224291015975,0.0005534586331026594
symmetric,0.2800503894183631,0.1449425820162012,1.0348925616851057,0.9502849154629706,0.024540666609520232,0.024540666609520232,0.0006337513179888927
symmetric,0.3001835813575589,0.14459181489727807,1.0374031206853862,0.9468545375190747,0.02620997088675287,0.02620997088675287,0.0007255207074197437
symmetric,0.32176417502507354,0.14421767185287723,1.0400944494029938,0.9431981301754083,0.027985750547191175,0.027985750547191175,0.0008303687302093756
symmetric,0.3448962260405758,0.14381873144242444,1.0429795791937584,0.9393023274604765,0.029873780097111044,0.029873780097111044,0.000950112345301412
symmetric,0.36969127071950264,0.14339350529440012,1.0460724820976803,0.9351531919865436,0.031879998750229316,0.031879998750229316,0.0010868105129980107
symmetric,0.3962688638701478,0.1429404378287229,1.0493881387136659,0.9307362232958301,0.03401049128568653,0.03401049128568653,0.0012427941327970678
symmetric,0.42475715525368984,0.14245790648457465,1.052942610919542,0.9260363723840764,0.036271464217120714,0.036271464217120714,0.0014206991816820462
symmetric,0.4552935074866948,0.14194422253829267,1.0567531197652944,0.9210380633226747,0.03866921669695432,0.03866921669695432,0.0016235032834165807
symmetric,0.48802515836544313,0.14139763260364663,1.0608381288848503,0.9157252229728815,0.04121010554879117,0.04121010554879117,0.0018545659295362681
symmetric,0.5231099308056261,0.1408163209143844,1.0652174337887952,0.9100813198536574,0.04390050379585919,0.04390050379585919,0.0021176725546241874
symmetric,0.5607169938205459,0.14019841249613835,1.0699122574168352,0.9040894132853863,0.04674675203721343,0.04674675203721343,0.0024170826401867353
symmetric,0.6010276782070382,0.13954197734135884,1.0749453523441044,0.8977322139816339,0.049755102018761814,0.049755102018761814,0.0027575819808422753
symmetric,0.644236350872137,0.13884503570653922,1.0803411100490314,0.890992157295893,0.05293165175645466,0.05293165175645466,0.003144539191197552
symmetric,0.6905513520162327,0.13810556465522048,1.086125677661678,0.8838514903450542,0.05628227159792286,0.05628227159792286,0.0035839664591001495
symmetric,0.7401959996915641,0.13732150597263684,1.0923270826194516,0.8762923742204198,0.05981252066071468,0.05981252066071468,0.00408258445815088
symmetric,0.7934096665797492,0.136490775577863,1.0989753656607402,0.8682970024541685,0.06352755316462852,0.06352755316462852,0.004647891216574506
symmetric,0.8504489341802677,0.13561127455633007,1.1061027225851576,0.8598477368271928,0.06743201428742789,0.06743201428742789,0.005288234597951525
symmetric,0.9115888299750818,0.13468090192894958,1.1137436552001407,0.8509272614757635,0.07152992532249841,0.07152992532249841,0.006012887879239643
symmetric,0.9771241535346497,0.13369756926309392,1.1219351318558806,0.8415187560715474,0.07582455810888937,0.07582455810888937,0.006832127710674007
symmetric,1.0473708979594498,0.13265921721460502,1.130716757941836,0.831606088604312,0.0803182989434232,0.0803182989434232,0.007757313508841528
symmetric,1.1226677735108135,0.13156383406808073,1.140130956675974,0.8211740279814355,0.08501250247542108,0.08501250247542108,0.00880096706772229
symmetric,1.2033778407775892,0.13040947631421435,1.1502231604594697,0.8102084762662946,0.08990733643021315,0.08990733643021315,0.009976850873279127
symmetric,1.289890261253308,0.12919429126728657,1.1610420129916503,0.7986967199031213,0.09500161840971305,0.09500161840971305,0.011300043277452628
symmetric,1.382622173764655,0.12791654168251432,1.1726395822386777,0.7866276987155099,0.1002926464764978,0.1002926464764978,0.012787008331494749
symmetric,1.4820207057988586,0.12657463228151666,1.1850715842206248,0.7739922908187001,0.10577602573896053,0.10577602573896053,0.014455657703378921
symmetric,1.5885651294280527,0.12516713803460527,1.1983976174203896,0.7607836108551902,0.11144549371263508,0.11144549371263508,0.016325401719539754
symmetric,1.7027691722258995,0.1236928339812089,1.212681407419185,0.7469973181567268,0.11729274782617383,0.11729274782617383,0.01841718619092544
symmetric,1.8251834943190424,0.12215072629521798,1.2279910611212819,0.7326319305668159,0.12330727905429724,0.12330727905429724,0.02075351132458957
symmetric,1.9563983435170629,0.12054008422157939,1.2443993296393152,0.7176891387462692,0.1294762162737937,0.1294762162737937,0.023358428706143408
symmetric,2.0970464013232326,0.11886047242588484,1.2619838785642732,0.7021741148571096,0.13578418652614518,0.13578418652614518,0.026257512090600104
symmetric,2.247805833548725,0.11711178321239778,1.2808275639348354,0.6860958086119577,0.14221319689984865,0.14221319689984865,0.02947779758834491
symmetric,2.4094035602395243,0.11529426798104904,1.3010187117425087,0.6694672228291981,0.14874254417997057,0.14874254417997057,0.03304768881086074
symmetric,2.5826187606826747,0.11340856721414892,1.322651398255968,0.6523056598980564,0.15534875871058124,0.15534875871058124,0.03699682268078124
symmetric,2.7682866303920637,0.11145573821325268,1.3458257278149202,0.6346329299874709,0.16200558903321452,0.16200558903321452,0.04135589194610016
symmetric,2.9673024081888695,0.10943727975061374,1.3706481040265328,0.6164755114874844,0.16868403375633698,0.16868403375633698,0.04615642099984162
symmetric,3.180625692794119,0.10735515276308606,1.397231489493789,0.5978646541119692,0.1753524267340046,0.1753524267340046,0.05143049242002159
symmetric,3.409285069746811,0.10521179620435767,1.4256956483154053,0.5788364153743473,0.18197658094889332,0.18197658094889332,0.05721042272786615
symmetric,3.6543830709572545,0.10301013718890863,1.4561673646246818,0.5594316218241107,0.18851999547751047,0.18851999547751047,0.0635283872208685
symmetric,3.9171014908092565,0.10075359461232428,1.4887806293876076,0.5396957475398032,0.19494412854902113,0.19494412854902113,0.07041599536215448
symmetric,4.19870708444391,0.0984460755207138,1.5236767865717395,0.5196787039347515,0.20120873799689395,0.20120873799689395,0.07790382007146057
symmetric,4.500557675700498,0.09609196362866443,1.561004628645706,0.4994345369440713,0.2072722883689939,0.2072722883689939,0.0860208863179408
symmetric,4.8241087041653685,0.09369609955016445,1.6009204302009468,0.4790210300972561,0.2130924216556022,0.2130924216556022,0.09479412659153953
symmetric,5.170920242896756,0.09126375250781994,1.6435879073364557,0.45849921478228595,0.21862648609037028,0.21862648609037028,0.10424781303697342
symmetric,5.542664520663101,0.08880058351757462,1.6891780893569615,0.4379327920857191,0.22383211487574786,0.22383211487574786,0.114402978162785
symmetric,5.941133984965034,0.08631260030168636,1.7378690883568402,0.4173874738301675,0.22866784410334157,0.22866784410334157,0.1252768379631493
symmetric,6.3682499447185865,0.08380610445220005,1.7898457514578134,0.3969302536810526,0.2330937567193865,0.2330937567193865,0.1368822328801744
symmetric,6.826071834272386,0.0812876316389449,1.845299179907894,0.3766286222949866,0.2370721372735401,0.2370721372735401,0.14922710315793325
symmetric,7.316807143427193,0.07876388591710508,1.90442609901024,0.35654974325881494,0.24056812053259344,0.24056812053259344,0.16231401567599818
symmetric,7.842822061337682,0.07624166942599983,1.967428063017298,0.33675960884971173,0.24355031597469767,0.24355031597469767,0.17613975920089284
symmetric,8.406652885618325,0.07372780896946657,2.0345104797854576,0.3173221962756946,0.245991389816186,0.245991389816186,0.19069502409193334
symmetric,9.01101825166502,0.07122908111709465,2.1058814412250038,0.2982986459037556,0.24786858663931416,0.24786858663931416,0.2059641808176162
symmetric,9.658832241158699,0.06875213755462423,2.181750347482994,0.27974648296008653,0.2491641739188296,0.2491641739188296,0.22192516920225439
symmetric,10.353218432956616,0.06630343243439883,2.2623263154348945,0.2617189032542353,0.24986579477164908,0.24986579477164908,0.2385495072024666
symmetric,11.097524964120721,0.06388915342980907,2.347816365493016,0.2442641416518493,0.24996671700819967,0.24996671700819967,0.25580242433175143
symmetric,11.895340673703195,0.061515158082352424,2.4384233850003265,0.22742493937175098,0.2494659699269596,0.2494659699269596,0.2736431207743299
symmetric,12.75051240713013,0.05918691685148026,2.534343871575539,0.21123812283802035,0.24836836410273241,0.24836836410273241,0.29202514895651477
symmetric,13.66716356462006,0.05690946404492657,2.6357654656804375,0.19573430294786967,0.24668439347879545,0.24668439347879545,0.31089691009453946
symmetric,14.649713983072848,0.05468735753292963,2.7428642883262095,0.1809376994251237,0.24443002316924958,0.24443002316924958,0.33020225423637706
symmetric,15.702901247293775,0.05252464784821972,2.8558021071070185,0.1668660906391126,0.24162637029390463,0.24162637029390463,0.3498811687730782
symmetric,16.831803533309568,0.05042485696051103,2.974723361485562,0.1535308851025039,0.23829928870051487,0.23829928870051487,0.3698705374964664
symmetric,18.04186409392072,0.04839096670526373,3.0997520862438925,0.1409373070272508,0.23447887140310242,0.23447887140310242,0.39010495016654445
symmetric,19.338917504552303,0.046425416556293744,3.2309887799954478,0.12908468499362866,0.2301988868457036,0.2301988868457036,0.410517541314964
symmetric,20.729217795953698,0.044530110173070424,3.3685072733260935,0.11796683011115777,0.2254961666019638,0.2254961666019638,0.4310408366849146
symmetric,22.21946860939524,0.042706429936104864,3.5123516581559775,0.10757248811147543,0.22040996280850206,0.22040996280850206,0.4516075862715206
symmetric,23.81685551976158,0.04095525851442005,3.6625333459239693,0.09788584865102046,0.21498129352121287,0.21498129352121287,0.4721515643065538
symmetric,25.529080682395165,0.03927700639102221,3.819028326819898,0.08888709470530837,0.2092522933421423,0.2092522933421423,0.49260831861040705
symmetric,27.364399970746693,0.03767164420572263,3.981774705156452,0.08055297525288975,0.20326558519178897,0.20326558519178897,0.5129158543635324
symmetric,29.331662783900423,0.03613873875683467,4.1506705867434714,0.07285738538640017,0.19706368712628855,0.19706368712628855,0.5330152403610227
symmetric,31.440354715915,0.03467749152916164,4.325572392508818,0.06577193943610159,0.19068846576536727,0.19068846576536727,0.5528511290331639
symmetric,33.700643292719285,0.0332867786785492,4.506293668382624,0.05926652451906723,0.1841806453537149,0.1841806453537149,0.572372184773503
symmetric,36.123426997094306,0.03196519149535641,4.692604454498278,0.05330982400186657,0.1775793788679657,0.1775793788679657,0.591531418262202
symmetric,38.72038781812553,0.030711076482362834,4.884231267052589,0.04786980255852152,0.170921885031573,0.170921885031573,0.6102864273783324
symmetric,41.504047578504725,0.029522574308934492,5.080857733825912,0.04291414670347385,0.16424315271769993,0.16424315271769993,0.6285995478611263
symmetric,44.487828311275855,0.028397657035398254,5.282125909648883,0.038410656783795266,0.15757571208862214,0.15757571208862214,0.6464379190389603
symmetric,47.68611697714469,0.027334163133168256,5.487638281414389,0.03432758834914937,0.15094946999631703,0.15094946999631703,0.6637734716582165
symmetric,51.11433483440165,0.02632982995201787,5.696960454106703,0.03063394252700929,0.1443916056852711,0.1443916056852711,0.6805828461024485
symmetric,54.789011795939395,0.025382323402028728,5.909624490404648,0.027299706480373505,0.1379265217050254,0.1379265217050254,0.6968472501095757
symmetric,58.72786613189477,0.02448926472140697,6.125132857454862,0.024296046200708094,0.1315758441474496,0.1315758441474496,0.7125522655043928
symmetric,62.94988990221888,0.023648254290901786,6.342962916197566,0.021595454791297288,0.12535846584812385,0.12535846584812385,0.7276876135124549
symmetric,67.47544053110693,0.022856892530312384,6.56257187196697,0.01917186003959513,0.11929062599758078,0.11929062599758078,0.7422468879652433
symmetric,72.32633896483533,0.02211279797267179,6.783402090743027,0.017000695485008245,0.11338601965502527,0.11338601965502527,0.7562272652049412
symmetric,77.52597488629456,0.021413622657881968,7.0048866740811695,0.015058939390293916,0.10765593089971583,0.10765593089971583,0.7696291988102744
symmetric,83.09941949353387,0.020757065021043103,7.226455177932571,0.013325126053227556,0.10210938374877038,0.10210938374877038,0.7824561064492317
symmetric,89.0735463861044,0.02014088047292327,7.447539356665912,0.011779333783876359,0.09675330547213896,0.09675330547213896,0.7947140552718458
symmetric,95.47716114208056,0.019562889882568883,7.667578813785302,0.01040315365416756,0.0915926975073751,0.0915926975073751,0.8064114513310823
symmetric,102.34114021054528,0.019020986176583717,7.8860264450778805,0.009179642830351924,0.08663080978496518,0.08663080978496518,0.8175587375997176
symmetric,109.69857978923841,0.01851313926769385,8.102353567974061,0.00809326595200219,0.08186931489138062,0.08186931489138062,0.8281681042652365
symmetric,117.58495540521558,0.018037399518320535,8.316054642336077,0.007129827645993061,0.07730847909918664,0.07730847909918664,0.8382532141556336
symmetric,126.03829296797274,0.01759189993432134,8.52665150211285,0.006276398879155535,0.07294732786451345,0.07294732786451345,0.8478289453918175
symmetric,135.09935211980252,0.01717485727096083,8.733697033606173,0.005521239473708725,0.06878380391978325,0.06878380391978325,0.8569111526867247
symmetric,144.8118227674533,0.016784572218495886,8.93677825370529,0.004853718746275177,0.06481491656600273,0.06481491656600273,0.8655164481217192
symmetric,155.2225357427048,0.01641942881928955,9.135518759567322,0.004264235892179851,0.06103688118999456,0.06103688118999456,0.873662001727831
symmetric,166.38168860761274,0.016077893252720087,9.329580539081059,0.003744141426954666,0.05744524839640169,0.05744524839640169,0.8813653617802419
symmetric,178.34308769319094,0.015758512108804273,9.518665148354652,0.0032856607193724866,0.0540350224532179,0.0540350224532179,0.8886442943741916
symmetric,191.16440753856998,0.015459910256753666,9.70251427782205,0.0028818204059414382,0.050800769005723855,0.050800769005723855,0.8955166415826109
symmetric,204.9074689815846,0.015180788400869874,9.880909741908058,0.002526378265220037,0.047736712220941245,0.047736712220941245,0.9020001972928975
symmetric,219.6385372416547,0.014919920403413788,10.053672938206754,0.00221375695015948,0.044836821687722114,0.044836821687722114,0.9081125996743963
symmetric,235.42864143224153,0.014676150442434987,10.220663830638193,0.0019389818258205044,0.042094889521365225,0.042094889521365225,0.913871239131449
symmetric,252.3539170434766,0.014448390062050795,10.38177951701209,0.0016976230356875249,0.039504598211322024,0.039504598211322024,0.9192931805416683
symmetric,270.49597304631317,0.014235615163303387,10.536952444926333,0.001485741819614579,0.03705957981109151,0.03705957981109151,0.9243950985582023
symmetric,289.94228538828753,0.014036862975457214,10.6861483411406,0.001299841027323742,0.034753467105547255,0.034753467105547255,0.9291932247615817
symmetric,310.7866187782014,0.013851229040361969,10.82936391874725,0.0011368197105237066,0.032579937407024036,0.032579937407024036,0.9337033054754282
symmetric,333.129478793467,0.013677864236223615,10.966624423917677,0.0009939316314533013,0.030532749631459567,0.030532749631459567,0.9379405691056276
symmetric,357.07859649004627,0.013515971861713192,11.097981080066189,0.0008687474935035709,0.02860577529319428,0.02860577529319428,0.9419197019201078
symmetric,382.74944785163075,0.01336480479671568,11.223508482283377,0.0007591206782860521,0.026793024034713186,0.026793024034713186,0.9456548312522876
symmetric,410.26581058271904,0.013223662752093947,11.343301989174499,0.0006631562610896722,0.02508866427823671,0.02508866427823671,0.9491595151824369
symmetric,439.7603609302721,0.01309188961753539,11.457475153096976,0.000579183071347489,0.023487039551812323,0.023487039551812323,0.9524467378250279
symmetric,471.3753134116719,0.012968870913784061,11.566157223492091,0.0005057285649973502,0.02198268100520904,0.02198268100520904,0.9555289094245846
symmetric,505.26310653356796,0.012854031353269253,11.66949075177489,0.00044149628017256797,0.02057031659193744,0.02057031659193744,0.9584178705359525
symmetric,541.5871378079465,0.01274683251125834,11.767629320265723,0.0003853456554097536,0.019244877354269822,0.019244877354269822,0.9611248996360505
symmetric,580.5225516094896,0.01264677060812909,11.86073541205713,0.0003362739996056566,0.018001501209117365,0.018001501209117365,0.9636607235821597
symmetric,622.2570836730231,0.01255337440212366,11.948978433609406,0.0002934004145521202,0.01683553459472736,0.01683553459472736,0.9660355303959932
symmetric,666.9919663030115,0.012466203190967725,12.032532897320424,0.00025595148342919487,0.015742532301892303,0.015742532301892303,0.9682589839127862
symmetric,714.9428986597577,0.01238484491997328,12.11157676735153,0.00022324855166517342,0.014718255779063156,0.014718255779063156,0.9703402398902085
symmetric,766.3410868007447,0.01230891439365907,12.18628996861595,0.00019469643970756103,0.013758670168661941,0.013758670168661941,0.9722879632229685
symmetric,821.4343584919421,0.01223805158748727,12.2568530560344,0.00016977344020683189,0.01285994030211429,0.01285994030211429,0.9741103459555646
symmetric,880.4883581643464,0.012171920056004171,12.323446038902294,0.00014802246468447163,0.012018425853722656,0.012018425853722656,0.9758151258278702
symmetric,943.7878277775371,0.01211020543346373,12.386247353451985,0.00012904321678695814,0.011230675828460514,0.011230675828460514,0.977409605126292
symmetric,1011.6379797662071,0.012052614022887341,12.445432975382529,0.00011248528061510122,0.010493422536026586,0.010493422536026586,0.9789006696473318
symmetric,1084.3659686896087,0.011998871469455384,12.501175663214962,9.804202329944761e-05,0.009803575182967799,0.009803575182967799,0.9802948076107648
symmetric,1162.322468679852,0.011948721514122301,12.553644322759858,8.544522093333049e-05,0.009158213196237356,0.009158213196237356,0.9815981283865919
symmetric,1245.883364295008,0.011901924823386421,12.603003482702297,7.446032616565875e-05,0.00855457937507913,0.00855457937507913,0.9828163809236761
symmetric,1335.4515629298974,0.01185825789121855,12.649412871268398,6.488230420314059e-05,0.007990072953471516,0.007990072953471516,0.9839549717888538
symmetric,1431.4589375234787,0.011817512009252311,12.693027084090133,5.653197169745372e-05,0.007462242642390518,0.007462242642390518,0.9850189827435215
symmetric,1534.36840893001,0.01177949230145736,12.733995333690398,4.9252780027071196e-05,0.006968779709714708,0.006968779709714708,0.9860131878005435
symmetric,1644.6761779946628,0.011744016819648892,12.772461271431022,4.2907990862757933e-05,0.0065075111455557616,0.0065075111455557616,0.9869420697180258
symmetric,1762.914118095948,0.011710915696329025,12.808562873270441,3.737819767090453e-05,0.006076392952029133,0.006076392952029133,0.9878098358982709
symmetric,1889.6523396912078,0.011680030351503877,12.842432381238337,3.255915200251138e-05,0.00567350358884703,0.00567350358884703,0.9886204336703034
symmetric,2025.5019392306665,0.011651212750271773,12.874196293128467,2.835985808128337e-05,0.005297037599506589,0.005297037599506589,0.9893775649429055
symmetric,2171.117945694501,0.011624324708130872,12.903975393519369,2.4700903384912294e-05,0.004945299437149512,0.004945299437149512,0.9900847002223161
symmetric,2327.2024789604075,0.011599237241106335,12.931884819841223,2.1512996650947796e-05,0.004616697504280181,0.004616697504280181,0.9907450919947888
symmetric,2494.5081352303164,0.01157582995794712,12.958034157803167,1.8735688072747795e-05,0.004309738416360337,0.004309738416360337,0.9913617874792066
symmetric,2673.841615839944,0.011553990491788957,12.98252756107079,1.6316249419631048e-05,0.004023021495759775,0.004023021495759775,0.9919376407590608
symmetric,2866.0676169482504,0.011533613968822534,13.005463890631107,1.4208694454017116e-05,0.0037552334995605177,0.0037552334995605177,0.9924753243064249
symmetric,3072.1129988617527,0.011514602511643744,13.026936869797954,1.2372922359973324e-05,0.0035051435822172723,0.0035051435822172723,0.9929773399132055
symmetric,3292.971255097148,0.011496864775095376,13.047035251291422,1.0773968972588678e-05,0.0032715984920057015,0.0032715984920057015,0.9934460290470161
symmetric,3529.70730273065,0.011480315512536943,13.065842993269154,9.381352433889102e-06,0.0030535179984898563,0.0030535179984898563,0.9938835826505864
symmetric,3783.462617131925,0.011464875170600823,13.083439441594825,8.168501524039189e-06,0.00284989054685813,0.00284989054685813,0.9942920504047598
symmetric,4055.4607358408275,0.011450469510608952,13.09989951600009,7.112256349513816e-06,0.0026597691338727464,0.0026597691338727464,0.9946733494759049
symmetric,4347.013158125017,0.011437029254934557,13.115293898131966,6.192432333704426e-06,0.0024822673993100427,0.0024822673993100427,0.9950292727690463
symmetric,4659.525668664677,0.011424489756698008,13.129689219779573,5.391439568956417e-06,0.00231655592610418,0.00231655592610418,0.9953614967082227
symmetric,4994.50511585514,0.01141279069128523,13.14314824984388,4.693950569317481e-06,0.0021618587419164853,0.0021618587419164853,0.9956715885655977
symmetric,5353.5666774107185,0.01140187576827074,13.155730078854358,4.0866103255417005e-06,0.0020174500145075827,0.0020174500145075827,0.9959610133606593
symmetric,5738.441648302392,0.011391692462416126,13.167490300048504,3.557783321791159e-06,0.0018826509330696795,0.0018826509330696795,0.996231140350539
symmetric,6150.985788580504,0.0113821917624984,13.178481186217063,3.097332839164195e-06,0.001756826767559542,0.001756826767559542,0.9964832491320417
symmetric,6593.188271333542,0.011373327936801375,13.188751861681205,2.696428455503261e-06,0.0016393840980422874,0.0016393840980422874,0.99671853537546
symmetric,7067.181273927491,0.011365058314177508,13.198348468910213,2.3473781635356423e-06,0.0015297682060975352,0.0015297682060975352,0.9969381162096415
symmetric,7575.250258771905,0.011357343079657441,13.2073143294113,2.0434819788275292e-06,0.001427460620438346,0.001427460620438346,0.9971430352771445
symmetric,8119.844993184009,0.011350145083650016,13.21569009862934,1.778904302874481e-06,0.0013319768090398953,0.0013319768090398953,0.9973342674776173
symmetric,8703.591361485165,0.011343429663837291,13.223513914684734,1.5485626516164441e-06,0.0012428640102583668,0.0012428640102583668,0.9975127234168317
symmetric,9329.304026284677,0.011337164478926806,13.230821540854917,1.3480306616872357e-06,0.0011596991956332795,0.0011596991956332795,0.9976792535780717
symmetric,10000.0,0.011331319353477821,13.237646501769614,1.1734535510246557e-06,0.0010820871573015327,0.0010820871573015327,0.9978346522318459
strong_only,0.01,0.1491608486424132,1.0056258151198811,0.9917184621476902,0.00413216025894871,0.00413216025894871,1.7217334412286292e-05
strong_only,0.010718913192051276,0.14910087336260075,1.0060303244181048,0.9911270591652563,0.004426585378952273,0.004426585378952273,1.9770076839247007e-05
strong_only,0.011489510001873092,0.14903663856403693,1.006463923537494,0.9904937266823587,0.004741786491462292,0.004741786491462292,2.2700334716834445e-05
strong_only,0.012315506032928256,0.14896784572574143,1.0069287051123692,0.9898155369385302,0.00507919967360525,0.00507919967360525,2.606371425947198e-05
strong_only,0.01320088400831418,0.14889417599643293,1.0074269124105537,0.9890893643947347,0.005440355822180056,0.005440355822180056,2.9923960905231623e-05
strong_only,0.01414991297434576,0.14881528889763904,1.0079609501895725,0.9883118733614578,0.005826886249823856,0.005826886249823856,3.435413889434145e-05
strong_only,0.015167168884709226,0.1487308209572472,1.0085333963369811,0.9874795050021068,0.006240528509398338,0.006240528509398338,3.9437979096619686e-05
strong_only,0.01625755666443794,0.14864038427182846,1.0091470143516659,0.9865884637039108,0.0066831324388113055,0.0066831324388113055,4.527141846663264e-05
strong_only,0.0174263338600965,0.14854356499640162,1.0098047667270786,0.9856347028129587,0.007156666414714827,0.007156666414714827,5.1964357611733404e-05
strong_only,0.01867913599020783,0.14843992176071671,1.0105098293018377,0.9846139097353913,0.007663223799082327,0.007663223799082327,5.964266644435658e-05
strong_only,0.020022003718155844,0.14832898401164976,1.0112656066478483,0.983521490413255,0.008205029557475145,0.008205029557475145,6.845047179472741e-05
strong_only,0.021461411978584036,0.14821025028191645,1.0120757485712304,0.9823525531912333,0.008784447021771244,0.008784447021771244,7.855276522428273e-05
strong_only,0.02300430119772918,0.14808318638605267,1.0129441678068043,0.9811018920995868,0.009403984763133736,0.009403984763133736,9.013837414582711e-05
strong_only,0.024658110758226028,0.14794722354549344,1.013875058992745,0.9797639695893551,0.010066303532938962,0.010066303532938962,0.00010342334476713787
strong_only,0.026430814869741057,0.1478017564456196,1.0148729190183148,0.9783328987683569,0.01077422322013484,0.01077422322013484,0.00011865479137360415
strong_only,0.02833096101839324,0.1476461412288639,1.0159425688442978,0.9768024252010366,0.011530729762934412,0.011530729762934412,0.00013611527309471754
strong_only,0.030367711180354574,0.147479693429386,1.0170891769029933,0.9751659083519353,0.012338981940733181,0.012338981940733181,0.00015612776659824814
strong_only,0.032550885998350584,0.1473016858564753,1.018318284192306,0.9734163027717904,0.013202317958525186,0.013202317958525186,0.00017906131115913738
strong_only,0.034891012134067735,0.14711134643573295,1.0196358311867466,0.9715461391472214,0.014124261720746845,0.014124261720746845,0.0002053374112847198
strong_only,0.03739937302478798,0.14690785601925968,1.0210481866969383,0.9695475053599327,0.015108528674253663,0.015108528674253663,0.0002354372915600495
strong_only,0.04008806328898465,0.14669034617854929,1.022562178818654,0.9674120277296008,0.016159031080895555,0.016159031080895555,0.0002699101086081721
strong_only,0.04297004704320839,0.1464578969965994,1.024185128122404,0.9651308526464215,0.017279882558778565,0.017279882558778565,0.0003093822360215963
strong_only,0.04605922041145106,0.14620953487891497,1.0259248832452967,0.9626946288348768,0.018475401707677398,0.018475401707677398,0.00035456774976833934
strong_only,0.049370478528390035,0.14594423040663945,1.0277898590582175,0.9600934905299563,0.019750114608106786,0.019750114608106786,0.00040628025383032483
strong_only,0.05291978735958442,0.14566089625901185,1.029789077593429,0.9573170418909468,0.02110875595523977,0.02110875595523977,0.00046544619857360564
strong_only,0.05672426068491978,0.14535838523675568,1.0319322119304242,0.9543543430262558,0.022556268558169452,0.022556268558169452,0.0005331198574052764
strong_only,0.06080224261649421,0.14503548842285546,1.0342296332513483,0.9511938980555124,0.024097800902041777,0.024097800902041777,0.0006105001404041336
strong_only,0.06517339604882423,0.14469093352249965,1.0366924612914656,0.9478236456925292,0.025738702435483225,0.025738702435483225,0.0006989494365044112
strong_only,0.0698587974678525,0.14432338342975004,1.0393326184250182,0.944230952894342,0.027484516208801345,0.027484516208801345,0.0008000146880552346
strong_only,0.07488103857590023,0.14393143507473855,1.0421628876423712,0.9404026121872882,0.029340968450030685,0.029340968450030685,0.0009154509126504245
strong_only,0.08026433522257174,0.14351361861186193,1.04519697469047,0.9363248433503795,0.031313954626623744,0.031313954626623744,0.0010472473963732227
strong_only,0.086034644166845,0.14306839701650284,1.0484495746653093,0.931983300208383,0.03340952150119594,0.03340952150119594,0.0011976567892249814
strong_only,0.09221978823334327,0.14259416616518047,1.0519364433622105,0.927363083360992,0.035633844651237916,0.035633844651237916,0.0013692273365320893
strong_only,0.09884959046625587,0.14208925548163484,1.0556744737070398,0.9224487597488813,0.03799320088636773,0.03799320088636773,0.0015648384783831825
strong_only,0.10595601792776159,0.14155192923904375,1.0596817776089063,0.9172243900305281,0.04049393496410626,0.04049393496410626,0.0017877400412593604
strong_only,0.11357333583431052,0.14098038861619142,1.0639777735920688,0.9116735648131395,0.043142419978244126,0.043142419978244126,0.002041595230372498
strong_only,0.12173827277396614,0.1403727746127417,1.0685832805814215,0.9057794508441038,0.045945010774963664,0.045945010774963664,0.0023305276059688925
strong_only,0.13049019780144022,0.13972717193554926,1.073520618231572,0.8995248483226669,0.04890798974372305,0.04890798974372305,0.0026591721898871793
strong_only,0.1398713102647238,0.13904161397384665,1.0788137142036813,0.8928922605309455,0.052037504335706156,0.052037504335706156,0.0030327307976422847
strong_only,0.14992684327860456,0.13831408898579253,1.0844882188061682,0.8858639770042529,0.05533949568603256,0.05533949568603256,0.0034570316236820107
strong_only,0.16070528182616384,0.1375425476218015,1.0905716274243558,0.8784221714574826,0.058819617761010703,0.058819617761010703,0.003938593020496027
strong_only,0.17225859653987866,0.13672491191078717,1.0970934111690984,0.8705490156508995,0.062483146522998655,0.062483146522998655,0.004484691303103059
strong_only,0.18464249428955434,0.13585908583334805,1.1040851561742284,0.8622268103082209,0.06633487870776529,0.06633487870776529,0.00510343227624869
strong_only,0.19791668678535562,0.1349429676003681,1.1115807119658365,0.8534381340850002,0.07037901994765797,0.07037901994765797,0.005803826019683709
strong_only,0.21214517849106299,0.13397446374579416,1.1196163493112614,0.8441660114182435,0.07461906215350504,0.07461906215350504,0.006595864274746276
strong_only,0.22739657523579276,0.1329515051277503,1.1282309279302114,0.8343940998609629,0.07905765029388959,0.07905765029388959,0.007490599551258106
strong_only,0.24374441501222205,0.13187206491191789,1.1374660744122753,0.8241068972102099,0.08369643898668348,0.08369643898668348,0.008500224816423058
strong_only,0.2612675225563328,0.13073417858451244,1.1473663706314814,0.8132899683669478,0.08853593964797933,0.08853593964797933,0.00963815233709355
strong_only,0.2800503894183631,0.12953596600855669,1.157979552876392,0.8019301914148096,0.09357535933002499,0.09357535933002499,0.010919089925140318
strong_only,0.3001835813575589,0.12827565549593148,1.169356721819734,0.7900160218683586,0.09881243282262313,0.09881243282262313,0.01235911248639509
strong_only,0.32176417502507354,0.1269516098184795,1.1815525633308315,0.777537773418157,0.10424325008946936,0.10424325008946936,0.013975726402904424
strong_only,0.3448962260405758,0.12556235402411398,1.1946255799822996,0.7644879127919101,0.10986208165648591,0.10986208165648591,0.015787923895118124
strong_only,0.36969127071950264,0.12410660485860027,1.2086383329146835,0.7508613655643145,0.11566120515402195,0.11566120515402195,0.017816224127641455
strong_only,0.3962688638701478,0.12258330152102603,1.2236576934931984,0.7366558288948944,0.12163073682479239,0.12163073682479239,0.020082697455520597
strong_only,0.42475715525368984,0.12099163740200068,1.2397551039136498,0.7218720862708489,0.12775847242560529,0.12775847242560529,0.022610968877940493
strong_only,0.4552935074866948,0.11933109236996989,1.2570068455834236,0.7065143184059505,0.1340297425485901,0.1340297425485901,0.025426196496869252
strong_only,0.48802515836544313,0.11760146508491802,1.2754943137118875,0.6905904035291464,0.14042728793665296,0.14042728793665296,0.02855502059754783
strong_only,0.5231099308056261,0.11580290473309454,1.2953042960858692,0.6741121994281403,0.14693116083253455,0.14693116083253455,0.032025478906790625
strong_only,0.5607169938205459,0.11393594149478214,1.3165292534741502,0.6570957988411504,0.15351865874096698,0.15351865874096698,0.0358668836769156
strong_only,0.6010276782070382,0.11200151498374182,1.3392675984943065,0.6395617491682666,0.16016429715526448,0.16016429715526448,0.04010965652120443
strong_only,0.644236350872137,0.11000099983650796,1.3636239690815688,0.6215352270604396,0.16683982775829295,0.16683982775829295,0.04478511742297443
strong_only,0.6905513520162327,0.10793622758725409,1.389709491919589,0.603046158299585,0.17351430830915562,0.17351430830915562,0.049925225082103696
strong_only,0.7401959996915641,0.10580950394466697,1.4176420303269017,0.5841292735660019,0.18015422983178953,0.18015422983178953,0.05556226677041898
strong_only,0.7934096665797492,0.10362362059618671,1.4475464101427074,0.5648240912525038,0.1867237057986909,0.1867237057986909,0.061728497150114296
strong_only,0.8504489341802677,0.10138186070651707,1.479554616128264,0.5451748194702958,0.19318472673351392,0.19318472673351392,0.06845572706267637
strong_only,0.9115888299750818,0.0990879973550191,1.5138059503066752,0.5252301708264271,0.19949748203803136,0.19949748203803136,0.07577486509751
strong_only,0.9771241535346497,0.0967462842725608,1.5504471425218656,0.5050430854417087,0.205620748900316,0.205620748900316,0.08371541675765937
strong_only,1.0473708979594498,0.09436143839297288,1.5896324023306805,0.48467036000138536,0.2115123459037422,0.2115123459037422,0.0923049481911302
strong_only,1.1226677735108135,0.09193861392561743,1.6315234001826142,0.46417218333895494,0.21712964649783253,0.21712964649783253,0.10156852366537993
strong_only,1.2033778407775892,0.08948336787954124,1.6762891647297373,0.4436115820663129,0.22243014490453755,0.22243014490453755,0.11152812812461196
strong_only,1.289890261253308,0.08700161721956698,1.7241058820946198,0.42305378296999446,0.22737206443306995,0.22737206443306995,0.12220208816386556
strong_only,1.382622173764655,0.08449958810140688,1.7751565820650734,0.40256550215579257,0.23191499569720886,0.23191499569720886,0.1336045064497897
strong_only,1.4820207057988586,0.08198375790528967,1.8296306955492931,0.38221417408298874,0.23602055001699962,0.23602055001699962,0.145744725883012
strong_only,1.5885651294280527,0.07946079105294888,1.8877234672890073,0.36206713651303724,0.23965301149019963,0.23965301149019963,0.15862684050656362
strong_only,1.7027691722258995,0.07693746983750983,1.9496352078746098,0.3421907898321094,0.24277996997739543,0.24277996997739543,0.17224927021309971
strong_only,1.8251834943190424,0.07442062170630771,2.0155703696209026,0.3226497510304059,0.24537291667785194,0.24537291667785194,0.18660441561389024
strong_only,1.9563983435170629,0.0719170446003895,2.0857364319332388,0.3035060236953619,0.24740778416877388,0.24740778416877388,0.20167840796709033
strong_only,2.0970464013232326,0.06943343206085181,2.1603425835055834,0.28481820559976073,0.24886541378513352,0.24886541378513352,0.2174509668299721
strong_only,2.247805833548725,0.0669762998535578,2.239598191120914,0.2666407547851333,0.24973193502827395,0.24973193502827395,0.23389537515831876
strong_only,2.4094035602395243,0.06455191583609533,2.3237110480325183,0.24902333345582642,0.24999904425465905,0.24999904425465905,0.25097857803485546
strong_only,2.5826187606826747,0.06216623469404233,2.4128853989346593,0.2320102465666193,0.249664173105652,0.249664173105652,0.2686614072220769
strong_only,2.7682866303920637,0.05982483901182851,2.507319743398593,0.2156399888185311,0.24873054084343088,0.24873054084343088,0.2868989294946072
strong_only,2.9673024081888695,0.057532887924817325,2.6072044253369757,0.199944910033217,0.2472070887694463,0.2472070887694463,0.30564091242789043
strong_only,3.180625692794119,0.05529507433512101,2.7127190225102304,0.18495100475235335,0.24510829900975964,0.24510829900975964,0.3248323972281275
strong_only,3.409285069746811,0.053115591378103774,2.824029557201458,0.17067782762316389,0.24245390393853045,0.24245390393853045,0.3444143644997751
strong_only,3.6543830709572545,0.05099810851500775,2.9412855568135026,0.15713853190911883,0.2392684961682335,0.2392684961682335,0.36432447575441407
strong_only,3.9171014908092565,0.04894575731548326,3.0646170010847853,0.1443400245195127,0.23558105217867825,0.23558105217867825,0.3844978711231308
strong_only,4.19870708444391,0.04696112669706963,3.1941312006332248,0.1322832274709299,0.2314243851397081,0.2314243851397081,0.40486800224965397
strong_only,4.500557675700498,0.04504626712013438,3.329909659327894,0.12096343282742317,0.22683454420439222,0.22683454420439222,0.42536747876379255
strong_only,4.8241087041653685,0.043202703007130666,3.472004980226406,0.11037073601785834,0.2218501784620376,0.2218501784620376,0.4459289070580664
strong_only,5.170920242896756,0.04143145247188572,3.620437881143221,0.10049053105129573,0.21651188384691247,0.21651188384691247,0.4664857012548793
strong_only,5.542664520663101,0.03973305331224078,3.7751943909578345,0.09130405054733437,0.2108615506506418,0.2108615506506418,0.4869728481513821
strong_only,5.941133984965034,0.03810759413873686,3.9362233011588383,0.0827889336255854,0.2049417279758251,0.2049417279758251,0.5073276104227644
strong_only,6.3682499447185865,0.03655474948117116,4.103433948501354,0.07491980547629344,0.198795019617806,0.198795019617806,0.5274901552880946
strong_only,6.826071834272386,0.0350738177292875,4.276694403721734,0.06766885375415653,0.19246352361197705,0.19246352361197705,0.5474040990218894
strong_only,7.316807143427193,0.03366376081725871,4.455830137763399,0.06100638867358313,0.1859883251839874,0.1859883251839874,0.5670169609584422
strong_only,7.842822061337682,0.03232324464644044,4.640623230765869,0.05490137570328468,0.17940905023479578,0.17940905023479578,0.5862805238271238
strong_only,8.406652885618325,0.031050679349025875,4.830812180111152,0.04932193193124715,0.17276348391420443,0.17276348391420443,0.605151100240344
strong_only,9.01101825166502,0.02984425861867869,5.02609235218593,0.044235779378566,0.1660872563987021,0.1660872563987021,0.6235897078240298
strong_only,9.658832241158699,0.028701997465416188,5.226117108425608,0.039610650679493466,0.15941359578181957,0.15941359578181957,0.6415621577568674
strong_only,10.353218432956616,0.027621767884332155,5.430499620014699,0.0354146445327598,0.15277314607215645,0.15277314607215645,0.6590390633229273
strong_only,11.097524964120721,0.026601332055630002,5.638815367828674,0.03161653010466837,0.14619384671476354,0.14619384671476354,0.6759957764658046
strong_only,11.895340673703195,0.025638372812586643,5.850605305433445,0.028186001088056557,0.13970086882158395,0.13970086882158395,0.6924122612687754
strong_only,12.75051240713013,0.024730521221377647,6.0653796439331185,0.02509388137291134,0.13331660241181595,0.13331660241181595,0.7082729138034568
strong_only,13.66716356462006,0.02387538121024311,6.2826221989555675,0.022312285261352937,0.12706068840307186,0.12706068840307186,0.7235663379325034
strong_only,14.649713983072848,0.023070551264324814,6.501795222897545,0.019814735872617055,0.12095008882665594,0.12095008882665594,0.7382850864740711
strong_only,15.702901247293775,0.022313643266601922,6.722344630493998,0.017576245853800583,0.11499918872516122,0.11499918872516122,0.752425376695877
strong_only,16.831803533309568,0.021602298615275795,6.943705513538702,0.015573364767594012,0.10921992338362833,0.10921992338362833,0.7659867884651492
strong_only,18.04186409392072,0.020934201784798472,7.1653078317475485,0.013784197601183292,0.10362192490179052,0.10362192490179052,0.7789719525952357
strong_only,19.338917504552303,0.02030709152289465,7.386582161748115,0.012188398764457745,0.09821268259101515,0.09821268259101515,0.791386236053512
strong_only,20.729217795953698,0.019718769890982882,7.606965385228868,0.010767145753533087,0.09299771223573555,0.09299771223573555,0.8032374297749958
strong_only,22.21946860939524,0.0191671093619824,7.825906200416541,0.009503096378078318,0.08798072986032042,0.08798072986032042,0.814535443901281
strong_only,23.81685551976158,0.0186500581892083,8.04287034808268,0.008380333115588771,0.08316382625893808,0.08316382625893808,0.8252920143665351
strong_only,25.529080682395165,0.018165644254399465,8.257345453832285,0.00738429778631088,0.07854763915398438,0.07854763915398438,0.8355204239057205
strong_only,27.364399970746693,0.0177119775932545,8.468845401945776,0.006501719358778686,0.07413152042965278,0.07413152042965278,0.8452352397819158
strong_only,29.331662783900423,0.017287251784347937,8.676914171853019,0.0057205373136448535,0.06991369642772952,0.06991369642772952,0.854452069830896
strong_only,31.440354715915,0.016889744372973647,8.881129085649427,0.005029822624777645,0.06589141978380997,0.06589141978380997,0.8631873378076024
strong_only,33.700643292719285,0.016517816486141517,9.081103433123277,0.004419698070187166,0.0620611117187073,0.0620611117187073,0.8714580784923982
strong_only,36.123426997094306,0.01616991177930215,9.276488458768425,0.0038812592670966007,0.058418494079899894,0.058418494079899894,0.8792817525731037
strong_only,38.72038781812553,0.015844554839903546,9.466974712488238,0.003406497538818885,0.05495871075189901,0.05495871075189901,0.886676080957383
strong_only,41.504047578504725,0.015540349157977031,9.65229278153016,0.0029882254675249287,0.05167643832477264,0.05167643832477264,0.8936588978829297
strong_only,44.487828311275855,0.015255974759872623,9.832213435128441,0.002620005766460333,0.04856598613035,0.04856598613035,0.9002480219728397
strong_only,47.68611697714469,0.01499018558819517,10.006547225014051,0.002296083916527355,0.045621385930359956,0.045621385930359956,0.9064611442227528
strong_only,51.11433483440165,0.014741806699028689,10.175143594162256,0.002011324853442848,0.042836471674846575,0.042836471674846575,0.912315731796864
strong_only,54.789011795939395,0.014509731336721527,10.337889552811836,0.0017611538604505358,0.04020494984778685,0.04020494984778685,0.9178289464439758
strong_only,58.72786613189477,0.014292917936833462,10.494707984955513,0.0015415017150548459,0.03772046098492802,0.03772046098492802,0.9230175763150892
strong_only,62.94988990221888,0.014090387099283636,10.645555650321777,0.0013487540535970465,0.035376632991293934,0.035376632991293934,0.9278979799638151
strong_only,67.47544053110693,0.013901218566223394,10.79042094658261,0.0011797048518732418,0.033167126907013074,0.033167126907013074,0.9324860413341006
strong_only,72.32633896483533,0.013724548232620913,10.92932149442089,0.0010315138706841573,0.03108567577417981,0.03108567577417981,0.9367971345809563
strong_only,77.52597488629456,0.013559565211899308,11.062301604506187,0.0009016678796696103,0.029126117247935297,0.029126117247935297,0.9408460976244598
strong_only,83.09941949353387,0.013405508974134832,11.189429680694442,0.0007879454487062201,0.027282420575024575,0.027282420575024575,0.9446472134012446
strong_only,89.0735463861044,0.013261666570208929,11.310795608220214,0.0006883850814607875,0.025548708535416586,0.025548708535416586,0.948214197847706
strong_only,95.47716114208056,0.013127369951837631,11.42650816959739,0.0006012564585714905,0.023919274909477824,0.023919274909477824,0.9515601937224728
strong_only,102.34114021054528,0.01300199339449412,11.53669252466469,0.0005250345567884759,0.022388597996529556,0.022388597996529556,0.9546977694501525
strong_only,109.69857978923841,0.012884951027824982,11.641487784941969,0.0004583764138909689,0.020951350671968134,0.020951350671968134,0.9576389222421727
strong_only,117.58495540521558,0.012775694476170241,11.741044706398252,0.0004001003161633672,0.019602407430700956,0.019602407430700956,0.9603950848224347
strong_only,126.03829296797274,0.012673710610173557,11.835523519022962,0.0003491671947052267,0.018336848825442745,0.018336848825442745,0.9629771351544092
strong_only,135.09935211980252,0.012578519409158164,11.925091906348536,0.00030466402808407517,0.017149963670153295,0.017149963670153295,0.9653954086316093
strong_only,144.8118227674533,0.012489671932898959,12.009923143368244,0.0002657890611800096,0.0160372493421364,0.0160372493421364,0.9676597122545473
strong_only,155.2225357427048,0.012406748400601346,12.09019439716611,0.0002318386630091733,0.01499441048145097,0.01499441048145097,0.9697793403740889
strong_only,166.38168860761274,0.012329356374265911,12.166085191039096,0.0002021956594507625,0.01401735635356155,0.01401735635356155,0.9717630916334261
strong_only,178.34308769319094,0.012257129043144284,12.237776029934082,0.00017631898983298323,0.013102197110732744,0.013102197110732744,0.9736192867887016
strong_only,191.16440753856998,0.012189723605648819,12.305447182616081,0.00015373454902764725,0.012245239159616438,0.012245239159616438,0.9753557871317394
strong_only,204.9074689815846,0.012126819744843429,12.369277614090294,0.0001340270888942907,0.011442979816791248,0.011442979816791248,0.9769800132775233
strong_only,219.6385372416547,0.012068118193496267,12.429444060370388,0.0001168330644877746,0.010692101410647812,0.010692101410647812,0.9784989641142167
strong_only,235.42864143224153,0.012013339384599808,12.48612023666697,0.0001018343213241315,0.009989464966881105,0.009989464966881105,0.9799192357449137
strong_only,252.3539170434766,0.0119622221832464,12.539476169409506,8.875253014667849e-05,0.00933210359584731,0.00933210359584731,0.9812470402781587
strong_only,270.49597304631317,0.011914522695775866,12.589677642158547,7.734428503193936e-05,0.008717215683035785,0.008717215683035785,0.9824882243488965
strong_only,289.94228538828753,0.011870013152176204,12.636885745362425,6.739678932605995e-05,0.008142157968762831,0.008142157968762831,0.9836482872731482
strong_only,310.7866187782014,0.011828480857810852,12.681256520016142,5.872406182477927e-05,0.007604438589768834,0.007604438589768834,0.9847323987586376
strong_only,333.129478793467,0.01178972721065939,12.722940685547092,5.1163602831722364e-05,0.007101710143553179,0.007101710143553179,0.985745416110062
strong_only,357.07859649004627,0.011753566780387472,12.762083442644553,4.4573466285966634e-05,0.0066317628258705805,0.0066317628258705805,0.9866919008819728
strong_only,382.74944785163075,0.011719826445701523,12.798824342233791,3.882969008031912e-05,0.006192517682705049,0.006192517682705049,0.9875761349445096
strong_only,410.26581058271904,0.011688344586590651,12.833297212343155,3.382404203883928e-05,0.005782020010103487,0.005782020010103487,0.9884021359377542
strong_only,439.7603609302721,0.01165897032820919,12.865630135199075,2.9462043829244667e-05,0.005398432928371734,0.005398432928371734,0.9891736720994274
strong_only,471.3753134116719,0.011631562833305928,12.895945467490282,2.5661239396104835e-05,0.005040031151196206,0.005040031151196206,0.9898942764582116
strong_only,505.26310653356796,0.011605990640258409,12.924359897352133,2.2349678356372304e-05,0.004705194965152804,0.004705194965152804,0.990567260391338
strong_only,541.5871378079465,0.011582131043921274,12.950984532222634,1.9464588240335692e-05,0.004392404430705682,0.004392404430705682,0.9911957265503483
strong_only,580.5225516094896,0.011559869516645113,12.975925012303492,1.6951212526957046e-05,0.0041002338120932685,0.0041002338120932685,0.9917825811632865
strong_only,622.2570836730231,0.011539099166965999,12.999281644915426,1.476179414892366e-05,0.003827346240371144,0.003827346240371144,0.9923305457251087
strong_only,666.9919663030115,0.011519720233605013,13.02114955556161,1.2854686563232885e-05,0.0035724886112581743,0.0035724886112581743,0.9928421680909204
strong_only,714.9428986597577,0.011501639612551016,13.041618852003886,1.1193576628850347e-05,0.0033344867172501605,0.0033344867172501605,0.9933198329888708
strong_only,766.3410868007447,0.011484770415128853,13.0607747981105,9.746805432533112e-06,0.0031122406116678484,0.0031122406116678484,0.9937657719712317
strong_only,821.4343584919421,0.011469031555078134,13.078697994651922,8.486774883408168e-06,0.0029047202008407966,0.0029047202008407966,0.994182072823435
strong_only,880.4883581643464,0.011454347362785373,13.095464564602155,7.389429380132349e-06,0.0027109610594517166,0.0027109610594517166,0.9945706884517165
strong_only,943.7878277775371,0.011440647224924095,13.111146340848316,6.433803162969683e-06,0.0025300604631364205,0.0025300604631364205,0.9949334452705642
strong_only,1011.6379797662071,0.011427865247863675,13.125811054522279,5.6016251163588395e-06,0.0023611736317170483,0.0023611736317170483,0.9952720511114496
strong_only,1084.3659686896087,0.01141593994330845,13.139522522446674,4.876973803019407e-06,0.0022035101759104105,0.0022035101759104105,0.9955881026743761
strong_only,1162.322468679852,0.011404813934723852,13.152340832435684,4.245976404064953e-06,0.0020563307399704923,0.0020563307399704923,0.9958830925436549
strong_only,1245.883364295008,0.011394433683196393,13.16432252541064,3.6965460250281042e-06,0.0019189438324722365,0.0019189438324722365,0.9961584157890306
strong_only,1335.4515629298974,0.011384749231459313,13.175520773484159,3.2181525177075507e-06,0.0017907028372997232,0.0017907028372997232,0.9964153761728829
strong_only,1431.4589375234787,0.011375713964895812,13.185985553336108,2.8016225735247255e-06,0.0016710031968497933,0.0016710031968497933,0.9966551919837269
strong_only,1534.36840893001,0.011367284388407228,13.195763814352658,2.4389653755797404e-06,0.0015592797594848674,0.0015592797594848674,0.9968790015156547
strong_only,1644.6761779946628,0.01135941991810453,13.204899641127932,2.123220562666932e-06,0.0014550042833528043,0.0014550042833528043,0.9970878682127317
strong_only,1762.914118095948,0.01135208268684827,13.213434410038214,1.848325666994182e-06,0.0013576830888263165,0.0013576830888263165,0.9972827854966804
strong_only,1889.6523396912078,0.011345237362724778,13.221406939693555,1.6090005451844896e-06,0.0012668548519884578,0.0012668548519884578,0.9974646812954778
strong_only,2025.5019392306665,0.011338850979605384,13.228853635152044,1.400646635464758e-06,0.0011820885317961583,0.0011820885317961583,0.9976344222897723
strong_only,2171.117945694501,0.01133289277899057,13.235808625850302,1.2192591481866521e-06,0.0011029814237834316,0.0011029814237834316,0.997792817893285
strong_only,2327.2024789604075,0.01132733406239293,13.242303897260719,1.0613505367585657e-06,0.0010291573334127056,0.0010291573334127056,0.9979406239826379
strong_only,2494.5081352303164,0.011322148053561276,13.248369416333405,9.238838059149848e-07,0.0009602648624427002,0.0009602648624427002,0.9980785463913088
strong_only,2673.841615839944,0.011317309769893839,13.254033250819736,8.042143977183421e-07,0.0008959758019487332,0.0008959758019487332,0.9982072441817047
strong_only,2866.0676169482504,0.011312795902431158,13.259321682605844,7.000395560466603e-07,0.000835983625903403,0.000835983625903403,0.9983273327086372
strong_only,3072.1129988617527,0.01130858470385913,13.264259315209575,6.093542104380168e-07,0.0007800020794990721,0.0007800020794990721,0.9984393864867914
strong_only,3292.971255097148,0.011304655883990189,13.268869175613924,5.304125425612e-07,0.0007277638566654286,0.0007277638566654286,0.9985439418741265
strong_only,3529.70730273065,0.011300990512225474,13.2731728106248,4.6169450547644283e-07,0.0006790193615045073,0.0006790193615045073,0.9986414995824855
strong_only,3783.462617131925,0.01129757092653365,13.277190377951749,4.0187665918121306e-07,0.0006335355486291615,0.0006335355486291615,0.9987325270260825
strong_only,4055.4607358408275,0.011294380648512643,13.280940732217442,3.4980676740865163e-07,0.0005910948376488306,0.0005910948376488306,0.998817460517935
strong_only,4347.013158125017,0.01129140430412921,13.284441506106177,3.0448167175158436e-07,0.0005514940972966835,0.0005514940972966835,0.9988967073237349
strong_only,4659.525668664677,0.011288627549758038,13.287709186863474,2.6502802123135287e-07,0.0005145436949345407,0.0005145436949345407,0.9989706475821097
strong_only,4994.50511585514,0.01128603700316711,13.29075918835874,2.3068548956257224e-07,0.00048006660740575684,0.00048006660740575684,0.9990396360996989
strong_only,5353.5666774107185,0.011283620179119458,13.2936059189211,2.0079215958395956e-07,0.0004478975894308427,0.0004478975894308427,0.9991040040289788
strong_only,5738.441648302392,0.01128136542928334,13.29626284515534,1.7477179550852875e-07,0.0004178823959561385,0.0004178823959561385,0.9991640604362922
strong_only,6150.985788580504,0.011279261886163286,13.29874255194047,1.521227595599043e-07,0.0003898770550719253,0.0003898770550719253,0.9992200937670966
strong_only,6593.188271333542,0.01127729941078355,13.301056798808354,1.3240836087556455e-07,0.00036374718831303046,0.00036374718831303046,0.999272373215013
strong_only,7067.181273927491,0.011275468543873379,13.303216572893882,1.1524845185826643e-07,0.0003393673753424479,0.0003393673753424479,0.9993211500008632
strong_only,7575.250258771905,0.011273760460320144,13.305232138641733,1.0031211095527463e-07,0.00031662056019662513,0.00031662056019662513,0.9993666585674958
strong_only,8119.844993184009,0.011272166926671958,13.30711308444814,8.731127158854422e-08,0.00029539749644032107,0.00029539749644032107,0.9994091176958477
strong_only,8703.591361485165,0.011270680261485989,13.308868366408893,7.599517503790026e-08,0.0002755962287393425,0.0002755962287393425,0.9994487315473463
strong_only,9329.304026284677,0.011269293298332143,13.310506349337807,6.61455408344132e-08,0.00025712160851136225,0.00025712160851136225,0.9994856906374364
strong_only,10000.0,0.011267999351274626,13.312034845212528,5.757236195009585e-08,0.00023988484145873282,0.00023988484145873282,0.9995201727447206
single_site,0.01,0.14947095435684646,1.0035394545075995,0.995850622406639,0.004149377593360997,3.10748841005852e-82,1.2947868375243919e-84
single_site,0.010718913192051276,0.1494330896793866,1.003793740207271,0.9955536445442085,0.004446355455791519,3.3298965290553295e-82,1.487202993060728e-84
single_site,0.011489510001873092,0.14939252792966218,1.0040662814851344,0.9952355131738209,0.004764486826179127,3.568146609727048e-82,1.7081773400253456e-84
single_site,0.012315506032928256,0.14934907891804725,1.004358386986169,0.9948947366121353,0.005105263387864722,3.823355780748648e-82,1.9619400493267214e-84
single_site,0.01320088400831418,0.14930253932765664,1.0046714588746057,0.9945297202169148,0.005470279783085287,4.096718277197322e-82,2.2533459496676355e-84
single_site,0.01414991297434576,0.1492526918504384,1.0050069994738215,0.9941387596112817,0.0058612403887181985,4.389510514938666e-82,2.5879663244315573e-84
single_site,0.015167168884709226,0.1491993042727169,1.005366618371219,0.9937200335115052,0.006279966488494958,4.703096461931631e-82,2.9721940966330687e-84
single_site,0.01625755666443794,0.14914212850819705,1.0057520400197038,0.9932715961427221,0.006728403857277938,5.038933318128918e-82,3.4133643311585883e-84
single_site,0.0174263338600965,0.14908089957652837,1.0061651118693433,0.9927913692276735,0.00720863077232656,5.398577515152517e-82,3.9198922561940497e-84
single_site,0.01867913599020783,0.14901533452564536,1.0066078130649379,0.9922771335344734,0.0077228664655266815,5.783691046207093e-82,4.501431315726943e-84
single_site,0.020022003718155844,0.1489451312962681,1.007082263747404,0.9917265199707301,0.008273480029269873,6.196048135735456e-82,5.169054117148712e-84
single_site,0.021461411978584036,0.14886996752715806,1.0075907349992252,0.9911370002130044,0.008862999786995526,6.637542257062045e-82,5.935459537669488e-84
single_site,0.02300430119772918,0.14878949929999685,1.0081356594766306,0.9905058768627205,0.009494123137279563,7.110193504676414e-82,6.815209706487875e-84
single_site,0.024658110758226028,0.14870335982309246,1.008719642773708,0.989830273122294,0.0101697268777061,7.616156325829705e-82,7.825001093094754e-84
single_site,0.026430814869741057,0.14861115805353267,1.0093454755662898,0.9891071219884916,0.010892878011508443,8.157727613679518e-82,8.983974513122301e-84
single_site,0.02833096101839324,0.14851247725790628,1.010016146586192,0.9883331549639709,0.011666845036029128,8.737355161269795e-82,1.0314069519907658e-83
single_site,0.030367711180354574,0.1484068735123152,1.0107348564792222,0.9875048902926685,0.01249510970733143,9.35764647210407e-82,1.1840429391363418e-83
single_site,0.032550885998350584,0.14829387414311523,1.0115050326032902,0.9866186207303156,0.013381379269684326,1.0021377918865162e-81,1.3591863757640522e-83
single_site,0.034891012134067735,0.14817297611066593,1.0123303448259655,0.9856704008679683,0.014329599132031566,1.0731504236881187e-81,1.560137685607579e-83
single_site,0.03739937302478798,0.14804364433935874,1.0132147223838717,0.9846560340341863,0.015343965965813711,1.1491168333146698e-81,1.7906770457583262e-83
single_site,0.04008806328898465,0.14790530999833826,1.0141623718694432,0.9835710588104963,0.016428941189503724,1.2303711384955767e-81,2.055133169539642e-83
single_site,0.04297004704320839,0.147757368738663,1.0151777964136837,0.9824107352052,0.017589264794800157,1.3172683194401172e-81,2.3584617356196307e-83
single_site,0.04605922041145106,0.14759917889417565,1.0162658161367257,0.9811700305425543,0.018829969457445736,1.4101852756035133e-81,2.7063347679169608e-83
single_site,0.049370478528390035,0.147430059655103,1.017431589941082,0.9798436051380629,0.02015639486193711,1.509521898470993e-81,3.1052424365248968e-83
single_site,0.05291978735958442,0.1472492892253888,1.0186806387255343,0.9784257978461867,0.021574202153813376,1.6157021538965709e-81,3.5626089341928474e-83
single_site,0.05672426068491978,0.1470561029770142,1.0200188701005217,0.9769106115844253,0.02308938841557473,1.729175166211374e-81,4.0869242874193124e-83
single_site,0.06080224261649421,0.14684969161708814,1.021452604688652,0.9752916989575541,0.02470830104244591,1.8504162948314656e-81,4.687894187494088e-83
single_site,0.06517339604882423,0.14662919938632157,1.0229886040964966,0.9735623481280123,0.026437651871987634,1.9799281924308254e-81,5.37661017639705e-83
single_site,0.0698587974678525,0.1463937223106508,1.0246341006460413,0.9717154691031434,0.02828453089685658,2.1182418318967497e-81,6.1657427967669826e-83
single_site,0.07488103857590023,0.14614230653125818,1.026396828956006,0.9697435806373189,0.03025641936268111,2.265917487235585e-81,7.069760615478798e-83
single_site,0.08026433522257174,0.14587394674206788,1.0282850594645783,0.9676387979770031,0.03236120202299696,2.4235456513508315e-81,8.105178357801115e-83
single_site,0.086034644166845,0.14558758476797132,1.03030763398583,0.9653928217095791,0.034607178290420926,2.5917478711596867e-81,9.290837744391975e-83
single_site,0.09221978823334327,0.14528210832155933,1.032474003392065,0.96299692801223,0.03700307198777,2.771177477859205e-81,1.0648225006882816e-82
single_site,0.09884959046625587,0.14495634998099427,1.0347942675134068,0.9604419606352491,0.039558039364750906,2.962520187299536e-81,1.2201829469274118e-82
single_site,0.10595601792776159,0.14460908643681586,1.0372792173439225,0.9577183249946343,0.04228167500536562,3.1664945423925826e-81,1.3979548020912747e-82
single_site,0.11357333583431052,0.14423903806090138,1.039940379640262,0.9548159847913835,0.04518401520861661,3.383852166294568e-81,1.6013140770675944e-82
single_site,0.12173827277396614,0.14384486885643108,1.0427900639939562,0.9517244616190674,0.04827553838093256,3.6153777917948257e-81,1.83387436582693e-82
single_site,0.13049019780144022,0.1434251868534647,1.0458414124518638,0.9484328380663898,0.051567161933610224,3.8618890289642013e-81,2.0997444303197792e-82
single_site,0.1398713102647238,0.1429785450204981,1.0491084517505425,0.9449297648666517,0.05507023513334844,4.124235829727565e-81,2.403592788936248e-82
single_site,0.14992684327860456,0.1425034427680114,1.0526061482191178,0.9412034726902855,0.058796527309714575,4.403299604715731e-81,2.750720040604016e-82
single_site,0.16070528182616384,0.1419983281253579,1.0563504653912412,0.9372417892184933,0.06275821078150673,4.699991944613017e-81,3.1471397084988667e-82
single_site,0.17225859653987866,0.141461600677172,1.0603584243494697,0.9330321621738982,0.06696783782610172,5.015252895380192e-81,3.599668437711375e-82
single_site,0.18464249428955434,0.14089161534953823,1.0646481668044245,0.9285616890159861,0.07143831098401397,5.350048734349213e-81,4.1160264286705027e-82
single_site,0.19791668678535562,0.14028668713916392,1.0692390208858558,0.9238171540326583,0.07618284596734168,5.705369192419858e-81,4.704949031045694e-82
single_site,0.21214517849106299,0.13964509688039795,1.0741515695926704,0.9187850735717487,0.08121492642825133,6.082224066649188e-81,5.376310459341216e-82
single_site,0.22739657523579276,0.13896509814474367,1.0794077218134481,0.9134517501548524,0.08654824984514768,6.481639167641963e-81,6.14126061931653e-82
single_site,0.24374441501222205,0.13824492536510388,1.0850307857872616,0.9078033361968934,0.09219666380310655,6.904651547562646e-81,7.012376051349455e-82
single_site,0.2612675225563328,0.1374828032719032,1.0910455448260041,0.9018259080149271,0.09817409198507288,7.352303957580502e-81,8.003826000325715e-82
single_site,0.2800503894183631,0.1366769577199664,1.0974783350631114,0.8955055507448346,0.10449444925516531,7.8256384884185585e-81,9.131554608870658e-82
single_site,0.3001835813575589,0.13582562797310016,1.1043571249286404,0.8888284546909818,0.11117154530901822,8.325689354683344e-81,1.0413480198997434e-81
single_site,0.32176417502507354,0.13492708049722235,1.111711595976376,0.8817810235076263,0.11821897649237377,8.8534747931068e-81,1.1869712553788657e-81
single_site,0.3448962260405758,0.1339796242921705,1.1195732246038677,0.874349994448396,0.12565000555160402,9.409988057007083e-81,1.352278903311935e-81
single_site,0.36969127071950264,0.1329816277665879,1.1279753641103198,0.8665225707183365,0.13347742928166342,9.996187504381963e-81,1.5397930253522611e-81
single_site,0.3962688638701478,0.13193153712926006,1.1369533264289746,0.8582865657196869,0.141713434280313,1.061298579527362e-80,1.7523315930679428e-81
single_site,0.42475715525368984,0.13082789623379792,1.1465444627492922,0.8496305586964542,0.15036944130354576,1.1261238235473535e-80,1.993038132305818e-81
single_site,0.4552935074866948,0.12966936777170393,1.1567882421088858,0.8405440609545406,0.15945593904545938,1.1941730328220248e-80,2.2654134527481404e-81
single_site,0.48802515836544313,0.1284547556618894,1.167726326885247,0.8310176914657993,0.1689823085342008,1.2655164623126376e-80,2.57334946639255e-81
single_site,0.5231099308056261,0.12718302843323603,1.1794026439521497,0.8210433602606748,0.17895663973932519,1.3402146981820509e-80,2.9211650751278973e-81
single_site,0.5607169938205459,0.12585334334171996,1.1918634500850442,0.8106144575821175,0.18938554241788258,1.4183172412118811e-80,3.31364408240076e-81
single_site,0.6010276782070382,0.1244650709062502,1.2051573900036843,0.7997260463235311,0.2002739536764689,1.4998610656257762e-80,3.756075057942541e-81
single_site,0.644236350872137,0.1230178194893884,1.219335545229194,0.7883750548187326,0.2116249451812674,1.5848691752764254e-80,4.254293058707564e-81
single_site,0.6905513520162327,0.12151145949261444,1.2344514717076303,0.7765604666087407,0.22343953339125933,1.6733491824729555e-80,4.814723084799852e-81
single_site,0.7401959996915641,0.1199461466832184,1.250561223914552,0.7642835033977914,0.23571649660220853,1.7652919378148293e-80,5.444425127742871e-81
single_site,0.7934096665797492,0.11832234412402734,1.267723362907412,0.7515477970511948,0.2484522029488052,1.860670242091759e-80,6.151140651637163e-81
single_site,0.8504489341802677,0.11664084214098573,1.2859989455382403,0.7383595462038097,0.2616404537961903,1.9594376734356074e-80,6.943340337358265e-81
single_site,0.9115888299750818,0.11490277574021845,1.3054514917823412,0.7247276528644585,0.2752723471355414,2.061527564283269e-80,7.830272917859963e-81
single_site,0.9771241535346497,0.11310963887860814,1.3261469268855455,0.7106638343420246,0.2893361656579753,2.1668521631569922e-80,8.822014940664531e-81
single_site,1.0473708979594498,0.11126329500290376,1.3481534947898612,0.6961827059051275,0.3038172940948724,2.2753020156221816e-80,9.929521313462867e-81
single_site,1.1226677735108135,0.10936598330419041,1.3715416390742832,0.6813018298367876,0.3186981701632125,2.3867455969145994e-80,1.116467652177034e-80
single_site,1.2033778407775892,0.10742032018878342,1.3963838474544283,0.6660417269708504,0.3339582730291495,2.5010292255438257e-80,1.2540346454818966e-80
single_site,1.289890261253308,0.10542929554389072,1.4227544557343104,0.6504258474030644,0.3495741525969356,2.617977282638978e-80,1.407043083774302e-80
single_site,1.382622173764655,0.10339626347625767,1.450729407010377,0.6344804978530014,0.3655195021469985,2.737392755938915e-80,1.5769916344433005e-80
single_site,1.4820207057988586,0.1013249273227485,1.4803859619085404,0.6182347240999884,0.38176527590001164,2.859058120235244e-80,1.7654930555295632e-80
single_site,1.5885651294280527,0.0992193188704127,1.5118023557076659,0.6017201480032368,0.39827985199676325,2.9827365579358865e-80,1.9742797025862777e-80
single_site,1.7027691722258995,0.09708377187571185,1.5450573983881912,0.5849707598095047,0.41502924019049514,3.1081735144829295e-80,2.2052091843294185e-80
single_site,1.8251834943190424,0.09492289013280288,1.5802300139633434,0.5680226677082578,0.43197733229174223,3.2350985739460934e-80,2.4602702165255895e-80
single_site,1.9563983435170629,0.09274151050267732,1.6173987159252674,0.5509138078641358,0.4490861921358642,3.3632276306026853e-80,2.7415887355757113e-80
single_site,2.0970464013232326,0.09054466147157401,1.656641016291078,0.5336836193848943,0.4663163806151056,3.492265323118316e-80,3.0514343451296756e-80
single_site,2.247805833548725,0.08833751795120941,1.6980327665856314,0.5163726898134072,0.4836273101865927,3.621907689474232e-80,3.3922271804063686e-80
single_site,2.4094035602395243,0.08612535315808689,1.7416474301669145,0.49902237771048547,0.5009776222895146,3.751844993461617e-80,3.766545285297279e-80
single_site,2.5826187606826747,0.08391348850821459,1.7875552866011042,0.48167441967227126,0.5183255803277288,3.881764667747699e-80,4.177132606450286e-80
single_site,2.7682866303920637,0.08170724253190015,1.8358225703362463,0.46437052966196196,0.5356294703380381,4.0113543144986084e-80,4.626907716080071e-80
single_site,2.9673024081888695,0.07951187984733957,1.8865105477067767,0.44715199880266326,0.5528480011973367,4.140304702549897e-80,5.118973381046636e-80
single_site,3.180625692794119,0.0773325612296694,1.9396745383166103,0.43005930376211293,0.5699406962378871,4.2683127002315786e-80,5.6566270996818405e-80
single_site,3.409285069746811,0.07517429577411602,1.995362889074751,0.41313173156169436,0.5868682684383055,4.395084085191602e-80,6.243372729969049e-80
single_site,3.6543830709572545,0.07304189607986242,2.053615911558392,0.39640702807735234,0.6035929719226476,4.52033617678813e-80,6.882933333121048e-80
single_site,3.9171014908092565,0.07093993727901934,2.1144647959022493,0.379921076698191,0.6200789233018091,4.643800242631446e-80,7.579265355596685e-80
single_site,4.19870708444391,0.06887272060785635,2.1779305169903425,0.363707612610638,0.6362923873893621,4.765223638322397e-80,8.336574270493339e-80
single_site,4.500557675700498,0.06684424207155647,2.2440227512704185,0.34779797703181536,0.6522020229681847,4.8843716480108085e-80,9.159331796428627e-80
single_site,4.8241087041653685,0.06485816659618673,2.3127388249179877,0.33222091447989593,0.667779085520104,5.001029002646961e-80,1.0052294808938878e-79
single_site,5.170920242896756,0.06291780789952155,2.384062716227287,0.3170024148982082,0.6829975851017919,5.1150010623222885e-80,1.1020526056500078e-79
single_site,5.542664520663101,0.06102611415274196,2.457964136870418,0.30216560119797614,0.6978343988020238,5.226114658465952e-80,1.2069416790998784e-79
single_site,5.941133984965034,0.05918565935417985,2.5343977179060793,0.28773066160141053,0.7122693383985895,5.334218600531881e-80,1.320471142118853e-79
single_site,6.3682499447185865,0.05739864019949768,2.6133023270002953,0.27371482509409945,0.7262851749059006,5.4391838598359406e-80,1.443253429779777e-79
single_site,6.826071834272386,0.055666878114182035,2.694600543115154,0.2601323773661336,0.7398676226338664,5.540903450172669e-80,1.5759418740686203e-79
single_site,7.316807143427193,0.053991826016840244,2.7781983138191038,0.24699471385757052,0.7530052861424296,5.639292030555049e-80,1.7192338422098762e-79
single_site,7.842822061337682,0.052374579307105255,2.8639848182923857,0.23431042593808046,0.7656895740619196,5.734285259811126e-80,1.8738741225687637e-79
single_site,8.406652885618325,0.05081589052029508,2.951832556001204,0.22208541584545158,0.7779145841545485,5.825838935804584e-80,2.0406585708679082e-79
single_site,9.01101825166502,0.04931618706160168,3.0415976768972928,0.2103230357772681,0.7896769642227318,5.9139279537698224e-80,2.2204380304354772e-79
single_site,9.658832241158699,0.04787559142381741,3.133120563924296,0.199024246461313,0.800975753538687,5.99854511877119e-80,2.4141225413846158e-79
single_site,10.353218432956616,0.04649394330212682,3.2262266726930515,0.1881877906049162,0.8118122093950838,6.07969984673255e-80,2.6226858550014848e-79
single_site,11.097524964120721,0.045170823044477566,3.3207276265987473,0.1778103768194319,0.8221896231805681,6.157416787018695e-80,2.8471702711848064e-79
single_site,11.895340673703195,0.04390557591347917,3.4164225586197006,0.16788686990964052,0.8321131300903595,6.231734397348217e-80,3.0886918185203917e-79
single_site,12.75051240713013,0.042697336682552725,3.513099683833301,0.15841048378472725,0.8415895162152728,6.302703499074383e-80,3.348445798475463e-79
single_site,13.66716356462006,0.04154505414221416,3.610538079611844,0.14937297366442479,0.8506270263355752,6.3703858377450945e-80,3.627712717258353e-79
single_site,14.649713983072848,0.04044751514915731,3.7085096438396445,0.14076482469927298,0.859235175300727,6.434852670515592e-80,3.927864631094296e-79
single_site,15.702901247293775,0.039403367908817634,3.806781195635645,0.13257543457896181,0.8674245654210382,6.496183398586688e-80,4.250371933013195e-79
single_site,16.831803533309568,0.038411144239280846,3.9051166782634845,0.12479328815122234,0.8752067118487776,6.554464259476015e-80,4.596810611733261e-79
single_site,18.04186409392072,0.037469280619129165,4.003279420406609,0.1174061225029738,0.8825938774970262,6.609787090716704e-80,4.968870015852581e-79
single_site,19.338917504552303,0.036576137872822795,4.101034409963077,0.1104010813554729,0.8895989186445271,6.66224817358516e-80,5.3683611593257645e-79
single_site,20.729217795953698,0.035730019393631754,4.198150534078211,0.10376485798926863,0.8962351420107314,6.71194716273011e-80,5.797225607131998e-79
single_site,22.21946860939524,0.03492918784539584,4.294402740307977,0.09748382623839873,0.9025161737616013,6.758986105149538e-80,6.257544983112827e-79
single_site,23.81685551976158,0.034171880320252174,4.389574076528109,0.09154415937452684,0.9084558406254731,6.803468549862616e-80,6.75155114522187e-79
single_site,25.529080682395165,0.033456321959887646,4.483457571332618,0.08593193694029524,0.9140680630597048,6.84549874783008e-80,7.281637076857973e-79
single_site,27.364399970746693,0.03278073807302501,4.575857921986012,0.08063323978843145,0.9193667602115685,6.885180940200613e-80,7.850368546608972e-79
single_site,29.331662783900423,0.03214336480202524,4.6665929632403955,0.07563423374137437,0.9243657662586257,6.92261873178149e-80,8.460496592588886e-79
single_site,31.440354715915,0.03154245840709492,4.755494897197364,0.0709212424085876,0.9290787575914123,6.95791454570501e-80,9.114970891666345e-79
single_site,33.700643292719285,0.030976303248084047,4.842411271567011,0.06648080978889447,0.9335191902111055,6.99116915459731e-80,9.816954078255982e-79
single_site,36.123426997094306,0.03044321855174206,4.927205700837979,0.06229975334699649,0.9377002466530037,7.022481283085526e-80,1.0569837082000045e-78
single_site,38.72038781812553,0.029941564057066532,5.009758331732787,0.058365208290717896,0.9416347917092821,7.051947276204159e-80,1.1377255558650058e-78
single_site,41.504047578504725,0.029469744633517942,5.0899660606286625,0.05466466379229757,0.9453353362077024,7.079660828130818e-80,1.2243107493767617e-78
single_site,44.487828311275855,0.02902621396684332,5.167742516173318,0.05118599189681033,0.9488140081031897,7.105712765691153e-80,1.3171572064554515e-78
single_site,47.68611697714469,0.028609477405478135,5.2430178249700585,0.04791746984688731,0.9520825301531127,7.130190881166679e-80,1.4167129851194885e-78
single_site,51.11433483440165,0.028218094057356903,5.315738181859686,0.044847796528289414,0.9551522034717106,7.15317980913383e-80,1.52345844956143e-78
single_site,54.789011795939395,0.02785067822280027,5.385865248954721,0.04196610370823739,0.9580338962917626,7.174760942299299e-80,1.63790859125288e-78
single_site,58.72786613189477,0.02750590024424782,5.453375409204023,0.03926196269998287,0.9607380373000172,7.195012381589326e-80,1.7606155165137729e-78
single_site,62.94988990221888,0.0271824868482236,5.518258900943885,0.036725387044890985,0.963274612955109,7.21400891606253e-80,1.8921711125823654e-78
single_site,67.47544053110693,0.02687922104925801,5.580518859721223,0.034346831758886316,0.9656531682411137,7.23182202855388e-80,2.0332099050801394e-78
single_site,72.32633896483533,0.02659494167972016,5.640170292773447,0.03211718964486397,0.967882810355136,7.24851992329122e-80,2.18441212068879e-78
single_site,77.52597488629456,0.026328542603769628,5.697239010051529,0.030027785127604904,0.969972214872395,7.26416757206541e-80,2.3465069698407715e-78
single_site,83.09941949353387,0.02607897166802568,5.751760533714166,0.028070366023730794,0.9719296339762692,7.278826775866667e-80,2.520276165285443e-78
single_site,89.0735463861044,0.025845229436151865,5.803779005737227,0.026237093616877375,0.9737629063831226,7.292556239210548e-80,2.7065576935274072e-78
single_site,95.47716114208056,0.02562636774942629,5.853346110798637,0.02452053136804932,0.9754794686319507,7.30541165468747e-80,2.9062498573493163e-78
single_site,102.34114021054528,0.025421488150548052,5.900520029027734,0.022913632553318034,0.977086367446682,7.317445795544943e-80,3.120315608937178e-78
single_site,109.69857978923841,0.025229740203447037,5.945364430645469,0.0214097270858591,0.9785902729141409,7.328708614376976e-80,3.349787194526198e-78
single_site,117.58495540521558,0.025050319737725205,5.987947522047132,0.02000250774686432,0.9799974922531357,7.33924734624191e-80,3.595771132982122e-78
single_site,126.03829296797274,0.02488246704256887,6.028341150553131,0.018686016020147973,0.981313983979852,7.349106614748308e-80,3.859453552343761e-78
single_site,135.09935211980252,0.024725465031525267,6.066619972920557,0.017454627698237368,0.9825453723017626,7.358328539850453e-80,4.142105910076745e-78
single_site,144.8118227674533,0.024578637396422846,6.102860690797728,0.016303038403316407,0.9836969615966836,7.366952846283256e-80,4.445091124634013e-78
single_site,155.2225357427048,0.02444134676591867,6.137141354631158,0.015226249144460146,0.9847737508555399,7.37501697172546e-80,4.76987014790289e-78
single_site,166.38168860761274,0.024312992881659074,6.169540736103908,0.014219552013012312,0.9857804479869877,7.382556173926407e-80,5.118009010243448e-78
single_site,178.34308769319094,0.024193010802822133,6.20013776799134,0.013278516100565727,0.9867214838994343,7.38960363616748e-80,5.49118637209576e-78
single_site,191.16440753856998,0.024080869147852124,6.229011049353222,0.012398973708644085,0.9876010262913559,7.396190570539167e-80,5.89120161858124e-78
single_site,204.9074689815846,0.023976068380474908,6.25623841322348,0.011577006905685541,0.9884229930943145,7.402346318615108e-80,6.319983536135678e-78
single_site,219.6385372416547,0.02387813914557979,6.281896553390648,0.010808934475135585,0.9891910655248645,7.408098449199171e-80,6.779599613018023e-78
single_site,235.42864143224153,0.023786640659246173,6.306060706461846,0.010091299288205235,0.9899087007117948,7.41347285289199e-80,7.272266008546608e-78
single_site,252.3539170434766,0.023701159156064237,6.328804385148421,0.009420856125993991,0.990579143874006,7.418493833290443e-80,7.80035823914043e-78
single_site,270.49597304631317,0.023621306395928635,6.350199158580576,0.008794559968067724,0.9912054400319322,7.423184194695653e-80,8.366422632692806e-78
single_site,289.94228538828753,0.023546718231656334,6.370314475430346,0.008209554758088891,0.9917904452419111,7.427565326248418e-80,8.9731886065137e-78
single_site,310.7866187782014,0.023477053238078187,6.389217525677804,0.007663162651593615,0.9923368373484064,7.431657282451536e-80,9.623581828048128e-78
single_site,333.129478793467,0.02341199140266408,6.406973136976776,0.007152873746384901,0.9928471262536152,7.435478860081118e-80,1.0320738321827764e-77
single_site,357.07859649004627,0.023351232877249963,6.423643701748104,0.006676336292156548,0.9933236637078434,7.439047671505661e-80,1.1068019590682532e-77
single_site,382.74944785163075,0.023294496790030136,6.439289131336755,0.006231347372785369,0.9937686526272146,7.442380214467751e-80,1.1869028824122506e-77
single_site,410.26581058271904,0.02324152011664815,6.4539668338024665,0.005815844052142327,0.9941841559478577,7.445491938392917e-80,1.2727628272049422e-77
single_site,439.7603609302721,0.023192056608955628,6.46773171216206,0.0054278949722009785,0.994572105027799,7.448397307312725e-80,1.3647957867566365e-77
single_site,471.3753134116719,0.023145875779800523,6.480636180157221,0.00506569239059231,0.9949343076094077,7.451109859494704e-80,1.4634455188683615e-77
single_site,505.26310653356796,0.023102761942047422,6.492730192877823,0.004727544643509177,0.9952724553564908,7.453642263888702e-80,1.5691876855176179e-77
single_site,541.5871378079465,0.02306251329991562,6.504061289822597,0.004411869018946017,0.995588130981054,7.456006373499212e-80,1.6825321463755272e-77
single_site,580.5225516094896,0.023024941090639083,6.514674648222371,0.004117185024620226,0.9958828149753798,7.458213275803048e-80,1.8040254172154214e-77
single_site,622.2570836730231,0.02298986877440131,6.524613144683172,0.003842108034520068,0.9961578919654799,7.460273340329344e-80,1.934253305065378e-77
single_site,666.9919663030115,0.02295713127047223,6.533917423425287,0.0035853432978214077,0.9964146567021785,7.462196263528018e-80,2.0738437328122543e-77
single_site,714.9428986597577,0.022926574237469577,6.5426259695986575,0.003345680293879011,0.996654319706121,7.46399111104492e-80,2.2234697668754907e-77
single_site,766.3410868007447,0.022898053395680303,6.55077518634389,0.0031219874171003817,0.9968780125828997,7.465666357528013e-80,2.3838528625498875e-77
single_site,821.4343584919421,0.022871433889404838,6.558399474441666,0.0029132069757242048,0.9970867930242758,7.46722992408048e-80,2.5557663426661296e-77
single_site,880.4883581643464,0.022846589687326065,6.56553131355141,0.002718350488831848,0.9972816495111682,7.468689213482209e-80,2.740039126341154e-77
single_site,943.7878277775371,0.022823403018953175,6.572201344183245,0.0025364942662993903,0.9974635057337006,7.47005114329248e-80,2.9375597257979365e-77
single_site,1011.6379797662071,0.02280176384524626,6.578438449675996,0.002366775256833407,0.9976332247431666,7.471322176942793e-80,3.1492805305269324e-77
single_site,1084.3659686896087,0.022781569361588466,6.584269837569307,0.00220838714971343,0.9977916128502866,7.472508352931945e-80,3.3762223994451274e-77
single_site,1162.322468679852,0.022762723531337757,6.589721119860412,0.0020605767163745575,0.9979394232836254,7.473615312224449e-80,3.619479583195065e-77
single_site,1245.883364295008,0.022745136648258404,6.594816391726778,0.0019226403784972643,0.9980773596215028,7.47464832395128e-80,3.880225000319234e-77
single_site,1335.4515629298974,0.022728724926201725,6.599578308375745,0.001793920989817431,0.9982060790101825,7.475612309511579e-80,4.159715892748032e-77
single_site,1431.4589375234787,0.022713410114476473,6.6040281597520645,0.0016738048194233177,0.9983261951805766,7.47651186516537e-80,4.459299887871438e-77
single_site,1534.36840893001,0.02269911913741971,6.608185942895184,0.001561718724860447,0.9984382812751396,7.477351283203313e-80,4.780421496424744e-77
single_site,1644.6761779946628,0.022685783756749227,6.61207043179073,0.0014571275039154715,0.9985428724960845,7.478134571779757e-80,5.124629077518699e-77
single_site,1762.914118095948,0.0226733402553479,6.615699244606004,0.0013595314144933107,0.9986404685855067,7.478865473487169e-80,5.493582304396257e-77
single_site,1889.6523396912078,0.02266172914119804,6.619088908238096,0.0012684638525336423,0.9987315361474663,7.479547482745165e-80,5.889060166916997e-77
single_site,2025.5019392306665,0.022650894870250037,6.62225492013615,0.001183489178431623,0.9988165108215684,7.480183862078958e-80,6.312969549351383e-77
single_site,2171.117945694501,0.022640785587073785,6.62521180738706,0.0011042006829316182,0.9988957993170684,7.480777657353801e-80,6.767354424846456e-77
single_site,2327.2024789604075,0.02263135288220356,6.627973183077107,0.0010302186839494642,0.9989697813160505,7.481331712026243e-80,7.25440571089705e-77
single_site,2494.5081352303164,0.0226225515651467,6.630551799961265,0.0009611887462486152,0.9990388112537514,7.481848680478848e-80,7.776471833340505e-77
single_site,2673.841615839944,0.022614339452084176,6.6329596014875305,0.0008967800163464517,0.9991032199836536,7.482331040488778e-80,8.336070049812527e-77
single_site,2866.0676169482504,0.022606677167346084,6.635207770236375,0.0008366836654594497,0.9991633163345406,7.482781104889246e-80,8.935898587264616e-77
single_site,3072.1129988617527,0.022599527957797964,6.637306773845359,0.0007806114337095101,0.9992193885662904,7.483201032471916e-80,9.5788496520636e-77
single_site,3292.971255097148,0.022592857519324022,6.639266408496697,0.0007282942692079899,0.999271705730792,7.48359283817939e-80,1.026802337540658e-76
single_site,3529.70730273065,0.022586633834641275,6.641095840051383,0.0006794810560099839,0.99932051894399,7.483958402630444e-80,1.100674276129062e-76
single_site,3783.462617131925,0.022580827021724266,6.642803642917506,0.0006339374252883427,0.9993660625747116,7.484299481024657e-80,1.179856970911557e-76
single_site,4055.4607358408275,0.02257540919216307,6.6443978367431615,0.0005914446444162392,0.9994085553555837,7.484617711460721e-80,1.264732218816997e-76
single_site,4347.013158125017,0.022570354318818476,6.645885921025819,0.0005517985789684352,0.9994482014210315,7.48491462271101e-80,1.3557092646819832e-76
single_site,4659.525668664677,0.022565638112176864,6.647274907730486,0.000514808722955772,0.9994851912770443,7.48519164148379e-80,1.4532267745153257e-76
single_site,4994.50511585514,0.022561237904844156,6.648571352008716,0.00048029729289531935,0.9995197027071047,7.485450099207964e-80,1.5577549506238597e-76
single_site,5353.5666774107185,0.022557132543652783,6.6497813811094355,0.0004480983815904266,0.9995519016184096,7.48569123837014e-80,1.6697977987968444e-76
single_site,5738.441648302392,0.022553302288888338,6.650910721571035,0.00041805716775164704,0.9995819428322483,7.485916218434618e-80,1.7898955584819682e-76
single_site,6150.985788580504,0.022549728720173516,6.651964724782098,0.0003900291778314852,0.9996099708221685,7.486126121370432e-80,1.9186273076695635e-76
single_site,6593.188271333542,0.022546394648575926,6.652948390995821,0.0003638795966739061,0.9996361204033261,7.486321956814384e-80,2.0566137550456614e-76
single_site,7067.181273927491,0.022543284034533775,6.653866391880476,0.0003394826237943062,0.9996605173762056,7.486504666892674e-80,2.204520232876423e-76
single_site,7575.250258771905,0.02254038191121922,6.65472309168547,0.0003167208723075804,0.9996832791276924,7.486675130720993e-80,2.363059905055574e-76
single_site,8119.844993184009,0.022537674312983272,6.655522567099549,0.0002954848077119096,0.9997045151922881,7.486834168608135e-80,2.532997205782176e-76
single_site,8703.591361485165,0.022535148208549086,6.656268625874623,0.00027567222391438034,0.9997243277760857,7.486982545980805e-80,2.7151515254494977e-76
single_site,9329.304026284677,0.022532791438641658,6.656964824285545,0.0002571877540521967,0.9997428122459479,7.487120977045702e-80,2.910401161517949e-76
single_site,10000.0,0.022530592657762142,6.657614483493076,0.00023994241382068292,0.9997600575861794,7.487250128210256e-80,3.1196875534209584e-76
