rank,motif_id,sequence_name,start,stop,strand,score,p_value,q_value,matched_sequence,nearest_gene,nearest_gene_name,distance_to_gene,is_intergenic
1,GTTGTCYWWGYAAYCGCKTWT,NC_000962.3,2207551,2207571,+,34.8551,1.10e-11,9.67e-05,GTTGTCCAAGCAATCGCGTAT,Rv1964,yrbE3A,148,True
2,TWTKCATTGYTWTYTMCCSW,NC_000962.3,2207528,2207547,+,33.2174,3.14e-11,2.77e-04,TTTGCATTGCTATTTACCGA,Rv1964,yrbE3A,171,True
3,GTTAWCKCYYSAAKAATYCC,NC_000962.3,2205431,2205450,-,32.6304,4.79e-11,4.23e-04,GTTATCGCCCGAATAATCCC,Rv1962A,vapB35,0,False
4,GTTAWCKCYYSAAKAATYCC,NC_000962.3,366149,366168,+,15.7536,1.46e-07,6.43e-01,GTTATCCCCTAAAGAAACCC,Rv0304c,PPE5,0,False
5,TWTKCATTGYTWTYTMCCSW,NC_000962.3,302646,302665,+,14.8406,3.02e-07,1.00e+00,TGTTCATGGTTATCTCCTCA,Rv0251c,hsp,0,False
6,GTTAWCKCYYSAAKAATYCC,NC_000962.3,2656965,2656984,+,14.7754,3.39e-07,9.96e-01,GTGAGTTCTCGAAGAATCCC,Rv2378c,mbtG,0,False
7,GTTGTCYWWGYAAYCGCKTWT,NC_000962.3,499662,499682,-,11.9420,3.48e-07,1.00e+00,CTTCTCTTAGAATTCGCTTAT,Rv0412c,,43,True
8,GTTGTCYWWGYAAYCGCKTWT,NC_000962.3,1568202,1568222,+,11.9420,3.48e-07,1.00e+00,CTTGTCGAAGTAATAGCTGTT,Rv1393c,,0,False
9,TWTKCATTGYTWTYTMCCSW,NC_000962.3,699843,699862,-,13.3333,8.53e-07,1.00e+00,GATTCATCGCTTTCTCCTGA,Rv0603,,12,True
10,TWTKCATTGYTWTYTMCCSW,NC_000962.3,2778302,2778321,-,13.3261,9.21e-07,1.00e+00,GTTGCCTCGTTATTTCCCGA,Rv2476c,gdh,0,False
11,GTTAWCKCYYSAAKAATYCC,NC_000962.3,737032,737051,-,12.7391,9.48e-07,1.00e+00,GCTCACGCTCGAAGAAGCCC,Rv0642c,mmaA4,0,False
12,GTTAWCKCYYSAAKAATYCC,NC_000962.3,160623,160642,-,11.1594,9.82e-07,1.00e+00,CTTATCCCACGAACAATTCC,Rv0132c,fgd2,0,False
13,TWTKCATTGYTWTYTMCCSW,NC_000962.3,959388,959407,+,12.8043,1.03e-06,1.00e+00,ATTTCCTTGCGTTCTCCCGA,Rv0861c,ercc3,0,False
14,GTTAWCKCYYSAAKAATYCC,NC_000962.3,1105763,1105782,+,10.1812,1.12e-06,1.00e+00,GTTAGTTCGTCAAGAATCGC,Rv0988,,0,False
15,GTTAWCKCYYSAAKAATYCC,NC_000962.3,1896619,1896638,-,10.1087,1.29e-06,1.00e+00,GTTGCCGCACTAATAATCCC,Rv1671,,0,False
16,TWTKCATTGYTWTYTMCCSW,NC_000962.3,2014686,2014705,-,10.1739,1.29e-06,1.00e+00,TTTGCATAGGTGTATACCGT,Rv1780,,12,True
17,GTTGTCYWWGYAAYCGCKTWT,NC_000962.3,1474818,1474838,-,10.3696,1.54e-06,1.00e+00,GTTGTCTTTGCGACTGCACAT,Rvnr02,rrl,0,False
18,GTTGTCYWWGYAAYCGCKTWT,NC_000962.3,1535379,1535399,+,10.3696,1.54e-06,1.00e+00,GTTGTCTCAGCCATCGTGGAT,Rv1363c,,0,False
19,GTTGTCYWWGYAAYCGCKTWT,NC_000962.3,1627232,1627252,+,10.3696,1.54e-06,1.00e+00,GGTGTCCGAGTAATCGGGGTT,Rv1448c,tal,0,False
20,GTTGTCYWWGYAAYCGCKTWT,NC_000962.3,3286932,3286952,+,10.3043,1.62e-06,1.00e+00,GTTGTCCTCGGCACCGCGGAT,Rv2942,mmpL7,0,False
21,GTTAWCKCYYSAAKAATYCC,NC_000962.3,3494503,3494522,-,9.6522,1.64e-06,1.00e+00,CTTGACTCACCAAGAATGCC,Rv3130c,tgs1,471,True
22,GTTGTCYWWGYAAYCGCKTWT,NC_000962.3,55885,55905,+,9.9130,1.84e-06,1.00e+00,GTGATGTTTGCAATCGCGTTG,Rv0051,,0,False
23,GTTGTCYWWGYAAYCGCKTWT,NC_000962.3,56529,56549,+,9.9130,1.84e-06,1.00e+00,GTTGTTCTTGTACCCGTTGTT,Rv0051,,0,False
24,GTTAWCKCYYSAAKAATYCC,NC_000962.3,2583182,2583201,-,9.1957,2.03e-06,1.00e+00,CGTAACGTTCGAATAATGCC,Rv2309A,,0,False
25,GTTGTCYWWGYAAYCGCKTWT,NC_000962.3,781651,781671,+,9.8478,2.09e-06,1.00e+00,GTGGTGTATGCACCCGCGTGT,Rv0682,rpsL,0,False
26,GTTGTCYWWGYAAYCGCKTWT,NC_000962.3,3241543,3241563,+,9.8406,2.17e-06,1.00e+00,GCTGGCCTCGTATTCGCGTTT,Rv2927c,,0,False
27,TWTKCATTGYTWTYTMCCSW,NC_000962.3,485219,485238,-,9.1957,2.21e-06,1.00e+00,TCTGCATTGTGATATCCGGT,Rv0404,fadD30,0,False
28,GTTAWCKCYYSAAKAATYCC,NC_000962.3,996547,996566,-,9.1884,2.32e-06,1.00e+00,GATAACTGTCTGAGAATTCC,Rv0894,,0,False
29,GTTAWCKCYYSAAKAATYCC,NC_000962.3,2517810,2517829,-,9.1884,2.32e-06,1.00e+00,GTTACCTCTTCGATGATCTC,Rv2244,acpM,0,False
30,TWTKCATTGYTWTYTMCCSW,NC_000962.3,4047378,4047397,-,9.1884,2.49e-06,1.00e+00,TCCGCATTGGTTTTCACCGA,Rv3604c,,0,False
31,GTTGTCYWWGYAAYCGCKTWT,NC_000962.3,3367103,3367123,-,9.3841,2.50e-06,1.00e+00,GGTGACCAAGTAGTCGGGTTT,Rv3008,,0,False
32,GTTAWCKCYYSAAKAATYCC,NC_000962.3,424715,424734,-,8.7319,2.80e-06,1.00e+00,GTTCACTATTGACGAATTCG,Rv0354c,PPE7,21,True
33,GTTGTCYWWGYAAYCGCKTWT,NC_000962.3,964501,964521,-,8.8623,2.82e-06,1.00e+00,GTTGGCCTTGCCACCGATTTG,Rv0867c,rpfA,0,False
34,GTTGTCYWWGYAAYCGCKTWT,NC_000962.3,3212037,3212057,+,8.8551,2.85e-06,1.00e+00,GATGTCCTTGTATTCGCGATA,Rv2901c,,0,False
35,GTTGTCYWWGYAAYCGCKTWT,NC_000962.3,2931762,2931782,-,8.3406,2.92e-06,1.00e+00,GCGGTGCTTGCCACCGCGTTT,Rv2604c,snoP,0,False
36,GTTAWCKCYYSAAKAATYCC,NC_000962.3,45783,45802,+,8.6739,3.04e-06,1.00e+00,GTAAGAGCCTGAAGAATTCG,Rv0041,leuS,0,False
37,TWTKCATTGYTWTYTMCCSW,NC_000962.3,854264,854283,+,8.7319,3.26e-06,1.00e+00,GTTTCATTCCTGGTTACCGA,Rv0760c,,2,True
38,TWTKCATTGYTWTYTMCCSW,NC_000962.3,2207082,2207101,+,8.7319,3.26e-06,1.00e+00,ATTACATTGCAATTTATCCT,Rv1963c,mce3R,280,True
39,TWTKCATTGYTWTYTMCCSW,NC_000962.3,2678048,2678067,+,8.7246,3.36e-06,1.00e+00,TATTCAGTGTCGATTACCGA,Rv2385,mbtJ,0,False
40,GTTGTCYWWGYAAYCGCKTWT,NC_000962.3,3856185,3856205,+,6.2246,3.45e-06,1.00e+00,GTTGCCGTCGAAATCGCTGAT,Rv3436c,glmS,0,False
41,GTTAWCKCYYSAAKAATYCC,NC_000962.3,1418435,1418454,-,8.6667,3.65e-06,1.00e+00,CAGATCACTCCAAGAATTCC,Rv1268c,,79,True
42,GTTAWCKCYYSAAKAATYCC,NC_000962.3,3245966,3245985,-,8.6667,3.65e-06,1.00e+00,GGGAGATCTCGAAGAATTCC,Rv2931,ppsA,0,False
43,GTTAWCKCYYSAAKAATYCC,NC_000962.3,3478435,3478454,-,8.6667,3.65e-06,1.00e+00,GTTGTCGACGCGATAATTCC,Rv3109,moaA1,0,False
44,TWTKCATTGYTWTYTMCCSW,NC_000962.3,787776,787795,+,8.6667,3.80e-06,1.00e+00,TGTGCATAGCTTTCCACCAA,Rv0687,,0,False
45,TWTKCATTGYTWTYTMCCSW,NC_000962.3,2786318,2786337,-,8.6667,3.80e-06,1.00e+00,TCTTCATTGTCGTCGCCCCT,Rv2481c,,256,True
46,GTTAWCKCYYSAAKAATYCC,NC_000962.3,2010249,2010268,-,8.6594,3.84e-06,1.00e+00,GTTATCGCTTCAGCGAATCC,Rv1776c,,0,False
47,GTTAWCKCYYSAAKAATYCC,NC_000962.3,2376050,2376069,-,8.6594,3.84e-06,1.00e+00,GGAAACTCTTAAAGAAGCCC,Rv2115c,mpa,0,False
48,GTTGTCYWWGYAAYCGCKTWT,NC_000962.3,72535,72555,+,5.7754,3.98e-06,1.00e+00,GTTGTCGAGTTCACCGGTTTT,Rv0066c,icd2,0,False
49,GTTGTCYWWGYAAYCGCKTWT,NC_000962.3,591032,591052,+,5.7754,3.98e-06,1.00e+00,CTCCTCTTTGTAAGCGCGTGT,Rv0500,proC,62,True
50,GTTGTCYWWGYAAYCGCKTWT,NC_000962.3,2314261,2314281,+,5.7681,4.14e-06,1.00e+00,GGTGTCTTTGTAATCGACGCT,Rv2055c,rpsR2,0,False
51,GTTGTCYWWGYAAYCGCKTWT,NC_000962.3,106482,106502,-,5.7101,4.27e-06,1.00e+00,TTCGTCGCGGTAACCGCGTAT,Rv0096,PPE1,0,False
52,GTTAWCKCYYSAAKAATYCC,NC_000962.3,2680652,2680671,+,8.2101,4.35e-06,1.00e+00,CTCAACTGCTCAATAAGCCC,Rv2386a,,0,False
53,GTTGTCYWWGYAAYCGCKTWT,NC_000962.3,3386121,3386141,+,5.7029,4.36e-06,1.00e+00,GTCGTCGCAGATATCGCGTAT,Rv3027c,,0,False
54,GTTGTCYWWGYAAYCGCKTWT,NC_000962.3,4009137,4009157,-,5.7029,4.36e-06,1.00e+00,GCTGTCGTTGGAACCGCCGTT,Rv3567c,hsaB,0,False
55,TWTKCATTGYTWTYTMCCSW,NC_000962.3,871087,871106,+,8.2101,4.99e-06,1.00e+00,GTTGGATCGTTATCTGCCGT,Rv0777,purB,0,False
56,TWTKCATTGYTWTYTMCCSW,NC_000962.3,3531927,3531946,-,8.2101,4.99e-06,1.00e+00,TTGTCATTGCGTTTTCCACG,Rv3163c,,0,False
57,GTTAWCKCYYSAAKAATYCC,NC_000962.3,1074692,1074711,-,8.1449,5.24e-06,1.00e+00,GTTTTCGGCCCAACAACTCC,Rv0962c,lprP,0,False
58,GTTAWCKCYYSAAKAATYCC,NC_000962.3,1753449,1753468,+,8.1449,5.24e-06,1.00e+00,GGTAACGCGTGACGAATCTC,Rv1548c,PPE21,116,True
59,GTTAWCKCYYSAAKAATYCC,NC_000962.3,4172919,4172938,+,8.1449,5.24e-06,1.00e+00,AGTACCGCCCGAATCATTCC,Rv3727,,35,True
60,TWTKCATTGYTWTYTMCCSW,NC_000962.3,242649,242668,-,8.2029,5.40e-06,1.00e+00,TTCTCACTGCTGTTCACCCT,Rv0204c,,0,False
61,TWTKCATTGYTWTYTMCCSW,NC_000962.3,1684342,1684361,+,8.2029,5.40e-06,1.00e+00,ATTCCAATGCGTTTTACCGA,Rv1493,mutB,0,False
62,GTTGTCYWWGYAAYCGCKTWT,NC_000962.3,3004107,3004127,-,5.2536,5.42e-06,1.00e+00,GTGGTCTACCCAATCGTGTGT,Rv2687c,,0,False
63,GTTGTCYWWGYAAYCGCKTWT,NC_000962.3,3383685,3383705,-,5.2536,5.42e-06,1.00e+00,GATGTGCTCGGAATCCCGTTT,Rv3024c,trmU,0,False
64,GTTGTCYWWGYAAYCGCKTWT,NC_000962.3,3550638,3550658,-,5.2536,5.42e-06,1.00e+00,GTTGTTGTCGTACCAGCGTTT,Rv3182,,0,False
65,GTTAWCKCYYSAAKAATYCC,NC_000962.3,2361637,2361656,-,8.1377,5.64e-06,1.00e+00,GCTTACGCTCCAAAAACTCC,Rv2101,helZ,0,False
66,GTTGTCYWWGYAAYCGCKTWT,NC_000962.3,8385,8405,-,5.2464,6.02e-06,1.00e+00,GTGGTCAACGTAATAGCGGAT,Rv0006,gyrA,0,False
67,GTTGTCYWWGYAAYCGCKTWT,NC_000962.3,392393,392413,-,5.2464,6.02e-06,1.00e+00,GCCGTCAATGGAACCGGTTTT,Rv0326,,0,False
68,GTTGTCYWWGYAAYCGCKTWT,NC_000962.3,1003580,1003600,-,5.2464,6.02e-06,1.00e+00,GTTGTCGGTGTAGCCGTTGAT,Rv0899,arfA,0,False
69,GTTGTCYWWGYAAYCGCKTWT,NC_000962.3,2127491,2127511,+,5.2464,6.02e-06,1.00e+00,GATGTGTTGGAAATCGCGGTT,Rv1877,,0,False
70,GTTGTCYWWGYAAYCGCKTWT,NC_000962.3,2963043,2963063,-,5.2464,6.02e-06,1.00e+00,GTTGTCCAGGTATGCCCTGAT,Rv2636,,0,False
71,GTTGTCYWWGYAAYCGCKTWT,NC_000962.3,3301283,3301303,+,5.2464,6.02e-06,1.00e+00,GTAGTCAAAGCAAACACTCTT,Rv2950c,fadD29,0,False
72,GTTGTCYWWGYAAYCGCKTWT,NC_000962.3,4303314,4303334,-,5.2464,6.02e-06,1.00e+00,GTTGCGTGGGTGATCGCGTAT,Rv3828c,,0,False
73,GTTGTCYWWGYAAYCGCKTWT,NC_000962.3,2472835,2472855,+,5.2391,6.08e-06,1.00e+00,GTGGTCTTGGTCATCGCCTTG,Rv2208,cobS,0,False
74,GTTGTCYWWGYAAYCGCKTWT,NC_000962.3,3186425,3186445,-,5.2391,6.08e-06,1.00e+00,GGTGACGTTGTAATCGCCTTC,Rv2874,dipZ,0,False
75,GTTAWCKCYYSAAKAATYCC,NC_000962.3,1161970,1161989,+,7.6884,6.14e-06,1.00e+00,CTTAACGGTTGCAGCATCCC,Rv1039c,PPE15,0,False
76,GTTAWCKCYYSAAKAATYCC,NC_000962.3,1883434,1883453,+,7.6884,6.14e-06,1.00e+00,GTTATATGCCGAATTACCCC,Rv1662,pks8,0,False
77,GTTAWCKCYYSAAKAATYCC,NC_000962.3,4059552,4059571,-,7.6884,6.14e-06,1.00e+00,CGTATTGCTCGACGAATTCC,Rv3618,,0,False
78,TWTKCATTGYTWTYTMCCSW,NC_000962.3,572240,572259,+,7.7464,6.19e-06,1.00e+00,TATTCAGTTCGATTCACCGA,Rv0483,lprQ,0,False
79,GTTAWCKCYYSAAKAATYCC,NC_000962.3,204578,204597,-,7.6812,6.63e-06,1.00e+00,TTGATCTCTTGCTGAATCCC,Rv0173,lprK,0,False
80,GTTAWCKCYYSAAKAATYCC,NC_000962.3,1730951,1730970,-,7.6812,6.63e-06,1.00e+00,GTTATCTCCTGGATGGTCGC,Rv1529,fadD24,0,False
81,TWTKCATTGYTWTYTMCCSW,NC_000962.3,4208066,4208085,-,7.6884,6.81e-06,1.00e+00,GATGCACTTCTATTTCCCGC,Rv3762c,,0,False
82,GTTGTCYWWGYAAYCGCKTWT,NC_000962.3,568605,568625,-,4.7971,6.88e-06,1.00e+00,CTTGTCCTGATCATCGTGTTT,Rv0479c,,0,False
83,GTTGTCYWWGYAAYCGCKTWT,NC_000962.3,4054804,4054824,-,4.7971,6.88e-06,1.00e+00,GTTGTTTACCTGACCACGTTT,Rv3615c,espC,7,True
84,GTTAWCKCYYSAAKAATYCC,NC_000962.3,1456774,1456793,-,7.6232,6.98e-06,1.00e+00,GATAGCGCCCGAAGAACTCG,Rv1300,hemK,0,False
85,GTTAWCKCYYSAAKAATYCC,NC_000962.3,2239913,2239932,+,7.6232,6.98e-06,1.00e+00,GTTATCGTCGCCCGAATCCC,Rv1996,,0,False
86,GTTAWCKCYYSAAKAATYCC,NC_000962.3,3817249,3817268,+,7.6232,6.98e-06,1.00e+00,GGTATCGCCCGAACTATCCG,Rv3400,,0,False
87,GTTAWCKCYYSAAKAATYCC,NC_000962.3,1360782,1360801,+,7.6159,7.38e-06,1.00e+00,GTTATCGCCCAGCTGATCCC,Rv1217c,,0,False
88,TWTKCATTGYTWTYTMCCSW,NC_000962.3,199530,199549,+,7.6812,7.48e-06,1.00e+00,ATCTCCTTGTTGTCTCCCCT,Rv0169,mce1A,0,False
89,TWTKCATTGYTWTYTMCCSW,NC_000962.3,2086975,2086994,+,7.6812,7.48e-06,1.00e+00,CTGTCATTGCTTCCTCCCTT,Rv1837c,glcB,0,False
90,GTTAWCKCYYSAAKAATYCC,NC_000962.3,3914125,3914144,-,7.1667,7.71e-06,1.00e+00,GTTGACGGCTCGAGAATCAC,Rv3495c,lprN,0,False
91,GTTGTCYWWGYAAYCGCKTWT,NC_000962.3,528401,528421,-,4.7899,7.77e-06,1.00e+00,TTATTCTTAGCACTCGCCTAT,Rv0439c,,87,True
92,GTTGTCYWWGYAAYCGCKTWT,NC_000962.3,2207075,2207095,-,4.7899,7.77e-06,1.00e+00,AATTGCAATGTAATCGCGTAT,Rv1963c,mce3R,273,True
93,GTTGTCYWWGYAAYCGCKTWT,NC_000962.3,2552298,2552318,-,4.7899,7.77e-06,1.00e+00,GTTGTCAATGTACTCCAGGAT,Rv2280,,0,False
94,GTTGTCYWWGYAAYCGCKTWT,NC_000962.3,3311707,3311727,-,4.7899,7.77e-06,1.00e+00,GTTCTCCTTAAAATCGCTCAG,Rv2958c,,0,False
95,GTTGTCYWWGYAAYCGCKTWT,NC_000962.3,4286204,4286224,+,4.7899,7.77e-06,1.00e+00,ATTGCCTTGCTTATCGCGTTT,Rv3821,,0,False
96,GTTGTCYWWGYAAYCGCKTWT,NC_000962.3,915041,915061,-,4.7826,7.94e-06,1.00e+00,GTTGTTTTTGTCGTCGCTGCT,Rv0822c,,0,False
97,GTTGTCYWWGYAAYCGCKTWT,NC_000962.3,1413969,1413989,+,4.7826,7.94e-06,1.00e+00,GTTGACTTTGTCAACGATCTT,Rv1266c,pknH,0,False
98,GTTGTCYWWGYAAYCGCKTWT,NC_000962.3,2575851,2575871,-,4.7826,7.94e-06,1.00e+00,GATGTCAATGTCATCGGTGAT,Rv2305,,0,False
99,GTTAWCKCYYSAAKAATYCC,NC_000962.3,1224266,1224285,-,7.1594,8.41e-06,1.00e+00,GTGATCTCCTCGAGCATCTC,Rv1095,phoH2,0,False
100,GTTAWCKCYYSAAKAATYCC,NC_000962.3,1891008,1891027,+,7.1594,8.41e-06,1.00e+00,GTTATCGACTCGTTAAGCCC,Rv1664,pks9,0,False
101,GTTAWCKCYYSAAKAATYCC,NC_000962.3,2351991,2352010,-,7.1594,8.41e-06,1.00e+00,GTTCTCGCTCGACGACTTTC,Rv2092c,helY,0,False
102,GTTAWCKCYYSAAKAATYCC,NC_000962.3,2728037,2728056,+,7.1594,8.41e-06,1.00e+00,GCAAACTCCTCAAGAACCAC,Rv2431c,PE25,0,False
103,GTTAWCKCYYSAAKAATYCC,NC_000962.3,276207,276226,-,7.0942,8.81e-06,1.00e+00,GTTCCCGCCCGACGAAGTCC,Rv0231,fadE4,0,False
104,GTTGTCYWWGYAAYCGCKTWT,NC_000962.3,42796,42816,+,4.7246,8.96e-06,1.00e+00,GCTGTCAATGTAGCCGTGTGT,Rv0040c,mtc28,0,False
105,GTTGTCYWWGYAAYCGCKTWT,NC_000962.3,211636,211656,-,4.7246,8.96e-06,1.00e+00,GATGTCAAATCCACCGCCTAT,Rv0180c,,0,False
106,GTTGTCYWWGYAAYCGCKTWT,NC_000962.3,593693,593713,+,4.7246,8.96e-06,1.00e+00,GTTGCCCTCGAAATGGCGCAT,Rv0502,,0,False
107,GTTGTCYWWGYAAYCGCKTWT,NC_000962.3,1146594,1146614,+,4.7246,8.96e-06,1.00e+00,GGTGTGCTCGCGATCGCCTAT,Rv1025,,0,False
108,GTTGTCYWWGYAAYCGCKTWT,NC_000962.3,1432241,1432261,+,4.7246,8.96e-06,1.00e+00,GTTGTCCTGGTAGCCGTCTTG,Rv1280c,oppA,0,False
109,GTTGTCYWWGYAAYCGCKTWT,NC_000962.3,1453888,1453908,-,4.7246,8.96e-06,1.00e+00,GTTGTCCAGGACGTCGAGTAT,Rv1297,rho,0,False
110,GTTGTCYWWGYAAYCGCKTWT,NC_000962.3,2591609,2591629,+,4.7246,8.96e-06,1.00e+00,GTTGTCTGCGCAACCGGTCTA,Rv2318,uspC,0,False
111,GTTGTCYWWGYAAYCGCKTWT,NC_000962.3,3085049,3085069,-,4.7246,8.96e-06,1.00e+00,GGTGTCGACGTGACAGCGTTT,Rv2777c,,0,False
112,GTTGTCYWWGYAAYCGCKTWT,NC_000962.3,3385601,3385621,-,4.7246,8.96e-06,1.00e+00,GTTGTCGATACCATCGCGCGT,Rv3026c,,0,False
113,GTTGTCYWWGYAAYCGCKTWT,NC_000962.3,856069,856089,+,4.7174,9.19e-06,1.00e+00,GAAGTCGAAGAAATCGCGTTG,Rv0762c,,0,False
114,GTTGTCYWWGYAAYCGCKTWT,NC_000962.3,1802748,1802768,+,4.7174,9.19e-06,1.00e+00,GAGGTCGAAGTAACCGCCGAT,Rv1602,hisH,0,False
115,GTTGTCYWWGYAAYCGCKTWT,NC_000962.3,2644022,2644042,-,4.7174,9.19e-06,1.00e+00,GTTGTCTCTGTCGACGCGTTC,Rv2362c,recO,0,False
116,GTTGTCYWWGYAAYCGCKTWT,NC_000962.3,2877960,2877980,+,4.7174,9.19e-06,1.00e+00,GTCGACATTGGAATCGCGCAT,Rv2558,,0,False
117,GTTGTCYWWGYAAYCGCKTWT,NC_000962.3,3700557,3700577,+,4.7174,9.19e-06,1.00e+00,GTTGCCAAAGCCGTCGCCTAT,Rv3312b,,31,True
118,GTTGTCYWWGYAAYCGCKTWT,NC_000962.3,3956991,3957011,+,4.7174,9.19e-06,1.00e+00,GATGTCGATGTATTCGCGGGT,Rv3520c,,0,False
119,GTTGTCYWWGYAAYCGCKTWT,NC_000962.3,4028596,4028616,-,4.7174,9.19e-06,1.00e+00,GTTGGCGTGGTAATCGCGCAC,Rv3586,,0,False
120,TWTKCATTGYTWTYTMCCSW,NC_000962.3,3014959,3014978,+,6.7101,9.28e-06,1.00e+00,TAGGCATTCCTATCCCCTCA,Rv2699c,,0,False
121,GTTAWCKCYYSAAKAATYCC,NC_000962.3,3148268,3148287,-,6.6377,9.41e-06,1.00e+00,ATCGACGCCCGGATAATCCC,Rv2840c,,10,True
122,GTTGTCYWWGYAAYCGCKTWT,NC_000962.3,3823846,3823866,-,4.3333,9.66e-06,1.00e+00,GTTATGTTAGCCTTCCCTTAT,Rv3403c,,0,False
123,TWTKCATTGYTWTYTMCCSW,NC_000962.3,690484,690503,-,6.7029,9.91e-06,1.00e+00,CATTGGTTGCTACCTCCCGT,Rv0591,mce2C,0,False
124,TWTKCATTGYTWTYTMCCSW,NC_000962.3,4291640,4291659,+,6.7029,9.91e-06,1.00e+00,TAAGCTTCTCTATCTACCGT,Rv3824c,papA1,0,False
125,GTTAWCKCYYSAAKAATYCC,NC_000962.3,977274,977293,+,6.1087,1.01e-05,1.00e+00,GGTGTCGCCCGAATTACCCC,Rv0878c,PPE13,0,False
126,GTTAWCKCYYSAAKAATYCC,NC_000962.3,2617279,2617298,-,6.1087,1.01e-05,1.00e+00,GCCATCGCCCGGATGATCCC,Rv2339,mmpL9,0,False
127,GTTGTCYWWGYAAYCGCKTWT,NC_000962.3,1391651,1391671,+,4.2754,1.01e-05,1.00e+00,GTTGTTCGAGCCACTCCTTTT,Rv1248c,,0,False
128,GTTGTCYWWGYAAYCGCKTWT,NC_000962.3,4300292,4300312,+,4.2754,1.01e-05,1.00e+00,TCTCTCCAAACAACCGCATAT,Rv3826,fadD23,0,False
129,TWTKCATTGYTWTYTMCCSW,NC_000962.3,1967135,1967154,+,6.6956,1.02e-05,1.00e+00,AATTCGTTGCCTTCGACCGA,Rv1739c,,0,False
130,GTTAWCKCYYSAAKAATYCC,NC_000962.3,3992590,3992609,-,4.5290,1.09e-05,1.00e+00,GGTAGGTCGTCAAGAATGCC,Rv3553,,0,False
131,GTTAWCKCYYSAAKAATYCC,NC_000962.3,4130726,4130745,+,4.5290,1.09e-05,1.00e+00,GTCAAACCAGGAATAATCCC,Rv3689,,0,False
132,TWTKCATTGYTWTYTMCCSW,NC_000962.3,297068,297087,+,4.6014,1.13e-05,1.00e+00,TGTTCATTATTGTGTCCTGT,Rv0246,,0,False
133,TWTKCATTGYTWTYTMCCSW,NC_000962.3,2132471,2132490,-,4.5290,1.16e-05,1.00e+00,GTTGCATTGGTATGTGCCCC,Rv1882c,,0,False
134,GTTGTCYWWGYAAYCGCKTWT,NC_000962.3,196163,196183,-,4.2681,1.17e-05,1.00e+00,GTTGTTCCAGTAGCAGCTCAT,Rv0166,fadD5,0,False
135,GTTGTCYWWGYAAYCGCKTWT,NC_000962.3,575777,575797,-,4.2681,1.17e-05,1.00e+00,GATGTCGTAGTAACCCGGTTC,Rv0486,mshA,0,False
136,GTTGTCYWWGYAAYCGCKTWT,NC_000962.3,879034,879054,+,4.2681,1.17e-05,1.00e+00,GATCTCCATGGAATCACGGAT,Rv0784,,0,False
137,GTTGTCYWWGYAAYCGCKTWT,NC_000962.3,1463459,1463479,-,4.2681,1.17e-05,1.00e+00,GTTCTCGAAGTCACCGAGGAT,Rv1308,atpA,0,False
138,GTTGTCYWWGYAAYCGCKTWT,NC_000962.3,2268644,2268664,-,4.2681,1.17e-05,1.00e+00,TGTGTACAAGGTACCGCTTAT,Rv2024c,,48,True
139,GTTGTCYWWGYAAYCGCKTWT,NC_000962.3,2777019,2777039,+,4.2681,1.17e-05,1.00e+00,ATAGTCGAACCAACCGCTGTT,Rv2475c,,0,False
140,GTTGTCYWWGYAAYCGCKTWT,NC_000962.3,3192466,3192486,+,4.2681,1.17e-05,1.00e+00,ATTGTCCATGCAAAGGCTGAA,Rv2883c,pyrH,0,False
141,GTTGTCYWWGYAAYCGCKTWT,NC_000962.3,3805237,3805257,-,4.2681,1.17e-05,1.00e+00,GTTGGCCATTGATTCGGGTTT,Rv3390,lpqD,0,False
142,GTTGTCYWWGYAAYCGCKTWT,NC_000962.3,4238229,4238249,+,4.2681,1.17e-05,1.00e+00,CTGGTTTTGGTATCCGCGTTT,Rv3792,aftA,0,False
143,TWTKCATTGYTWTYTMCCSW,NC_000962.3,1473636,1473655,+,4.1377,1.19e-05,1.00e+00,TATTCTTTGGTTTTTGTTGT,Rvnr02,rrl,21,True
144,GTTAWCKCYYSAAKAATYCC,NC_000962.3,486328,486347,-,4.0652,1.21e-05,1.00e+00,AATGACTCAGGAATAATTCC,Rv0405,pks6,0,False
145,GTTAWCKCYYSAAKAATYCC,NC_000962.3,1479113,1479132,+,4.0652,1.21e-05,1.00e+00,GTGCACCCTTCAACAATTAC,Rv1317c,alkA,0,False
146,GTTAWCKCYYSAAKAATYCC,NC_000962.3,2611648,2611667,+,4.0652,1.21e-05,1.00e+00,ATTTTCTCGAGAATATTTCC,Rv2336,,0,False
147,GTTAWCKCYYSAAKAATYCC,NC_000962.3,1492433,1492452,-,4.0072,1.24e-05,1.00e+00,GATAACCGGCGAAGAATACC,Rv1327c,glgE,0,False
148,GTTAWCKCYYSAAKAATYCC,NC_000962.3,2784072,2784091,+,4.0072,1.24e-05,1.00e+00,GTTACCTCGCGAACCATCCT,Rv2477c,,30,True
149,GTTGTCYWWGYAAYCGCKTWT,NC_000962.3,192308,192328,-,4.2609,1.25e-05,1.00e+00,GTTGTCGAAGCCGTCGGTCAT,Rv0162c,adhE1,0,False
150,GTTGTCYWWGYAAYCGCKTWT,NC_000962.3,316494,316514,+,4.2609,1.25e-05,1.00e+00,GGTGCCTTAGCAAATGCTCAT,Rv0265c,,16,True
151,GTTGTCYWWGYAAYCGCKTWT,NC_000962.3,423620,423640,+,4.2609,1.25e-05,1.00e+00,GATGGGCAGGTAATCGCTGAT,Rv0352,dnaJ1,0,False
152,GTTGTCYWWGYAAYCGCKTWT,NC_000962.3,889335,889355,-,4.2609,1.25e-05,1.00e+00,GCGGTCTTTAAAATCGCGTTC,Rv0794c,,699,True
153,GTTGTCYWWGYAAYCGCKTWT,NC_000962.3,1323902,1323922,-,4.2609,1.25e-05,1.00e+00,GCGCTCGTAGTAATCGCGGAT,Rv1183,mmpL10,0,False
154,GTTGTCYWWGYAAYCGCKTWT,NC_000962.3,1420289,1420309,-,4.2609,1.25e-05,1.00e+00,CTTGACCATGTTATCGCCGTT,Rv1271c,,0,False
155,GTTGTCYWWGYAAYCGCKTWT,NC_000962.3,1477461,1477481,-,4.2609,1.25e-05,1.00e+00,GTCGACCAACTCAACGCTTAT,Rv1316c,ogt,0,False
156,GTTGTCYWWGYAAYCGCKTWT,NC_000962.3,1542972,1542992,+,4.2609,1.25e-05,1.00e+00,GCGGTCTTTAAAATCGCGTTC,Rv1371,,386,True
157,GTTGTCYWWGYAAYCGCKTWT,NC_000962.3,1715147,1715167,+,4.2609,1.25e-05,1.00e+00,GCTGTTGTAGTAGTCGCGGAT,Rv1522c,mmpL12,0,False
158,GTTGTCYWWGYAAYCGCKTWT,NC_000962.3,1988723,1988743,+,4.2609,1.25e-05,1.00e+00,GCGGTCTTTAAAATCGCGTTC,Rv1758,cut1,318,True
159,GTTGTCYWWGYAAYCGCKTWT,NC_000962.3,1996415,1996435,-,4.2609,1.25e-05,1.00e+00,GCGGTCTTTAAAATCGCGTTC,Rv1762c,,573,True
160,GTTGTCYWWGYAAYCGCKTWT,NC_000962.3,2365728,2365748,-,4.2609,1.25e-05,1.00e+00,GCGGTCTTTAAAATCGCGTTC,Rv2104a,,674,True
161,GTTGTCYWWGYAAYCGCKTWT,NC_000962.3,2431137,2431157,+,4.2609,1.25e-05,1.00e+00,GCGGTCTTTAAAATCGCGTTC,Rv2169c,,427,True
162,GTTGTCYWWGYAAYCGCKTWT,NC_000962.3,2550328,2550348,-,4.2609,1.25e-05,1.00e+00,GCGGTCTTTAAAATCGCGTTC,Rv2277c,,299,True
163,GTTGTCYWWGYAAYCGCKTWT,NC_000962.3,2635891,2635911,-,4.2609,1.25e-05,1.00e+00,GCGGTCTTTAAAATCGCGTTC,Rv2353c,PPE39,299,True
164,GTTGTCYWWGYAAYCGCKTWT,NC_000962.3,2672379,2672399,-,4.2609,1.25e-05,1.00e+00,GTGTACTTAGAAATCGCGAAT,Rv2383c,mbtB,0,False
165,GTTGTCYWWGYAAYCGCKTWT,NC_000962.3,2748615,2748635,+,4.2609,1.25e-05,1.00e+00,GTTGCCCTTGGACTTGCTCAT,Rv2448c,valS,0,False
166,GTTGTCYWWGYAAYCGCKTWT,NC_000962.3,2785635,2785655,+,4.2609,1.25e-05,1.00e+00,GCGGTCTTTAAAATCGCGTTC,Rv2481c,,939,True
167,GTTGTCYWWGYAAYCGCKTWT,NC_000962.3,2972423,2972443,-,4.2609,1.25e-05,1.00e+00,GCGGTCTTTAAAATCGCGTTC,Rv2647,,396,True
168,GTTGTCYWWGYAAYCGCKTWT,NC_000962.3,3121544,3121564,+,4.2609,1.25e-05,1.00e+00,GCGGTCTTTAAAATCGCGTTC,Rv2816c,,2080,True
169,GTTGTCYWWGYAAYCGCKTWT,NC_000962.3,3551544,3551564,-,4.2609,1.25e-05,1.00e+00,GCGGTCTTTAAAATCGCGTTC,Rv3183,,500,True
170,GTTGTCYWWGYAAYCGCKTWT,NC_000962.3,3553027,3553047,-,4.2609,1.25e-05,1.00e+00,GCGGTCTTTAAAATCGCGTTC,Rv3188,,1270,True
171,GTTGTCYWWGYAAYCGCKTWT,NC_000962.3,3628550,3628570,+,4.2609,1.25e-05,1.00e+00,GTTGTCGAAGTGGCCGATATT,Rv3248c,sahH,0,False
172,GTTGTCYWWGYAAYCGCKTWT,NC_000962.3,3710696,3710716,-,4.2609,1.25e-05,1.00e+00,GCGGTCTTTAAAATCGCGTTC,Rv3324c,moaC3,448,True
173,GTTGTCYWWGYAAYCGCKTWT,NC_000962.3,3796078,3796098,+,4.2609,1.25e-05,1.00e+00,GCGGTCTTTAAAATCGCGTTC,Rv3382c,,369,True
174,GTTGTCYWWGYAAYCGCKTWT,NC_000962.3,3891093,3891113,-,4.2609,1.25e-05,1.00e+00,GCGGTCTTTAAAATCGCGTTC,Rv3473c,bpoA,360,True
175,GTTGTCYWWGYAAYCGCKTWT,NC_000962.3,4118230,4118250,-,4.2609,1.25e-05,1.00e+00,GTGGTCAAAGTCGTCGGGTTT,Rv3678c,,0,False
176,TWTKCATTGYTWTYTMCCSW,NC_000962.3,2579763,2579782,-,4.0652,1.29e-05,1.00e+00,TTTTCTATGGTTTCTGCCAA,Rv2307B,,0,False
177,TWTKCATTGYTWTYTMCCSW,NC_000962.3,3451768,3451787,-,4.0652,1.29e-05,1.00e+00,TTTTCATCGTGGTGTCCCTT,Rv3086,adhD,12,True
178,TWTKCATTGYTWTYTMCCSW,NC_000962.3,4104411,4104430,-,4.0652,1.29e-05,1.00e+00,TTTCCGTCGTTGTTTACCGC,Rv3664c,dppC,0,False
179,GTTGTCYWWGYAAYCGCKTWT,NC_000962.3,3047564,3047584,-,4.2029,1.29e-05,1.00e+00,GTGGTCCGAGGATCCGGGTTT,Rv2734,,0,False
180,GTTAWCKCYYSAAKAATYCC,NC_000962.3,3026979,3026998,+,3.6087,1.32e-05,1.00e+00,GTTGGCTGTTCAATCATTGC,Rv2714,,85,True
181,GTTGTCYWWGYAAYCGCKTWT,NC_000962.3,753348,753368,+,4.1956,1.32e-05,1.00e+00,GTTGTCGTTGCAGCCGCCAAA,Rv0656c,vapC6,0,False
182,GTTGTCYWWGYAAYCGCKTWT,NC_000962.3,1557776,1557796,-,4.1956,1.32e-05,1.00e+00,GTTGTCGTGGCCGTCGCGCAT,Rv1384,carB,0,False
183,GTTGTCYWWGYAAYCGCKTWT,NC_000962.3,1680119,1680139,-,4.1956,1.32e-05,1.00e+00,GGTGTCGTTGCAACCGCCCAC,Rv1490,,0,False
184,GTTGTCYWWGYAAYCGCKTWT,NC_000962.3,2051564,2051584,+,4.1956,1.32e-05,1.00e+00,GTCGCCTACGAAACCGCGTTC,Rv1809,PPE33,0,False
185,GTTGTCYWWGYAAYCGCKTWT,NC_000962.3,2445378,2445398,-,4.1956,1.32e-05,1.00e+00,GTAGTCGCAGCCATCGCGGAT,Rv2183c,,36,True
186,GTTGTCYWWGYAAYCGCKTWT,NC_000962.3,3143963,3143983,-,4.1956,1.32e-05,1.00e+00,GTTGCCGTTGCTATCGCGGGT,Rv2837c,,0,False
187,GTTGTCYWWGYAAYCGCKTWT,NC_000962.3,4130173,4130193,-,4.1956,1.32e-05,1.00e+00,GTTGGCCAGGGAATCGCGCAA,Rv3688c,,0,False
188,TWTKCATTGYTWTYTMCCSW,NC_000962.3,4410043,4410062,-,3.6159,1.38e-05,1.00e+00,TTTTGTTTGATTTCTTCAGT,Rv3921c,,0,False
189,GTTGTCYWWGYAAYCGCKTWT,NC_000962.3,223345,223365,+,3.8116,1.40e-05,1.00e+00,GGTTTGTATGTGACGGCGTTT,Rv0191,,0,False
190,GTTGTCYWWGYAAYCGCKTWT,NC_000962.3,290437,290457,-,3.8043,1.45e-05,1.00e+00,GTTGACTTTTCCATCGGTGAT,Rv0241c,htdX,0,False
191,GTTGTCYWWGYAAYCGCKTWT,NC_000962.3,650918,650938,-,3.8043,1.45e-05,1.00e+00,GGTGTCCAAGTACTGGATCAT,Rv0560c,,0,False
192,TWTKCATTGYTWTYTMCCSW,NC_000962.3,1689711,1689730,+,3.6087,1.46e-05,1.00e+00,TAGTGACTGGTATTTCCCTT,Rv1498c,,0,False
193,GTTGTCYWWGYAAYCGCKTWT,NC_000962.3,418054,418074,+,3.7536,1.46e-05,1.00e+00,GTCATCCAGTCAACCCCGTTT,Rv0347,,0,False
194,TWTKCATTGYTWTYTMCCSW,NC_000962.3,2237583,2237602,+,3.5507,1.51e-05,1.00e+00,TCTCCTTTGCTTTGTCCTGT,Rv1993c,,8,True
195,TWTKCATTGYTWTYTMCCSW,NC_000962.3,2574245,2574264,+,3.5507,1.51e-05,1.00e+00,TGCGGATTGTTGTCTGCCCA,Rv2303c,,0,False
196,GTTAWCKCYYSAAKAATYCC,NC_000962.3,1420262,1420281,+,3.5435,1.55e-05,1.00e+00,GTGAACGCTGCGATAATGCG,Rv1271c,,0,False
197,GTTAWCKCYYSAAKAATYCC,NC_000962.3,1795277,1795296,+,3.5435,1.55e-05,1.00e+00,GTTCTGTCCGGACCAATTCC,Rv1594,nadA,0,False
198,GTTAWCKCYYSAAKAATYCC,NC_000962.3,1912712,1912731,-,3.5435,1.55e-05,1.00e+00,GTTGGCTCCCAAATCATTGC,Rv1687c,,0,False
199,GTTAWCKCYYSAAKAATYCC,NC_000962.3,3512138,3512157,+,3.5435,1.55e-05,1.00e+00,GCTATGTCCGCAAAAACTCC,Rv3146,nuoB,0,False
200,GTTGTCYWWGYAAYCGCKTWT,NC_000962.3,118839,118859,+,3.7464,1.57e-05,1.00e+00,GTGGTTCTCGCGATCGGGTAT,Rv0102,,0,False
201,GTTGTCYWWGYAAYCGCKTWT,NC_000962.3,934778,934798,+,3.7464,1.57e-05,1.00e+00,CTTGCGCATGTGACCGCGTGT,Rv0838,lpqR,0,False
202,GTTGTCYWWGYAAYCGCKTWT,NC_000962.3,1281662,1281682,-,3.7464,1.57e-05,1.00e+00,GTGCCCTCAGCAACGGCGTAT,Rv1155,,0,False
203,GTTGTCYWWGYAAYCGCKTWT,NC_000962.3,1290859,1290879,-,3.7464,1.57e-05,1.00e+00,GTTATGGTTGCCGCCGCGTTT,Rv1161,narG,0,False
204,GTTGTCYWWGYAAYCGCKTWT,NC_000962.3,1904294,1904314,+,3.7464,1.57e-05,1.00e+00,GTTCTCCAAGCATCTGCCCAT,Rv1679,fadE16,0,False
205,GTTGTCYWWGYAAYCGCKTWT,NC_000962.3,2841848,2841868,+,3.7464,1.57e-05,1.00e+00,GGTGTCGTACCAACCGGGTTG,Rv2524c,fas,0,False
206,GTTAWCKCYYSAAKAATYCC,NC_000962.3,3488748,3488767,+,3.4855,1.58e-05,1.00e+00,GTTACCGCGACAAGAACCTC,Rv3123,,0,False
207,TWTKCATTGYTWTYTMCCSW,NC_000962.3,188202,188221,+,3.5435,1.59e-05,1.00e+00,ATTTCATTGGTCGCTACCGC,Rv0159c,PE3,0,False
208,TWTKCATTGYTWTYTMCCSW,NC_000962.3,342211,342230,-,3.5435,1.59e-05,1.00e+00,TCTACCTTGCCATTTACCCG,Rv0282,eccA3,0,False
209,GTTAWCKCYYSAAKAATYCC,NC_000962.3,2182477,2182496,-,3.4783,1.61e-05,1.00e+00,GATATCACCCGACCAATACC,Rv1931c,,0,False
210,TWTKCATTGYTWTYTMCCSW,NC_000962.3,4062321,4062340,-,3.1522,1.65e-05,1.00e+00,AATGAATTGTTATTGACTTA,Rv3622c,PE32,123,True
211,GTTAWCKCYYSAAKAATYCC,NC_000962.3,3412618,3412637,+,3.0942,1.67e-05,1.00e+00,TGTACTTGTCGAAGAATTCC,Rv3051c,nrdE,0,False
212,GTTGTCYWWGYAAYCGCKTWT,NC_000962.3,298374,298394,+,3.7391,1.71e-05,1.00e+00,GTTTTCCTCGTGATCGCGAAC,Rv0247c,,0,False
213,GTTGTCYWWGYAAYCGCKTWT,NC_000962.3,613473,613493,+,3.7391,1.71e-05,1.00e+00,CTGGTCCTTGGCACCGCTTTC,Rv0522,gabP,0,False
214,GTTGTCYWWGYAAYCGCKTWT,NC_000962.3,1168595,1168615,-,3.7391,1.71e-05,1.00e+00,GTTGACTATGGAACCGGGGTG,Rv1045,,41,True
215,GTTGTCYWWGYAAYCGCKTWT,NC_000962.3,1253075,1253095,-,3.7391,1.71e-05,1.00e+00,GTCGACCGAGCAATCGGTTTG,Rv1129c,,0,False
216,GTTGTCYWWGYAAYCGCKTWT,NC_000962.3,1258101,1258121,+,3.7391,1.71e-05,1.00e+00,GATGTCCAACAACCCGCTGTT,Rv1132,,0,False
217,GTTGTCYWWGYAAYCGCKTWT,NC_000962.3,1596033,1596053,+,3.7391,1.71e-05,1.00e+00,GTCGTCTTGGTAACCGGGCTG,Rv1421,,0,False
218,GTTGTCYWWGYAAYCGCKTWT,NC_000962.3,2084191,2084211,-,3.7391,1.71e-05,1.00e+00,GTTGTCCAACCGCTCGCATAC,Rv1836c,,0,False
219,GTTGTCYWWGYAAYCGCKTWT,NC_000962.3,2147574,2147594,+,3.7391,1.71e-05,1.00e+00,GATATCCATGTCGCCGCATTT,Rv1900c,lipJ,0,False
220,GTTGTCYWWGYAAYCGCKTWT,NC_000962.3,2166562,2166582,+,3.7391,1.71e-05,1.00e+00,GTTGCCCAAGCCAACGTTGTT,Rv1917c,PPE34,0,False
221,GTTGTCYWWGYAAYCGCKTWT,NC_000962.3,2232826,2232846,-,3.7391,1.71e-05,1.00e+00,GGCCTCGTTGTCACCGCGTAT,Rv1989c,,0,False
222,GTTGTCYWWGYAAYCGCKTWT,NC_000962.3,2382135,2382155,-,3.7391,1.71e-05,1.00e+00,GTCGTCTTGGCGATCGGGTTG,Rv2123,PPE37,0,False
223,GTTGTCYWWGYAAYCGCKTWT,NC_000962.3,2395721,2395741,+,3.7391,1.71e-05,1.00e+00,GTCGACCAGGTCACCGATTTT,Rv2135c,,0,False
224,GTTGTCYWWGYAAYCGCKTWT,NC_000962.3,2400784,2400804,+,3.7391,1.71e-05,1.00e+00,GTTGGCCTTGTATCCGGCCTT,Rv2141c,,0,False
225,GTTGTCYWWGYAAYCGCKTWT,NC_000962.3,3020695,3020715,+,3.7391,1.71e-05,1.00e+00,CTTGTCTTTGCCGCCGCTACT,Rv2707,,0,False
226,GTTGTCYWWGYAAYCGCKTWT,NC_000962.3,3080155,3080175,-,3.7391,1.71e-05,1.00e+00,GCCGCCTTTGAAACGGCGTTT,Rv2770c,PPE44,0,False
227,GTTGTCYWWGYAAYCGCKTWT,NC_000962.3,3336881,3336901,-,3.7391,1.71e-05,1.00e+00,GATCTCGATGTACCCGCGGAT,Rv2981c,ddlA,0,False
228,GTTGTCYWWGYAAYCGCKTWT,NC_000962.3,4022959,4022979,-,3.7391,1.71e-05,1.00e+00,GTTGTCCATGCCGGCGATGTT,Rv3580c,cysS1,0,False
229,GTTGTCYWWGYAAYCGCKTWT,NC_000962.3,4179365,4179385,-,3.7391,1.71e-05,1.00e+00,GTTCTCCAAGGCTTCGCGGAT,Rv3729,,0,False
230,GTTGTCYWWGYAAYCGCKTWT,NC_000962.3,4321226,4321246,+,3.7391,1.71e-05,1.00e+00,GTCGACTTTGCCAAGGCGTTT,Rv3846,sodA,0,False
231,GTTGTCYWWGYAAYCGCKTWT,NC_000962.3,2245755,2245775,-,3.7319,1.73e-05,1.00e+00,GTCGCCCAGGTATTCGCTCAT,Rv2000,,0,False
232,TWTKCATTGYTWTYTMCCSW,NC_000962.3,950583,950602,-,3.0942,1.74e-05,1.00e+00,TATATATTGCTGTCCAGCGA,Rv0853c,pdc,0,False
233,TWTKCATTGYTWTYTMCCSW,NC_000962.3,2255104,2255123,-,3.0942,1.74e-05,1.00e+00,TACGCATTGTTGTCTATTCC,Rv2006,otsB1,0,False
234,GTTGTCYWWGYAAYCGCKTWT,NC_000962.3,179722,179742,-,3.6739,1.75e-05,1.00e+00,GCTGTCCGCGCAACCGCTCAC,Rv0152c,PE2,0,False
235,GTTGTCYWWGYAAYCGCKTWT,NC_000962.3,1939872,1939892,-,3.6739,1.75e-05,1.00e+00,GGTGACCGCGTCACCGCGTAT,Rv1712,cmk,0,False
236,GTTGTCYWWGYAAYCGCKTWT,NC_000962.3,3801514,3801534,+,3.6739,1.75e-05,1.00e+00,GCCGTCAATGCAACCGCGACT,Rv3387,,51,True
237,GTTGTCYWWGYAAYCGCKTWT,NC_000962.3,4334553,4334573,-,3.6739,1.75e-05,1.00e+00,GTTGTCGCAGCGTCCGCGCAT,Rv3859c,gltB,0,False
238,GTTAWCKCYYSAAKAATYCC,NC_000962.3,1276002,1276021,+,3.0870,1.80e-05,1.00e+00,GATATCTGTTGACGAATACG,Rv1148c,,297,True
239,GTTAWCKCYYSAAKAATYCC,NC_000962.3,3306035,3306054,+,3.0870,1.80e-05,1.00e+00,TTTAACACTCGAATCGTTCG,Rv2953,,0,False
240,GTTAWCKCYYSAAKAATYCC,NC_000962.3,4125779,4125798,+,3.0870,1.80e-05,1.00e+00,GTCATTTCGTCCAGAATTCA,Rv3684,,0,False
241,GTTAWCKCYYSAAKAATYCC,NC_000962.3,4347750,4347769,-,3.0870,1.80e-05,1.00e+00,GTTATCTCCTCGACACTTTG,Rv3870,eccCa1,0,False
242,GTTAWCKCYYSAAKAATYCC,NC_000962.3,4407450,4407469,-,3.0870,1.80e-05,1.00e+00,TTCAACTATCGAACCATTCC,Rv3918c,parA,0,False
243,GTTGTCYWWGYAAYCGCKTWT,NC_000962.3,3488385,3488405,+,3.2899,1.82e-05,1.00e+00,GTTGGCCAACTATCACCGTTT,Rv3122,,0,False
244,GTTGTCYWWGYAAYCGCKTWT,NC_000962.3,3910369,3910389,+,3.2899,1.82e-05,1.00e+00,GTTGAGCAAACAACCGTTTTC,Rv3491,,0,False
245,GTTAWCKCYYSAAKAATYCC,NC_000962.3,850982,851001,+,3.0797,1.85e-05,1.00e+00,GTTATCTTGTCGATCAGTCC,Rv0756c,,0,False
246,GTTGTCYWWGYAAYCGCKTWT,NC_000962.3,645970,645990,+,3.2826,1.93e-05,1.00e+00,GTTTTCCATGTGGCCGATTAA,Rv0554,bpoC,0,False
247,GTTGTCYWWGYAAYCGCKTWT,NC_000962.3,2055946,2055966,-,3.2826,1.93e-05,1.00e+00,GTTGCCTATCCCTCCGATTAT,Rv1813c,,0,False
248,GTTGTCYWWGYAAYCGCKTWT,NC_000962.3,2353185,2353205,-,3.2826,1.93e-05,1.00e+00,GTTGGGCAAGTCATTGCGAAT,Rv2094c,tatA,0,False
249,GTTGTCYWWGYAAYCGCKTWT,NC_000962.3,3099621,3099641,+,3.2826,1.93e-05,1.00e+00,GTGGTTCTTGTAGCCGATCTT,Rv2790c,ltp1,0,False
250,GTTGTCYWWGYAAYCGCKTWT,NC_000962.3,895948,895968,+,3.2754,1.96e-05,1.00e+00,GCTGGCCATGTACTCGGTGAT,Rv0803,purL,0,False
251,GTTGTCYWWGYAAYCGCKTWT,NC_000962.3,1003039,1003059,+,3.2754,1.96e-05,1.00e+00,GTTGTCCTTGTCTTTGCTGTC,Rv0899,arfA,0,False
252,GTTGTCYWWGYAAYCGCKTWT,NC_000962.3,1933928,1933948,-,3.2754,1.96e-05,1.00e+00,GTTGCCCTAGTCATAGCTATC,Rv1706c,PPE23,50,True
253,GTTGTCYWWGYAAYCGCKTWT,NC_000962.3,180109,180129,+,3.2246,1.98e-05,1.00e+00,GTGATGCCTGCAACCGCGTTG,Rv0152c,PE2,0,False
254,GTTGTCYWWGYAAYCGCKTWT,NC_000962.3,4080742,4080762,-,3.2246,1.98e-05,1.00e+00,TTTGTCCAGGCGACCGAGTTG,Rv3642c,,0,False
255,TWTKCATTGYTWTYTMCCSW,NC_000962.3,48094,48113,+,3.0870,2.01e-05,1.00e+00,TTGGCATCGGTATCTAGCAT,Rv0043c,,0,False
256,TWTKCATTGYTWTYTMCCSW,NC_000962.3,884778,884797,+,3.0870,2.01e-05,1.00e+00,GTTCCATTGTTGGCTAGCGT,Rv0790c,,0,False
257,TWTKCATTGYTWTYTMCCSW,NC_000962.3,2237588,2237607,+,3.0870,2.01e-05,1.00e+00,TTTGCTTTGTCCTGTAACCA,Rv1993c,,13,True
258,TWTKCATTGYTWTYTMCCSW,NC_000962.3,2453378,2453397,+,3.0870,2.01e-05,1.00e+00,AATGGATAGATTTCTACCAT,Rv2190c,,106,True
259,TWTKCATTGYTWTYTMCCSW,NC_000962.3,2976583,2976602,+,3.0870,2.01e-05,1.00e+00,TTTTCACTGTTTGCTGTCGG,Rv2653c,,2,True
260,TWTKCATTGYTWTYTMCCSW,NC_000962.3,3011586,3011605,+,3.0870,2.01e-05,1.00e+00,TTGCCATTGGTTTCCACGCT,Rv2694c,,0,False
261,TWTKCATTGYTWTYTMCCSW,NC_000962.3,3733574,3733593,-,3.0870,2.01e-05,1.00e+00,TTTCCATTTCACTTCACCCT,Rv3343c,PPE54,0,False
262,TWTKCATTGYTWTYTMCCSW,NC_000962.3,3758335,3758354,-,3.0870,2.01e-05,1.00e+00,TATTCATTCGGATCGGCCGA,Rv3350c,PPE56,0,False
263,TWTKCATTGYTWTYTMCCSW,NC_000962.3,4018076,4018095,-,3.0870,2.01e-05,1.00e+00,TCTCGAATGCTTTTAACCGA,Rv3575c,,0,False
264,TWTKCATTGYTWTYTMCCSW,NC_000962.3,4195029,4195048,-,3.0870,2.01e-05,1.00e+00,TGCTCATTGTCATCTTCGCA,Rv3743c,ctpJ,0,False
265,TWTKCATTGYTWTYTMCCSW,NC_000962.3,775156,775175,+,3.0797,2.08e-05,1.00e+00,TGTTCGGTGTGTTTTGCCGT,Rv0675,echA5,0,False
266,GTTGTCYWWGYAAYCGCKTWT,NC_000962.3,792307,792327,-,3.2174,2.08e-05,1.00e+00,GATGTCCTTGCATTGGCGGGT,Rv0693,,0,False
267,GTTGTCYWWGYAAYCGCKTWT,NC_000962.3,1266792,1266812,-,3.2174,2.08e-05,1.00e+00,GTGGGCCTTGCACCGGCCTTT,Rv1139c,,0,False
268,GTTGTCYWWGYAAYCGCKTWT,NC_000962.3,1362389,1362409,+,3.2174,2.08e-05,1.00e+00,GTTGTCGATGCCGCCTCGCAT,Rv1218c,,0,False
269,GTTGTCYWWGYAAYCGCKTWT,NC_000962.3,1810512,1810532,+,3.2174,2.08e-05,1.00e+00,GGTGACTGAGCAGCGGCGTTT,Rv1611,trpC,0,False
270,GTTGTCYWWGYAAYCGCKTWT,NC_000962.3,1818041,1818061,-,3.2174,2.08e-05,1.00e+00,GGTCTCCTCGTAACCGCGCAA,Rv1618,tesB1,0,False
271,GTTGTCYWWGYAAYCGCKTWT,NC_000962.3,1887678,1887698,+,3.2174,2.08e-05,1.00e+00,GTTGACCTTGCCACCGACCTT,Rv1663,pks17,0,False
272,GTTGTCYWWGYAAYCGCKTWT,NC_000962.3,2302544,2302564,-,3.2174,2.08e-05,1.00e+00,GCTGTCTTCACCACCGCGTAC,Rv2048c,pks12,0,False
273,GTTGTCYWWGYAAYCGCKTWT,NC_000962.3,2842581,2842601,-,3.2174,2.08e-05,1.00e+00,GTGGGCCGTGCAACGGCTGAT,Rv2524c,fas,0,False
274,GTTGTCYWWGYAAYCGCKTWT,NC_000962.3,3405450,3405470,+,3.2174,2.08e-05,1.00e+00,GCTGGGCCTGCAATCGCGGAT,Rv3044,fecB,0,False
275,GTTGTCYWWGYAAYCGCKTWT,NC_000962.3,3454887,3454907,-,3.2174,2.08e-05,1.00e+00,GTTGTCCTTGCAGTTGCGCCC,Rv3088,tgs4,0,False
276,GTTGTCYWWGYAAYCGCKTWT,NC_000962.3,3802958,3802978,-,3.2174,2.08e-05,1.00e+00,GTTGCCCACGCCACCGGTTTG,Rv3388,PE_PGRS52,0,False
277,GTTAWCKCYYSAAKAATYCC,NC_000962.3,101684,101703,+,3.0217,2.11e-05,1.00e+00,GTTATCGCGGCACTAACCGC,Rv0092,ctpA,0,False
278,GTTAWCKCYYSAAKAATYCC,NC_000962.3,226651,226670,+,3.0217,2.11e-05,1.00e+00,GTTATCGCCAGACCTATTAC,Rv0193c,,80,True
279,GTTAWCKCYYSAAKAATYCC,NC_000962.3,370773,370792,+,3.0217,2.11e-05,1.00e+00,GTTTCCGCTGCCAGAATTCA,Rv0304c,PPE5,0,False
280,GTTAWCKCYYSAAKAATYCC,NC_000962.3,485930,485949,-,3.0217,2.11e-05,1.00e+00,ATTAGCGCTAGGATTATCCC,Rv0405,pks6,0,False
281,GTTAWCKCYYSAAKAATYCC,NC_000962.3,560328,560347,-,3.0217,2.11e-05,1.00e+00,AGGAACGCTCAAAGAATGCC,Rv0469,umaA,0,False
282,GTTAWCKCYYSAAKAATYCC,NC_000962.3,729243,729262,-,3.0217,2.11e-05,1.00e+00,GCTATACCCGCAAGGATTCC,Rv0632c,echA3,0,False
283,GTTAWCKCYYSAAKAATYCC,NC_000962.3,910968,910987,-,3.0217,2.11e-05,1.00e+00,GTAATAACTCCAACAAGCCC,Rv0818,,3,True
284,GTTAWCKCYYSAAKAATYCC,NC_000962.3,1880731,1880750,-,3.0217,2.11e-05,1.00e+00,GTTAGCTCGTGCAGATTCCA,Rv1661,pks7,0,False
285,GTTAWCKCYYSAAKAATYCC,NC_000962.3,1983696,1983715,+,3.0217,2.11e-05,1.00e+00,GTTCCCGTGTCCAGAATTCC,Rv1753c,PPE24,0,False
286,GTTAWCKCYYSAAKAATYCC,NC_000962.3,2350068,2350087,-,3.0217,2.11e-05,1.00e+00,GTCGTCGCGCGAACAATTGC,Rv2092c,helY,0,False
287,GTTAWCKCYYSAAKAATYCC,NC_000962.3,3615175,3615194,+,3.0217,2.11e-05,1.00e+00,TCTAGCTCGTCAAGAACCCC,Rv3239c,,0,False
288,GTTAWCKCYYSAAKAATYCC,NC_000962.3,3765409,3765428,-,3.0217,2.11e-05,1.00e+00,GTTATCGACACCACCATTCC,Rv3350c,PPE56,0,False
289,GTTAWCKCYYSAAKAATYCC,NC_000962.3,3842614,3842633,+,3.0217,2.11e-05,1.00e+00,GTAAACACTCCAGCAATCGC,Rv3425,PPE57,0,False
290,GTTAWCKCYYSAAKAATYCC,NC_000962.3,3843412,3843431,+,3.0217,2.11e-05,1.00e+00,GTAAACACTCCAGCAATCGC,Rv3426,PPE58,0,False
291,GTTAWCKCYYSAAKAATYCC,NC_000962.3,3847540,3847559,+,3.0217,2.11e-05,1.00e+00,GTAAACACTCCAGCAATCGC,Rv3429,PPE59,0,False
292,GTTGTCYWWGYAAYCGCKTWT,NC_000962.3,382772,382792,-,3.2101,2.11e-05,1.00e+00,GTTGTCCTTGTTCGCGCGCAG,Rv0313,,0,False
293,GTTGTCYWWGYAAYCGCKTWT,NC_000962.3,693020,693040,-,3.2101,2.11e-05,1.00e+00,GTTGACGTAGTCGCCGCGGAT,Rv0593,lprL,0,False
294,GTTGTCYWWGYAAYCGCKTWT,NC_000962.3,741383,741403,-,3.2101,2.11e-05,1.00e+00,GCTGACCATGCAATCGCTGGG,Rv0647c,,0,False
295,GTTGTCYWWGYAAYCGCKTWT,NC_000962.3,748591,748611,-,3.2101,2.11e-05,1.00e+00,GCCGTCCATGTAGCCGCCCTT,Rv0651,rplJ,0,False
296,GTTGTCYWWGYAAYCGCKTWT,NC_000962.3,1051283,1051303,+,3.2101,2.11e-05,1.00e+00,GCCGTCCATGAATTCGCGGTT,Rv0940c,,0,False
297,GTTGTCYWWGYAAYCGCKTWT,NC_000962.3,2513178,2513198,-,3.2101,2.11e-05,1.00e+00,GGTGTCTTTGATACCGCGGTC,Rv2241,aceE,0,False
298,GTTGTCYWWGYAAYCGCKTWT,NC_000962.3,3068201,3068221,+,3.2101,2.11e-05,1.00e+00,GTTGCCCTTGAAGTCGCGAAC,Rv2754c,thyX,256,True
299,GTTGTCYWWGYAAYCGCKTWT,NC_000962.3,3189329,3189349,-,3.2101,2.11e-05,1.00e+00,GTGGCCGTTGCTATCGCGGTT,Rv2878c,mpt53,0,False
300,GTTGTCYWWGYAAYCGCKTWT,NC_000962.3,3436227,3436247,-,3.2101,2.11e-05,1.00e+00,GTCGTCGATGCCGTCGCGGTT,Rv3072c,,0,False
301,TWTKCATTGYTWTYTMCCSW,NC_000962.3,1433596,1433615,-,2.6377,2.19e-05,1.00e+00,TATTTATTTGTTTCCCACGA,Rv1281c,oppD,0,False
302,GTTAWCKCYYSAAKAATYCC,NC_000962.3,1646163,1646182,-,3.0145,2.21e-05,1.00e+00,GAGATCGCCTAAGCAATTCC,Rv1460,,22,True
303,GTTAWCKCYYSAAKAATYCC,NC_000962.3,3278395,3278414,+,3.0145,2.21e-05,1.00e+00,GGTCACTCGCAACGAATTCC,Rv2940c,mas,0,False
304,GTTAWCKCYYSAAKAATYCC,NC_000962.3,3367150,3367169,+,3.0145,2.21e-05,1.00e+00,GATAGCCCTTCCTGAATTCC,Rv3008,,0,False
305,GTTAWCKCYYSAAKAATYCC,NC_000962.3,3823963,3823982,-,3.0145,2.21e-05,1.00e+00,GTTGACCCATGATGATTTCC,Rv3404c,,0,False
306,GTTGTCYWWGYAAYCGCKTWT,NC_000962.3,426334,426354,+,2.7609,2.24e-05,1.00e+00,GTTGTTCATGCTGCCGGTGAT,Rv0355c,PPE8,0,False
307,GTTGTCYWWGYAAYCGCKTWT,NC_000962.3,1736753,1736773,-,2.7609,2.24e-05,1.00e+00,CTCCACCTTGTAACCGCGCAT,Rv1536,ileS,0,False
308,GTTGTCYWWGYAAYCGCKTWT,NC_000962.3,2707527,2707547,+,2.7609,2.24e-05,1.00e+00,CTTGCCCTAACAACCGCTGTG,Rv2410c,,0,False
309,GTTGTCYWWGYAAYCGCKTWT,NC_000962.3,2897187,2897207,-,2.7609,2.24e-05,1.00e+00,GCTGTTCAAGCAGCTGCTGAT,Rv2572c,aspS,0,False
310,GTTGTCYWWGYAAYCGCKTWT,NC_000962.3,3274660,3274680,+,2.7609,2.24e-05,1.00e+00,CTGGTGCAAGCAATCGCGATC,Rv2938,drrC,0,False
311,GTTAWCKCYYSAAKAATYCC,NC_000962.3,4300762,4300781,+,2.6304,2.25e-05,1.00e+00,TTTCAATCTTCGAGAATTCG,Rv3826,fadD23,0,False
312,GTTGTCYWWGYAAYCGCKTWT,NC_000962.3,430936,430956,+,2.7536,2.30e-05,1.00e+00,GTTGCCCATGTCGCCGGTGAT,Rv0355c,PPE8,0,False
313,GTTGTCYWWGYAAYCGCKTWT,NC_000962.3,1890577,1890597,-,2.7536,2.30e-05,1.00e+00,CTAGGCTTTGCAATCGCGCAA,Rv1664,pks9,0,False
314,GTTGTCYWWGYAAYCGCKTWT,NC_000962.3,2729078,2729098,-,2.7536,2.30e-05,1.00e+00,GTTGGCCAAGCGATCGGTCTG,Rv2433c,,0,False
315,GTTGTCYWWGYAAYCGCKTWT,NC_000962.3,4048996,4049016,+,2.7464,2.30e-05,1.00e+00,GTCGGCCAAGTCGTCGCTGTT,Rv3607c,folB,0,False
316,GTTAWCKCYYSAAKAATYCC,NC_000962.3,340210,340229,-,2.5725,2.31e-05,1.00e+00,CTCAACGCCTCAACAATCTG,Rv0280,PPE3,0,False
317,GTTAWCKCYYSAAKAATYCC,NC_000962.3,1687193,1687212,-,2.5725,2.31e-05,1.00e+00,GTTTTATCACCAAGAATCGA,Rv1496,,0,False
318,GTTAWCKCYYSAAKAATYCC,NC_000962.3,1745064,1745083,-,2.5725,2.31e-05,1.00e+00,GTTAAGTCACCAAGATTCAT,Rv1543,,0,False
319,GTTGTCYWWGYAAYCGCKTWT,NC_000962.3,3547341,3547361,+,2.6957,2.33e-05,1.00e+00,GATGTCCACCCAACCGCGGTC,Rv3178a,,11,True
320,GTTGTCYWWGYAAYCGCKTWT,NC_000962.3,3410700,3410720,+,2.6884,2.35e-05,1.00e+00,GTCGTCCCAGTAGCCGCGATC,Rv3049c,,0,False
321,TWTKCATTGYTWTYTMCCSW,NC_000962.3,801473,801492,-,2.6304,2.37e-05,1.00e+00,TTTTGAGTGTCTTCTGCTCT,Rv0702,rplD,0,False
322,TWTKCATTGYTWTYTMCCSW,NC_000962.3,1525187,1525206,+,2.6304,2.37e-05,1.00e+00,TATTCATTCCGATTCAACCG,Rv1357c,,105,True
323,TWTKCATTGYTWTYTMCCSW,NC_000962.3,1608740,1608759,+,2.6304,2.37e-05,1.00e+00,TTCGTGTTCTTTTTTCCCTT,Rv1431,,0,False
324,TWTKCATTGYTWTYTMCCSW,NC_000962.3,1697036,1697055,-,2.6304,2.37e-05,1.00e+00,TATTGAATGCGATTTGCAGT,Rv1507c,,0,False
325,TWTKCATTGYTWTYTMCCSW,NC_000962.3,2025073,2025092,-,2.6304,2.37e-05,1.00e+00,TATTCATTCCTCGTAAACGA,Rv1786,,42,True
326,TWTKCATTGYTWTYTMCCSW,NC_000962.3,3559262,3559281,-,2.6304,2.37e-05,1.00e+00,CTTGGCTTGCTATTTAGCTT,Rvnt38,metU,107,True
327,TWTKCATTGYTWTYTMCCSW,NC_000962.3,3614380,3614399,-,2.6304,2.37e-05,1.00e+00,TATGAAGCGTTATTTGACGA,Rv3238c,,0,False
328,TWTKCATTGYTWTYTMCCSW,NC_000962.3,4129369,4129388,-,2.6304,2.37e-05,1.00e+00,TTTCGGTTGTTTTCCACGCT,Rv3687c,rsfB,0,False
329,GTTGTCYWWGYAAYCGCKTWT,NC_000962.3,358651,358671,+,2.2391,2.39e-05,1.00e+00,GTGGTCCAATCTCCGGCGTAT,Rv0294,tam,0,False
330,GTTGTCYWWGYAAYCGCKTWT,NC_000962.3,2032690,2032710,+,2.2391,2.39e-05,1.00e+00,GTTGTTCTTGCCACCGGGGTG,Rv1795,eccD5,0,False
331,GTTGTCYWWGYAAYCGCKTWT,NC_000962.3,253170,253190,+,2.2319,2.45e-05,1.00e+00,GATGGCCATGCTGCCGTTTTT,Rv0211,pckA,0,False
332,GTTGTCYWWGYAAYCGCKTWT,NC_000962.3,521622,521642,-,2.2319,2.45e-05,1.00e+00,GGTGTCCATGCAGTCACGGAC,Rv0434,,0,False
333,GTTGTCYWWGYAAYCGCKTWT,NC_000962.3,2288783,2288803,+,2.2319,2.45e-05,1.00e+00,GGTGGCCAAGCCATTGCGTAC,Rv2043c,pncA,0,False
334,GTTGTCYWWGYAAYCGCKTWT,NC_000962.3,2417194,2417214,-,2.2319,2.45e-05,1.00e+00,CTGGGCCTAGCCACCGCTTTG,Rv2156c,murX,0,False
335,GTTGTCYWWGYAAYCGCKTWT,NC_000962.3,2682558,2682578,-,2.2319,2.45e-05,1.00e+00,GTGGATCATGTGTCCGCGTAT,Rv2388c,hemN,0,False
336,GTTGTCYWWGYAAYCGCKTWT,NC_000962.3,2953351,2953371,+,2.2319,2.45e-05,1.00e+00,GTTGGCTTTGCGACCGTGGTC,Rv2627c,,155,True
337,GTTGTCYWWGYAAYCGCKTWT,NC_000962.3,4276483,4276503,-,2.2319,2.45e-05,1.00e+00,GGTGTCTATGCGCCGGCGATT,Rv3811,,66,True
338,GTTGTCYWWGYAAYCGCKTWT,NC_000962.3,4301339,4301359,-,2.2319,2.45e-05,1.00e+00,TGTGTCCAAGTTGCCGCGGTT,Rv3826,fadD23,0,False
339,GTTGTCYWWGYAAYCGCKTWT,NC_000962.3,1153789,1153809,+,2.2246,2.45e-05,1.00e+00,GCTGGCCAAGCGCTCGCTGTT,Rv1030,kdpB,0,False
340,TWTKCATTGYTWTYTMCCSW,NC_000962.3,3069632,3069651,+,2.6232,2.46e-05,1.00e+00,TTGTCCTTGTTATACAGCCT,Rv2756c,hsdM,0,False
341,GTTGTCYWWGYAAYCGCKTWT,NC_000962.3,1324734,1324754,-,1.7101,2.48e-05,1.00e+00,GTTGACCTTGCCGCTGCGTTA,Rv1184c,,0,False
342,GTTGTCYWWGYAAYCGCKTWT,NC_000962.3,1414447,1414467,-,1.7101,2.48e-05,1.00e+00,GTCGTCCATGCAGCCGGGCAA,Rv1266c,pknH,0,False
343,GTTGTCYWWGYAAYCGCKTWT,NC_000962.3,4082688,4082708,+,1.7101,2.48e-05,1.00e+00,GCTGGCCTACCAGCCGCGTAA,Rv3644c,,0,False
344,GTTGTCYWWGYAAYCGCKTWT,NC_000962.3,1152774,1152794,-,1.6377,2.49e-05,1.00e+00,GTTTTCGACGAAATTGCCTAT,Rv1029,kdpA,0,False
345,GTTGTCYWWGYAAYCGCKTWT,NC_000962.3,2458856,2458876,+,1.1812,2.50e-05,1.00e+00,GTTGTATCAGAAAAGGTTTAT,Rv2195,qcrA,0,False
346,GTTGTCYWWGYAAYCGCKTWT,NC_000962.3,621371,621391,+,1.1159,2.50e-05,1.00e+00,GTTGTCGTTGAAAGGGGGTGT,Rv0530,,0,False
347,GTTGTCYWWGYAAYCGCKTWT,NC_000962.3,2652350,2652370,-,0.5870,2.58e-05,1.00e+00,GTTGTCGACGCCAATGCTTGT,Rv2372c,,0,False
348,GTTGTCYWWGYAAYCGCKTWT,NC_000962.3,1778308,1778328,+,0.5797,2.59e-05,1.00e+00,GTTGACGTTGGAAGCGCTTGC,Rv1570,bioD,0,False
349,GTTAWCKCYYSAAKAATYCC,NC_000962.3,543733,543752,+,2.5652,2.60e-05,1.00e+00,ACTCGAGCTCGAATAATTCC,Rv0453,PPE11,0,False
350,GTTAWCKCYYSAAKAATYCC,NC_000962.3,1350233,1350252,+,2.5652,2.60e-05,1.00e+00,GTTATCTGCTCAACCAGCCG,Rv1206,fadD6,0,False
351,GTTAWCKCYYSAAKAATYCC,NC_000962.3,1401499,1401518,+,2.5652,2.60e-05,1.00e+00,CTTCTCGCTAGTAGAATTGC,Rv1253,deaD,0,False
352,GTTAWCKCYYSAAKAATYCC,NC_000962.3,1993219,1993238,-,2.5652,2.60e-05,1.00e+00,CTGATCGGTTCAGAAATCCC,Rv1760,,0,False
353,GTTAWCKCYYSAAKAATYCC,NC_000962.3,2338897,2338916,-,2.5652,2.60e-05,1.00e+00,AATATCGCTCCAACAAATCG,Rv2082,,0,False
354,GTTAWCKCYYSAAKAATYCC,NC_000962.3,2489368,2489387,+,2.5652,2.60e-05,1.00e+00,GTCAACTCCCGAACACTTTG,Rv2221c,glnE,0,False
355,GTTAWCKCYYSAAKAATYCC,NC_000962.3,2489422,2489441,+,2.5652,2.60e-05,1.00e+00,GGTAGTTGTCCAGGAATTCC,Rv2221c,glnE,0,False
356,GTTAWCKCYYSAAKAATYCC,NC_000962.3,2584707,2584726,+,2.5652,2.60e-05,1.00e+00,CCTAACTGACGATGAATTCC,Rv2312,,0,False
357,GTTAWCKCYYSAAKAATYCC,NC_000962.3,2611803,2611822,-,2.5652,2.60e-05,1.00e+00,ATTACCGCTTCCAGAACTCA,Rv2336,,0,False
358,GTTAWCKCYYSAAKAATYCC,NC_000962.3,3623075,3623094,-,2.5652,2.60e-05,1.00e+00,TTGATGTCGCCAAGAGTTCC,Rv3243c,,0,False
359,GTTAWCKCYYSAAKAATYCC,NC_000962.3,4330035,4330054,-,2.5652,2.60e-05,1.00e+00,TGCACCGCTTCAATAATCAC,Rv3858c,gltD,3,True
360,GTTGTCYWWGYAAYCGCKTWT,NC_000962.3,1473651,1473671,+,0.1957,2.64e-05,1.00e+00,GTTGTGTTTGTAAGTGTCTAA,Rvnr02,rrl,6,True
361,GTTGTCYWWGYAAYCGCKTWT,NC_000962.3,21539,21559,-,0.1304,2.75e-05,1.00e+00,TTTGCCGCCGTAATCACGTTT,Rv0017c,rodA,0,False
362,GTTGTCYWWGYAAYCGCKTWT,NC_000962.3,2581172,2581192,+,0.1304,2.75e-05,1.00e+00,GTTGTCGATGAAAACCTGCTT,Rv2308a,,0,False
363,GTTGTCYWWGYAAYCGCKTWT,NC_000962.3,3528228,3528248,+,0.1304,2.75e-05,1.00e+00,GTTGTTTCCGAAACCGATGTT,Rv3159c,PPE53,0,False
364,GTTGTCYWWGYAAYCGCKTWT,NC_000962.3,4293217,4293237,-,0.1304,2.75e-05,1.00e+00,GTCGTCACAGTAAGAACGTTT,Rv3825c,pks2,7,True
365,GTTGTCYWWGYAAYCGCKTWT,NC_000962.3,4356556,4356576,-,0.1304,2.75e-05,1.00e+00,GTTCTGTCAGGAACCGCCAAT,Rv3877,eccD1,14,True
366,GTTGTCYWWGYAAYCGCKTWT,NC_000962.3,255324,255344,-,0.1232,2.80e-05,1.00e+00,GTCGTCGACGAGATCGATTAT,Rv0213c,,0,False
367,GTTGTCYWWGYAAYCGCKTWT,NC_000962.3,2539849,2539869,+,0.1232,2.80e-05,1.00e+00,GTTGTGGTGGTGATCGCACTT,Rv2265,,0,False
368,GTTGTCYWWGYAAYCGCKTWT,NC_000962.3,3316961,3316981,+,0.1232,2.80e-05,1.00e+00,GTTGTCATGGTGATTGCCAAT,Rv2964,purU,0,False
369,GTTGTCYWWGYAAYCGCKTWT,NC_000962.3,3444783,3444803,+,0.1232,2.80e-05,1.00e+00,GTTGTCGTCGTTGTCGATTGT,Rv3080c,pknK,0,False
370,GTTGTCYWWGYAAYCGCKTWT,NC_000962.3,3515158,3515178,-,0.1232,2.80e-05,1.00e+00,GTTGTCGAAGAATTCCCAGTT,Rv3149,nuoE,0,False
371,GTTGTCYWWGYAAYCGCKTWT,NC_000962.3,3531070,3531090,+,0.1232,2.80e-05,1.00e+00,GTCGTCGAGGTAATCCCCGAT,Rv3161c,,0,False
372,GTTGTCYWWGYAAYCGCKTWT,NC_000962.3,4019585,4019605,+,0.1232,2.80e-05,1.00e+00,GTTGCCTGAGGAGTCTCTTGT,Rv3577,,0,False
373,GTTGTCYWWGYAAYCGCKTWT,NC_000962.3,451449,451469,+,0.0652,2.81e-05,1.00e+00,CTTGGCCCTGGAAGCGCGTCT,Rv0373c,,0,False
374,GTTGTCYWWGYAAYCGCKTWT,NC_000962.3,1506809,1506829,-,0.0652,2.81e-05,1.00e+00,GTTTTCGGTGAAACCGCGGGT,Rv1340,rphA,0,False
375,TWTKCATTGYTWTYTMCCSW,NC_000962.3,584137,584156,+,2.5652,2.82e-05,1.00e+00,TTGGCATTGCCATGTCCGTA,Rv0493c,,0,False
376,TWTKCATTGYTWTYTMCCSW,NC_000962.3,780065,780084,+,2.5652,2.82e-05,1.00e+00,TTACCATTCCTAGTTCCCGG,Rv0680c,,0,False
377,TWTKCATTGYTWTYTMCCSW,NC_000962.3,1370100,1370119,-,2.5652,2.82e-05,1.00e+00,GCTGCGTTGGTTTTTCACCA,Rv1226c,,0,False
378,TWTKCATTGYTWTYTMCCSW,NC_000962.3,1846194,1846213,+,2.5652,2.82e-05,1.00e+00,CGTCCATCGCTATCTACGCA,Rv1638,uvrA,0,False
379,TWTKCATTGYTWTYTMCCSW,NC_000962.3,2007068,2007087,+,2.5652,2.82e-05,1.00e+00,TATGCGCTGCTCTTTTTCCA,Rv1773c,,0,False
380,TWTKCATTGYTWTYTMCCSW,NC_000962.3,2630891,2630910,-,2.5652,2.82e-05,1.00e+00,CCTGCATTGTCATTTCGCCG,Rv2351c,plcA,0,False
381,TWTKCATTGYTWTYTMCCSW,NC_000962.3,3183724,3183743,-,2.5652,2.82e-05,1.00e+00,GTTGCGTTGTTCTCTAGCGC,Rv2872,vapC43,0,False
382,TWTKCATTGYTWTYTMCCSW,NC_000962.3,3944052,3944071,-,2.5652,2.82e-05,1.00e+00,TTTGCGGTGTTATCTGCTCC,Rv3512,PE_PGRS56,0,False
383,TWTKCATTGYTWTYTMCCSW,NC_000962.3,4316743,4316762,+,2.5652,2.82e-05,1.00e+00,TTTCCACAGCTTTATCCACA,Rv3843c,,147,True
384,GTTGTCYWWGYAAYCGCKTWT,NC_000962.3,3109634,3109654,-,0.0580,2.82e-05,1.00e+00,GTCGTCGCGGTAACCGCCGTT,Rv2800,,0,False
385,GTTGTCYWWGYAAYCGCKTWT,NC_000962.3,4243284,4243304,+,0.0580,2.82e-05,1.00e+00,GTCGTCTCGGGAATCGCGGGT,Rv3794,embA,0,False
386,GTTAWCKCYYSAAKAATYCC,NC_000962.3,1530857,1530876,+,2.5580,2.82e-05,1.00e+00,GTTAACGTTCAGGTAGTTCC,Rv1359,,0,False
387,GTTAWCKCYYSAAKAATYCC,NC_000962.3,3231287,3231306,-,2.5580,2.82e-05,1.00e+00,GTCTACTCTGGAATCATCAC,Rv2920c,amt,0,False
388,GTTAWCKCYYSAAKAATYCC,NC_000962.3,3384579,3384598,+,2.5580,2.82e-05,1.00e+00,GCGATCGGTAGAATAGTTCC,Rv3025c,iscS,0,False
389,GTTAWCKCYYSAAKAATYCC,NC_000962.3,3675923,3675942,+,2.5580,2.82e-05,1.00e+00,GATATCTCCTCACCGATTCG,Rv3294c,,0,False
390,GTTAWCKCYYSAAKAATYCC,NC_000962.3,4042054,4042073,+,2.5580,2.82e-05,1.00e+00,GCCACCTCTTGAATAAGCTC,Rv3598c,lysS,0,False
391,GTTAWCKCYYSAAKAATYCC,NC_000962.3,4356468,4356487,+,2.5580,2.82e-05,1.00e+00,ATGATCGCTGCCATCATTCC,Rv3877,eccD1,0,False
392,GTTAWCKCYYSAAKAATYCC,NC_000962.3,3963276,3963295,-,2.5507,2.84e-05,1.00e+00,GTCATCTCTTCGCTCATACC,Rv3526,kshA,0,False
393,GTTAWCKCYYSAAKAATYCC,NC_000962.3,83938,83957,+,2.5000,2.99e-05,1.00e+00,GGTACCGCTACAAGCATCCG,Rv0074,,0,False
394,GTTAWCKCYYSAAKAATYCC,NC_000962.3,1085177,1085196,+,2.5000,2.99e-05,1.00e+00,GGTAGCGCTCGCAGAATACG,Rv0973c,accA2,0,False
395,GTTAWCKCYYSAAKAATYCC,NC_000962.3,1112378,1112397,+,2.5000,2.99e-05,1.00e+00,GTCATCATGCCAAGCATCCC,Rv0996,,5,True
396,GTTAWCKCYYSAAKAATYCC,NC_000962.3,1371563,1371582,+,2.5000,2.99e-05,1.00e+00,GTGAGCTGCGCCAGAATCCC,Rv1228a,,0,False
397,GTTAWCKCYYSAAKAATYCC,NC_000962.3,1498108,1498127,-,2.5000,2.99e-05,1.00e+00,GATACCGCGTCACGAATCCT,Rv1329c,dinG,0,False
398,GTTAWCKCYYSAAKAATYCC,NC_000962.3,1524210,1524229,-,2.5000,2.99e-05,1.00e+00,GTAATAGCAGCGAGAATCCC,Rv1356c,,0,False
399,GTTAWCKCYYSAAKAATYCC,NC_000962.3,1971498,1971517,-,2.5000,2.99e-05,1.00e+00,GTTACCGCCGGCGTAATCGC,Rv1745c,idi,0,False
400,GTTAWCKCYYSAAKAATYCC,NC_000962.3,2215775,2215794,+,2.5000,2.99e-05,1.00e+00,GTTAGGGCTCGAACTTTCCC,Rv1971,mce3F,0,False
401,GTTAWCKCYYSAAKAATYCC,NC_000962.3,2553096,2553115,-,2.5000,2.99e-05,1.00e+00,GTAAACGCCGGATGAATAAC,Rv2281,pitB,76,True
402,GTTAWCKCYYSAAKAATYCC,NC_000962.3,2688935,2688954,+,2.5000,2.99e-05,1.00e+00,GTTACCTCGCCAAGAGACGC,Rv2394,ggtB,0,False
403,GTTAWCKCYYSAAKAATYCC,NC_000962.3,2832113,2832132,-,2.5000,2.99e-05,1.00e+00,GATATCGCGGCACGAATCCG,Rv2515c,,0,False
404,GTTAWCKCYYSAAKAATYCC,NC_000962.3,3336452,3336471,+,2.5000,2.99e-05,1.00e+00,GTTATCGACCACACCATCCC,Rv2980,,0,False
405,GTTAWCKCYYSAAKAATYCC,NC_000962.3,3521271,3521290,-,2.5000,2.99e-05,1.00e+00,GTCATCGCCAGAAACATCGC,Rv3154,nuoJ,0,False
406,GTTGTCYWWGYAAYCGCKTWT,NC_000962.3,2252810,2252830,-,-0.3261,3.00e-05,1.00e+00,GTAGTCTTTTCAATTGGCTGT,Rv2006,otsB1,0,False
407,TWTKCATTGYTWTYTMCCSW,NC_000962.3,232730,232749,-,2.5580,3.04e-05,1.00e+00,CATCCATGGGTTCTTCCCGA,Rv0197,,0,False
408,TWTKCATTGYTWTYTMCCSW,NC_000962.3,2422272,2422291,+,2.5580,3.04e-05,1.00e+00,TAGGCATGGCTTTTGACCTC,Rv2161c,,0,False
409,TWTKCATTGYTWTYTMCCSW,NC_000962.3,3458306,3458325,-,2.5580,3.04e-05,1.00e+00,TTGTCACTGTTTTGGCCCGG,Rv3090,,0,False
410,TWTKCATTGYTWTYTMCCSW,NC_000962.3,3617438,3617457,-,2.5580,3.04e-05,1.00e+00,TATCCAGCGTTCCTTCCCGT,Rv3239c,,0,False
411,TWTKCATTGYTWTYTMCCSW,NC_000962.3,4307549,4307568,+,2.5580,3.04e-05,1.00e+00,CGTTCATTGACACCTACCGA,Rv3833,,0,False
412,TWTKCATTGYTWTYTMCCSW,NC_000962.3,4359706,4359725,+,2.5580,3.04e-05,1.00e+00,TCTTCATCGGCTTCCACCCA,Rv3879c,espK,0,False
413,TWTKCATTGYTWTYTMCCSW,NC_000962.3,1809887,1809906,+,2.5000,3.05e-05,1.00e+00,TGTGCTTTGCTCGCTGCCGT,Rv1610,,0,False
414,TWTKCATTGYTWTYTMCCSW,NC_000962.3,3148953,3148972,+,2.5000,3.05e-05,1.00e+00,TGTTCATAGCTCTCCCCCGG,Rv2841c,nusA,0,False
415,TWTKCATTGYTWTYTMCCSW,NC_000962.3,2632307,2632326,-,2.1739,3.08e-05,1.00e+00,TTCGAATAATTTTTTACTGT,Rv2351c,plcA,232,True
416,TWTKCATTGYTWTYTMCCSW,NC_000962.3,3078093,3078112,+,2.1739,3.08e-05,1.00e+00,TATTGATCTCTATTGATCGA,Rv2768c,PPE43,15,True
417,TWTKCATTGYTWTYTMCCSW,NC_000962.3,3677219,3677238,+,2.1667,3.10e-05,1.00e+00,GAGTCATTGTTTTTGATGCT,Rv3296,lhr,0,False
418,GTTGTCYWWGYAAYCGCKTWT,NC_000962.3,443904,443924,+,-0.3333,3.11e-05,1.00e+00,CATGTCGTCGTAATAGCTGTT,Rv0365c,,0,False
419,GTTGTCYWWGYAAYCGCKTWT,NC_000962.3,751717,751737,+,-0.3333,3.11e-05,1.00e+00,GGTGTTTCTGAAATCTCTGAT,Rv0655,mkl,0,False
420,GTTGTCYWWGYAAYCGCKTWT,NC_000962.3,1696330,1696350,+,-0.3333,3.11e-05,1.00e+00,GATGCCGGTGTAATCAGTTTT,Rv1506c,,0,False
421,GTTGTCYWWGYAAYCGCKTWT,NC_000962.3,1966603,1966623,-,-0.3333,3.11e-05,1.00e+00,GTTGTCATCGTGATGGTTTTC,Rv1739c,,0,False
422,GTTGTCYWWGYAAYCGCKTWT,NC_000962.3,2627583,2627603,+,-0.3333,3.11e-05,1.00e+00,CTTGTCGATGTCAACACTGTT,Rv2349c,plcC,0,False
423,GTTGTCYWWGYAAYCGCKTWT,NC_000962.3,2899741,2899761,-,-0.3333,3.11e-05,1.00e+00,GGTGTCGAAGTAGGCCGTTTT,Rv2575,,0,False
424,GTTGTCYWWGYAAYCGCKTWT,NC_000962.3,3597689,3597709,+,-0.3333,3.11e-05,1.00e+00,CTTGTCGATCTGATCGCCTTC,Rv3221c,TB7.3,0,False
425,GTTGTCYWWGYAAYCGCKTWT,NC_000962.3,3925937,3925957,-,-0.3333,3.11e-05,1.00e+00,CTCGTCGTTGTAATAGCCTTC,Rv3506,fadD17,0,False
426,GTTAWCKCYYSAAKAATYCC,NC_000962.3,432197,432216,-,2.4928,3.13e-05,1.00e+00,GTCACCACTCCATTCATCCC,Rv0355c,PPE8,0,False
427,GTTAWCKCYYSAAKAATYCC,NC_000962.3,635212,635231,-,2.4928,3.13e-05,1.00e+00,GTGATCGCCGGATCAGTTCC,Rv0542c,menE,0,False
428,GTTAWCKCYYSAAKAATYCC,NC_000962.3,1036615,1036634,+,2.4928,3.13e-05,1.00e+00,GATATCACGCGAAGTGTTCC,Rv0929,pstC2,0,False
429,GTTAWCKCYYSAAKAATYCC,NC_000962.3,1274063,1274082,-,2.4928,3.13e-05,1.00e+00,GTGATCGCGGCAATTAGCCC,Rv1146,,0,False
430,GTTAWCKCYYSAAKAATYCC,NC_000962.3,1472699,1472718,+,2.4928,3.13e-05,1.00e+00,GCTAACGCATTAAGTACCCC,Rvnr01,rrs,0,False
431,GTTAWCKCYYSAAKAATYCC,NC_000962.3,1537191,1537210,+,2.4928,3.13e-05,1.00e+00,GATAGCGCTCGGACAGTTCC,Rv1364c,,0,False
432,GTTAWCKCYYSAAKAATYCC,NC_000962.3,1605945,1605964,-,2.4928,3.13e-05,1.00e+00,GGTTACGCAGCAAGAACTCC,Rv1429,,0,False
433,GTTAWCKCYYSAAKAATYCC,NC_000962.3,1897159,1897178,+,2.4928,3.13e-05,1.00e+00,GGCATCGCGGCAAGGATTCC,Rv1672c,,0,False
434,GTTAWCKCYYSAAKAATYCC,NC_000962.3,2309335,2309354,+,2.4928,3.13e-05,1.00e+00,GCTATCACCGCACTGATCCC,Rv2051c,ppm1,0,False
435,GTTAWCKCYYSAAKAATYCC,NC_000962.3,2459062,2459081,+,2.4928,3.13e-05,1.00e+00,GTGGCCTCATCAAGAACCCC,Rv2195,qcrA,0,False
436,GTTAWCKCYYSAAKAATYCC,NC_000962.3,2990753,2990772,+,2.4928,3.13e-05,1.00e+00,GCTCACCCCGCAGGAATTCC,Rv2674,msrB,0,False
437,GTTAWCKCYYSAAKAATYCC,NC_000962.3,3665670,3665689,+,2.4928,3.13e-05,1.00e+00,GTGAACGCTCCAGCCATACC,Rv3283,sseA,0,False
438,GTTAWCKCYYSAAKAATYCC,NC_000962.3,4174820,4174839,+,2.4928,3.13e-05,1.00e+00,GTTGACGCGTCACATATCCC,Rv3728,,52,True
439,GTTGTCYWWGYAAYCGCKTWT,NC_000962.3,2929435,2929455,-,-0.3913,3.20e-05,1.00e+00,GTTGTCCAGCGAACCGGCGTT,Rv2601,speE,0,False
440,GTTGTCYWWGYAAYCGCKTWT,NC_000962.3,3228725,3228745,-,-0.3913,3.20e-05,1.00e+00,GGTGTCGCGATAACCGAGTTT,Rv2918c,glnD,0,False
441,GTTGTCYWWGYAAYCGCKTWT,NC_000962.3,4336286,4336306,-,-0.3913,3.20e-05,1.00e+00,GTTGGCATGTCAAGCGGGTTT,Rv3859c,gltB,205,True
442,GTTAWCKCYYSAAKAATYCC,NC_000962.3,2167541,2167560,+,2.1087,3.21e-05,1.00e+00,ATTAATTCCCCGATGATTTC,Rv1918c,PPE35,107,True
443,GTTAWCKCYYSAAKAATYCC,NC_000962.3,2813616,2813635,-,2.1087,3.21e-05,1.00e+00,CTTGTGGTTTGAAGAGTTCC,Rv2499c,,0,False
444,GTTAWCKCYYSAAKAATYCC,NC_000962.3,3533923,3533942,+,2.1087,3.21e-05,1.00e+00,TCTAACTTCTGCAGAATTTC,Rv3165c,,0,False
445,GTTAWCKCYYSAAKAATYCC,NC_000962.3,596610,596629,+,2.1014,3.29e-05,1.00e+00,GTGAAATCCTGAATTCTTCA,Rv0505c,serB1,25,True
446,GTTAWCKCYYSAAKAATYCC,NC_000962.3,1307705,1307724,-,2.1014,3.29e-05,1.00e+00,GGTATCTGCTCAATCAGTTC,Rv1175c,fadH,0,False
447,GTTAWCKCYYSAAKAATYCC,NC_000962.3,1902101,1902120,-,2.1014,3.29e-05,1.00e+00,GGTATTTGTTGACGAACTCC,Rv1677,dsbF,0,False
448,GTTAWCKCYYSAAKAATYCC,NC_000962.3,2273199,2273218,+,2.1014,3.29e-05,1.00e+00,CGAATCTCCTGAATGATTTC,Rv2027c,dosT,0,False
449,GTTAWCKCYYSAAKAATYCC,NC_000962.3,2363153,2363172,-,2.1014,3.29e-05,1.00e+00,TTTTTCTCCTCGATCATTTC,Rv2101,helZ,0,False
450,GTTAWCKCYYSAAKAATYCC,NC_000962.3,3077375,3077394,+,2.1014,3.29e-05,1.00e+00,TCAATGTCCTGAATGATTCC,Rv2768c,PPE43,0,False
451,GTTAWCKCYYSAAKAATYCC,NC_000962.3,848139,848158,+,2.0507,3.32e-05,1.00e+00,ATTAAAGCCACCAGAATCCT,Rv0755c,PPE12,0,False
452,GTTAWCKCYYSAAKAATYCC,NC_000962.3,3527226,3527245,+,2.0507,3.32e-05,1.00e+00,GTTCTTCACCGAAGAATCCG,Rv3158,nuoN,0,False
453,GTTGTCYWWGYAAYCGCKTWT,NC_000962.3,81415,81435,-,-0.3986,3.36e-05,1.00e+00,GTTGGCGTGCCAATCGCCTTG,Rv0072,,0,False
454,GTTGTCYWWGYAAYCGCKTWT,NC_000962.3,222471,222491,+,-0.3986,3.36e-05,1.00e+00,GCTGTCCTGGTATGCCCTTGT,Rv0191,,0,False
455,GTTGTCYWWGYAAYCGCKTWT,NC_000962.3,279626,279646,+,-0.3986,3.36e-05,1.00e+00,GATGTTGCAGAACTCGCGTAT,Rv0234c,gabD1,0,False
456,GTTGTCYWWGYAAYCGCKTWT,NC_000962.3,383083,383103,+,-0.3986,3.36e-05,1.00e+00,GCTGTCGTTGCAGGCGATTGT,Rv0314c,,0,False
457,GTTGTCYWWGYAAYCGCKTWT,NC_000962.3,522155,522175,+,-0.3986,3.36e-05,1.00e+00,GTTGTCGACGTAACTGCCCTA,Rv0434,,0,False
458,GTTGTCYWWGYAAYCGCKTWT,NC_000962.3,1258516,1258536,-,-0.3986,3.36e-05,1.00e+00,GTTGCCGGCGTAATAGCGCAT,Rv1132,,0,False
459,GTTGTCYWWGYAAYCGCKTWT,NC_000962.3,1567377,1567397,-,-0.3986,3.36e-05,1.00e+00,GTTGTCCTCGTAGGCGATAGT,Rv1392,metK,0,False
460,GTTGTCYWWGYAAYCGCKTWT,NC_000962.3,1947924,1947944,-,-0.3986,3.36e-05,1.00e+00,GTTGTGAAAGAACGCGCGTAC,Rv1722,,0,False
461,GTTGTCYWWGYAAYCGCKTWT,NC_000962.3,2555986,2556006,-,-0.3986,3.36e-05,1.00e+00,GTTGTCGGTGATGCCGATTTT,Rv2283,,0,False
462,GTTGTCYWWGYAAYCGCKTWT,NC_000962.3,2631677,2631697,+,-0.3986,3.36e-05,1.00e+00,GTTGTCGTTGGCACCACCGTT,Rv2351c,plcA,0,False
463,GTTGTCYWWGYAAYCGCKTWT,NC_000962.3,2692063,2692083,+,-0.3986,3.36e-05,1.00e+00,TTTGCCTGGGTAACCGCATTG,Rv2395,,0,False
464,GTTGTCYWWGYAAYCGCKTWT,NC_000962.3,3509681,3509701,-,-0.3986,3.36e-05,1.00e+00,GTTGTCGCTGTAGACGAGGAT,Rv3143,,0,False
465,GTTGTCYWWGYAAYCGCKTWT,NC_000962.3,4380433,4380453,-,-0.3986,3.36e-05,1.00e+00,GATGTCCAAGAAAGCGTTTCC,Rv3894c,eccC2,0,False
466,GTTGTCYWWGYAAYCGCKTWT,NC_000962.3,598792,598812,-,-0.4058,3.38e-05,1.00e+00,GTTGTCAATGACCTCGCCCAT,Rv0507,mmpL2,0,False
467,GTTGTCYWWGYAAYCGCKTWT,NC_000962.3,2731283,2731303,+,-0.4058,3.38e-05,1.00e+00,GTTGACTTCGTAGTCGCCTGC,Rv2435c,,0,False
468,GTTGTCYWWGYAAYCGCKTWT,NC_000962.3,2894121,2894141,+,-0.4058,3.38e-05,1.00e+00,GTCGACGATGGAATCGCTGGT,Rv2569c,,0,False
469,GTTGTCYWWGYAAYCGCKTWT,NC_000962.3,1884817,1884837,-,-0.4638,3.38e-05,1.00e+00,GCTGCCGGGGCAACCGCCTTT,Rv1662,pks8,0,False
470,TWTKCATTGYTWTYTMCCSW,NC_000962.3,808673,808692,+,2.1087,3.41e-05,1.00e+00,TTGCGCTTGCTTTTTCGCGT,Rv0711,atsA,0,False
471,TWTKCATTGYTWTYTMCCSW,NC_000962.3,1054166,1054185,+,2.1087,3.41e-05,1.00e+00,TTTTCAGTACTGTCCAACGT,Rv0944,,0,False
472,TWTKCATTGYTWTYTMCCSW,NC_000962.3,1528250,1528269,+,2.1087,3.41e-05,1.00e+00,TATTCAGTGCTTGATCAACT,Rv1358,,0,False
473,TWTKCATTGYTWTYTMCCSW,NC_000962.3,1982584,1982603,-,2.1087,3.41e-05,1.00e+00,TTTGGAATACCCTTTACCCT,Rv1753c,PPE24,0,False
474,TWTKCATTGYTWTYTMCCSW,NC_000962.3,2545586,2545605,-,2.1087,3.41e-05,1.00e+00,CATTCATTACGATCTCACAA,Rv2271,,0,False
475,GTTGTCYWWGYAAYCGCKTWT,NC_000962.3,2218403,2218423,-,-0.7826,3.46e-05,1.00e+00,GTTGTAGTACCACTGGTTTAT,Rv1975,,0,False
476,GTTGTCYWWGYAAYCGCKTWT,NC_000962.3,3381121,3381141,+,-0.7899,3.54e-05,1.00e+00,GTTGCGTATGTCAACTGTTAT,Rv3022A,PE29,128,True
477,GTTGTCYWWGYAAYCGCKTWT,NC_000962.3,3723278,3723298,+,-0.7899,3.54e-05,1.00e+00,CTTGTCTTTGAACTGGGTCAT,Rv3336c,trpS,0,False
478,GTTAWCKCYYSAAKAATYCC,NC_000962.3,717005,717024,+,2.0435,3.62e-05,1.00e+00,GTTCAAGGGCGAAGATTTCC,Rv0624,vapC30,0,False
479,GTTAWCKCYYSAAKAATYCC,NC_000962.3,970788,970807,+,2.0435,3.62e-05,1.00e+00,GTTTCGGCTTGAAGATTCCG,Rv0873,fadE10,0,False
480,GTTAWCKCYYSAAKAATYCC,NC_000962.3,1231542,1231561,-,2.0435,3.62e-05,1.00e+00,GTTCAGGCTCCAACAGTCCT,Rv1103c,mazE3,251,True
481,GTTAWCKCYYSAAKAATYCC,NC_000962.3,1262271,1262290,+,2.0435,3.62e-05,1.00e+00,GCTAACCGTCGAAGAACCCG,Rv1135c,PPE16,0,False
482,GTTAWCKCYYSAAKAATYCC,NC_000962.3,1460427,1460446,-,2.0435,3.62e-05,1.00e+00,GTGATCGCCTCAAAAAACAA,Rv1304,atpB,0,False
483,GTTAWCKCYYSAAKAATYCC,NC_000962.3,1571494,1571513,+,2.0435,3.62e-05,1.00e+00,GATATTGCCGGAATCATCGC,Rv1395,,0,False
484,GTTAWCKCYYSAAKAATYCC,NC_000962.3,1673236,1673255,-,2.0435,3.62e-05,1.00e+00,ATTGACGCCCTACGAATTGC,Rv1482c,,0,False
485,GTTAWCKCYYSAAKAATYCC,NC_000962.3,1883051,1883070,-,2.0435,3.62e-05,1.00e+00,GGTGCCTGCTCAAGAATCAC,Rv1662,pks8,0,False
486,GTTAWCKCYYSAAKAATYCC,NC_000962.3,2179452,2179471,-,2.0435,3.62e-05,1.00e+00,GTAATCGCCCCAACAAGTAG,Rv1926c,mpt63,16,True
487,GTTAWCKCYYSAAKAATYCC,NC_000962.3,2397282,2397301,-,2.0435,3.62e-05,1.00e+00,GTCAACCTCTCACGAATCCG,Rv2137c,,0,False
488,GTTAWCKCYYSAAKAATYCC,NC_000962.3,3868907,3868926,+,2.0435,3.62e-05,1.00e+00,GTTATCGCCACCATATTCGG,Rv3448,eccD4,0,False
489,GTTGTCYWWGYAAYCGCKTWT,NC_000962.3,1883608,1883628,+,-0.8478,3.74e-05,1.00e+00,GTTGTTGCAGCACTGGGGTAT,Rv1662,pks8,0,False
490,GTTGTCYWWGYAAYCGCKTWT,NC_000962.3,1943783,1943803,+,-0.8478,3.74e-05,1.00e+00,GTGGTGGAAGGAACACCGTTT,Rv1716,,0,False
491,GTTGTCYWWGYAAYCGCKTWT,NC_000962.3,3147824,3147844,-,-0.8478,3.74e-05,1.00e+00,GTTGGCTAAGGAACTCGGTGT,Rv2839c,infB,0,False
492,TWTKCATTGYTWTYTMCCSW,NC_000962.3,61422,61441,-,2.1014,3.80e-05,1.00e+00,GATTCATACTTCTTGCCCGA,Rv0058,dnaB,0,False
493,TWTKCATTGYTWTYTMCCSW,NC_000962.3,159078,159097,-,2.1014,3.80e-05,1.00e+00,CATGCGTCGTTCTTTATCGT,Rv0131c,fadE1,0,False
494,TWTKCATTGYTWTYTMCCSW,NC_000962.3,432874,432893,-,2.1014,3.80e-05,1.00e+00,TATTCAATGTCGGTTCCGGA,Rv0355c,PPE8,0,False
495,TWTKCATTGYTWTYTMCCSW,NC_000962.3,510761,510780,+,2.1014,3.80e-05,1.00e+00,TTTGCCTTGTTGCTGACGGT,Rv0425c,ctpH,0,False
496,TWTKCATTGYTWTYTMCCSW,NC_000962.3,1512319,1512338,-,2.1014,3.80e-05,1.00e+00,TATTCGTTGCCATTGATCGG,Rv1347c,mbtK,0,False
497,TWTKCATTGYTWTYTMCCSW,NC_000962.3,1543346,1543365,-,2.1014,3.80e-05,1.00e+00,TTGTCACTGGTATTCCTCCA,Rv1371,,12,True
498,TWTKCATTGYTWTYTMCCSW,NC_000962.3,1691902,1691921,-,2.1014,3.80e-05,1.00e+00,GAAGTATTGTTTTCAACCTT,Rv1501,,0,False
499,TWTKCATTGYTWTYTMCCSW,NC_000962.3,1695490,1695509,-,2.1014,3.80e-05,1.00e+00,CGATCACTGTTTTCTAGCGT,Rv1505c,,0,False
500,TWTKCATTGYTWTYTMCCSW,NC_000962.3,2072899,2072918,-,2.1014,3.80e-05,1.00e+00,AATTCGTTGTTTTCCAACCG,Rv1827,garA,0,False
501,TWTKCATTGYTWTYTMCCSW,NC_000962.3,2745072,2745091,+,2.1014,3.80e-05,1.00e+00,TTGTGATGGTCTTGTCCCGA,Rv2444c,rne,88,True
502,TWTKCATTGYTWTYTMCCSW,NC_000962.3,3221936,3221955,+,2.1014,3.80e-05,1.00e+00,CATTCGTTGCTATGCACAGT,Rv2914c,pknI,0,False
503,TWTKCATTGYTWTYTMCCSW,NC_000962.3,3417137,3417156,-,2.1014,3.80e-05,1.00e+00,TTGTCACTGATACCTATCGA,Rv3056,dinP,0,False
504,TWTKCATTGYTWTYTMCCSW,NC_000962.3,3465165,3465184,-,2.1014,3.80e-05,1.00e+00,TTGTCTTTCCTTTCCACCTT,Rv3096,,0,False
505,TWTKCATTGYTWTYTMCCSW,NC_000962.3,3765482,3765501,+,2.1014,3.80e-05,1.00e+00,GTGGAATTGTGATTTTCCCT,Rv3350c,PPE56,0,False
506,TWTKCATTGYTWTYTMCCSW,NC_000962.3,4291727,4291746,+,2.1014,3.80e-05,1.00e+00,CTTTCGATGTTATTTCGCCG,Rv3824c,papA1,0,False
507,TWTKCATTGYTWTYTMCCSW,NC_000962.3,3849028,3849047,-,2.0942,3.85e-05,1.00e+00,TATTCGTCGTTGCTGACCGA,Rv3430a,,29,True
508,TWTKCATTGYTWTYTMCCSW,NC_000962.3,4267368,4267387,-,2.0942,3.85e-05,1.00e+00,CACGCAGTGTTTTTCACCAA,Rv3805c,aftB,0,False
509,TWTKCATTGYTWTYTMCCSW,NC_000962.3,141773,141792,+,2.0435,4.00e-05,1.00e+00,TTGGCATTGCTCACTGCGGA,Rv0117,oxyS,0,False
510,TWTKCATTGYTWTYTMCCSW,NC_000962.3,342087,342106,+,2.0435,4.00e-05,1.00e+00,TATGCAATGCTAACTTCGGG,Rv0282,eccA3,42,True
511,TWTKCATTGYTWTYTMCCSW,NC_000962.3,918483,918502,+,2.0435,4.00e-05,1.00e+00,TGTTCATCGCGATCTCGCGG,Rv0824c,desA1,0,False
512,TWTKCATTGYTWTYTMCCSW,NC_000962.3,980119,980138,+,2.0435,4.00e-05,1.00e+00,TGCGCATTCCGATGTCCCGA,Rv0881,,0,False
513,TWTKCATTGYTWTYTMCCSW,NC_000962.3,1118495,1118514,-,2.0435,4.00e-05,1.00e+00,TTTGCGTGGCTGTATCCGGT,Rv1002c,,0,False
514,TWTKCATTGYTWTYTMCCSW,NC_000962.3,1459162,1459181,+,2.0435,4.00e-05,1.00e+00,TTTGCTTTGCTGTCGCCGTT,Rv1302,rfe,0,False
515,TWTKCATTGYTWTYTMCCSW,NC_000962.3,1680414,1680433,+,2.0435,4.00e-05,1.00e+00,TCGGCATTGCTGGTTCCGCT,Rv1490,,0,False
516,TWTKCATTGYTWTYTMCCSW,NC_000962.3,1897421,1897440,-,2.0435,4.00e-05,1.00e+00,GTTGCAGTTCTTTCTGCCCC,Rv1672c,,0,False
517,TWTKCATTGYTWTYTMCCSW,NC_000962.3,2041681,2041700,-,2.0435,4.00e-05,1.00e+00,TTGGCATTGCTATGGCCAGC,Rv1800,PPE28,261,True
518,TWTKCATTGYTWTYTMCCSW,NC_000962.3,3324724,3324743,+,2.0435,4.00e-05,1.00e+00,TTCGCATAGCTTTCTCCTTC,Rv2970c,lipN,0,False
519,TWTKCATTGYTWTYTMCCSW,NC_000962.3,3660691,3660710,-,2.0435,4.00e-05,1.00e+00,CATGCGTTGCTGTATCACGA,Rv3277,,0,False
520,GTTAWCKCYYSAAKAATYCC,NC_000962.3,170608,170627,-,2.0362,4.09e-05,1.00e+00,GCGATCTCCTGAAAAGTCGC,Rv0144,,0,False
521,GTTAWCKCYYSAAKAATYCC,NC_000962.3,599770,599789,-,2.0362,4.09e-05,1.00e+00,GCCATGGCACGGATAATTCC,Rv0507,mmpL2,0,False
522,GTTAWCKCYYSAAKAATYCC,NC_000962.3,1296380,1296399,+,2.0362,4.09e-05,1.00e+00,GTGAACGCCGCAATCAGTGC,Rv1166,lpqW,0,False
523,GTTAWCKCYYSAAKAATYCC,NC_000962.3,1311709,1311728,-,2.0362,4.09e-05,1.00e+00,GCTGGCTACCGAATACTTCC,Rv1179c,,0,False
524,GTTAWCKCYYSAAKAATYCC,NC_000962.3,1535433,1535452,+,2.0362,4.09e-05,1.00e+00,GGTATCGCTCACAGTATTGC,RVnc0015,mcr15,0,False
525,GTTAWCKCYYSAAKAATYCC,NC_000962.3,1571503,1571522,-,2.0362,4.09e-05,1.00e+00,GTTGTCGTCGCGATGATTCC,Rv1395,,0,False
526,GTTAWCKCYYSAAKAATYCC,NC_000962.3,1825729,1825748,-,2.0362,4.09e-05,1.00e+00,GGTATCGCCTCACCAAATTC,Rv1623c,cydA,0,False
527,GTTAWCKCYYSAAKAATYCC,NC_000962.3,1876663,1876682,-,2.0362,4.09e-05,1.00e+00,GGTGCCTCTTCCAGAATCAC,Rv1661,pks7,0,False
528,GTTAWCKCYYSAAKAATYCC,NC_000962.3,2029878,2029897,-,2.0362,4.09e-05,1.00e+00,TTCCTCTCCCAATTAATCCC,Rv1791,PE19,25,True
529,GTTAWCKCYYSAAKAATYCC,NC_000962.3,2462722,2462741,-,2.0362,4.09e-05,1.00e+00,GGTGTCGCCGCCATAATTGC,Rv2198c,mmpS3,0,False
530,GTTAWCKCYYSAAKAATYCC,NC_000962.3,2565350,2565369,+,2.0362,4.09e-05,1.00e+00,GCTAACGCTCGAGCAACTGC,Rv2294,,0,False
531,GTTAWCKCYYSAAKAATYCC,NC_000962.3,2874787,2874806,+,2.0362,4.09e-05,1.00e+00,TGTCACCCTCGACGAATTCC,Rv2555c,alaS,0,False
532,GTTAWCKCYYSAAKAATYCC,NC_000962.3,2942047,2942066,-,2.0362,4.09e-05,1.00e+00,TGTATCGCTACGAGAAGTCC,Rv2614c,thrS,0,False
533,GTTAWCKCYYSAAKAATYCC,NC_000962.3,2951690,2951709,+,2.0362,4.09e-05,1.00e+00,CGTAACGCTGGATGAAATCC,Rv2625c,,0,False
534,GTTAWCKCYYSAAKAATYCC,NC_000962.3,3042643,3042662,-,2.0362,4.09e-05,1.00e+00,GGCAATTCCTCATCAATCCC,Rv2730,,0,False
535,GTTAWCKCYYSAAKAATYCC,NC_000962.3,3108961,3108980,+,2.0362,4.09e-05,1.00e+00,GTTTACGGTCAACGACTTCC,Rv2800,,0,False
536,GTTAWCKCYYSAAKAATYCC,NC_000962.3,3426785,3426804,+,2.0362,4.09e-05,1.00e+00,GCAAGCTCTCCAATATTCAC,Rv3062,ligB,0,False
537,GTTAWCKCYYSAAKAATYCC,NC_000962.3,3542952,3542971,-,2.0362,4.09e-05,1.00e+00,GATACAGCTCGACTAACTCC,Rv3175,,0,False
538,GTTGTCYWWGYAAYCGCKTWT,NC_000962.3,190855,190875,+,-0.8551,4.17e-05,1.00e+00,GCTGTCTACCGAACGGCTTTG,Rv0161,,0,False
539,GTTGTCYWWGYAAYCGCKTWT,NC_000962.3,234369,234389,-,-0.8551,4.17e-05,1.00e+00,CTCGTCGAAGTAAGTGCGTTC,Rv0197,,0,False
540,GTTGTCYWWGYAAYCGCKTWT,NC_000962.3,304546,304566,-,-0.8551,4.17e-05,1.00e+00,GTGGTCGTTGGAATCTTGTAG,Rv0252,nirB,0,False
541,GTTGTCYWWGYAAYCGCKTWT,NC_000962.3,580189,580209,+,-0.8551,4.17e-05,1.00e+00,GTTTCCAATGCGATTGCCTAT,Rv0490,senX3,0,False
542,GTTGTCYWWGYAAYCGCKTWT,NC_000962.3,688934,688954,-,-0.8551,4.17e-05,1.00e+00,GTTGAAGAAGTCACCGTATAT,Rv0591,mce2C,124,True
543,GTTGTCYWWGYAAYCGCKTWT,NC_000962.3,999422,999442,-,-0.8551,4.17e-05,1.00e+00,GCTGCCCCACTAAGTGCTTAT,Rv0896,gltA2,49,True
544,GTTGTCYWWGYAAYCGCKTWT,NC_000962.3,1545037,1545057,+,-0.8551,4.17e-05,1.00e+00,GGTGTATCAAAAATCGCGGAT,Rv1372,,0,False
545,GTTGTCYWWGYAAYCGCKTWT,NC_000962.3,1836660,1836680,+,-0.8551,4.17e-05,1.00e+00,ATAGTAGTCGTGATCGCGTTT,Rv1632c,,0,False
546,GTTGTCYWWGYAAYCGCKTWT,NC_000962.3,2149313,2149333,-,-0.8551,4.17e-05,1.00e+00,GTTGTGCCTGGGTTCGTTTTT,Rv1902c,nanT,0,False
547,GTTGTCYWWGYAAYCGCKTWT,NC_000962.3,2176344,2176364,-,-0.8551,4.17e-05,1.00e+00,GTAGCGTCAGCAAGCGGTTAT,Rv1923,lipD,0,False
548,GTTGTCYWWGYAAYCGCKTWT,NC_000962.3,2238864,2238884,-,-0.8551,4.17e-05,1.00e+00,GTCGTAGATGCCAAGGCTTTT,Rv1995,,0,False
549,GTTGTCYWWGYAAYCGCKTWT,NC_000962.3,2389053,2389073,+,-0.8551,4.17e-05,1.00e+00,GTTGTCGATGAACCTGATTTC,Rv2127,ansP1,0,False
550,GTTGTCYWWGYAAYCGCKTWT,NC_000962.3,2959839,2959859,-,-0.8551,4.17e-05,1.00e+00,GTTGTCTCGTTGATCCCGAAT,Rv2633c,,19,True
551,GTTGTCYWWGYAAYCGCKTWT,NC_000962.3,2978515,2978535,-,-0.8551,4.17e-05,1.00e+00,GTAGTCTATCCAAGCGACCAT,Rv2655c,,0,False
552,GTTGTCYWWGYAAYCGCKTWT,NC_000962.3,3493576,3493596,+,-0.8551,4.17e-05,1.00e+00,GTTGTTCTTGGACTCGATGGT,Rv3127,,395,True
553,GTTGTCYWWGYAAYCGCKTWT,NC_000962.3,3998391,3998411,-,-0.8551,4.17e-05,1.00e+00,GTATTCCTCGTAAAGGCTTTC,Rv3558,PPE64,0,False
554,GTTGTCYWWGYAAYCGCKTWT,NC_000962.3,4282258,4282278,+,-0.8551,4.17e-05,1.00e+00,GCTGTCGTTGCAATGGAACTT,Rv3817,,0,False
555,GTTGTCYWWGYAAYCGCKTWT,NC_000962.3,4290537,4290557,-,-0.8551,4.17e-05,1.00e+00,GCTACCGTAGCAATCACCTTT,Rv3823c,mmpL8,0,False
556,GTTAWCKCYYSAAKAATYCC,NC_000962.3,728743,728762,+,2.0290,4.18e-05,1.00e+00,GCGATCTCGTCGATAAACCC,Rv0632c,echA3,0,False
557,GTTAWCKCYYSAAKAATYCC,NC_000962.3,848739,848758,+,2.0290,4.18e-05,1.00e+00,GTTGACGCTTAACGCGTTCC,Rv0755c,PPE12,0,False
558,GTTAWCKCYYSAAKAATYCC,NC_000962.3,4382801,4382820,-,2.0290,4.18e-05,1.00e+00,GCGAACCCTTGACTGATCCC,Rv3896c,,0,False
559,GTTAWCKCYYSAAKAATYCC,NC_000962.3,4317794,4317813,+,1.9783,4.21e-05,1.00e+00,GTGACGGCGCCATGAATCCC,RVnc0040,MTS2975,629,True
560,TWTKCATTGYTWTYTMCCSW,NC_000962.3,452273,452292,+,2.0362,4.26e-05,1.00e+00,CCTGCATGGTTGGTTCCCCT,Rv0374c,,0,False
561,TWTKCATTGYTWTYTMCCSW,NC_000962.3,476566,476585,-,2.0362,4.26e-05,1.00e+00,TACCCATTGCAGTTGCCCGT,Rv0397A,,0,False
562,TWTKCATTGYTWTYTMCCSW,NC_000962.3,921889,921908,-,2.0362,4.26e-05,1.00e+00,TCTCCACTGCGAACTACCGT,Rv0830,,80,True
563,TWTKCATTGYTWTYTMCCSW,NC_000962.3,1024954,1024973,-,2.0362,4.26e-05,1.00e+00,TGTTCTTTGCGATCAACCGC,Rv0919,,0,False
564,TWTKCATTGYTWTYTMCCSW,NC_000962.3,2221677,2221696,+,2.0362,4.26e-05,1.00e+00,TCGCCGTTGTGTTCTCCCGT,Rv1978,,0,False
565,TWTKCATTGYTWTYTMCCSW,NC_000962.3,2683217,2683236,-,2.0362,4.26e-05,1.00e+00,GTTACATTGCTGGCCACCCT,Rv2389c,rpfD,30,True
566,TWTKCATTGYTWTYTMCCSW,NC_000962.3,3081270,3081289,-,2.0362,4.26e-05,1.00e+00,GATGCGTTGTTCGCTGCCGT,Rv2772c,,0,False
567,TWTKCATTGYTWTYTMCCSW,NC_000962.3,3296732,3296751,-,2.0362,4.26e-05,1.00e+00,CAGGCATTGCTGTCCACCTA,Rv2947c,pks15,0,False
568,TWTKCATTGYTWTYTMCCSW,NC_000962.3,3541063,3541082,-,2.0362,4.26e-05,1.00e+00,TACTCATTGCCGCCTACCGC,Rv3172c,,0,False
569,TWTKCATTGYTWTYTMCCSW,NC_000962.3,4028632,4028651,-,2.0362,4.26e-05,1.00e+00,GTGGCATTGATTTGCCCCGT,Rv3586,,0,False
570,TWTKCATTGYTWTYTMCCSW,NC_000962.3,4129678,4129697,-,2.0362,4.26e-05,1.00e+00,TCGCCATTGTCAGCTCCCGA,Rv3687c,rsfB,0,False
571,TWTKCATTGYTWTYTMCCSW,NC_000962.3,4296973,4296992,-,2.0362,4.26e-05,1.00e+00,TTCTCGGTGCTCTGTCCCCA,Rv3825c,pks2,0,False
572,GTTGTCYWWGYAAYCGCKTWT,NC_000962.3,323311,323331,-,-0.8623,4.27e-05,1.00e+00,GTCGGCAAAATTAGCGCTTAT,Rv0269c,,26,True
573,GTTGTCYWWGYAAYCGCKTWT,NC_000962.3,562444,562464,+,-0.8623,4.27e-05,1.00e+00,GGTGTCGTAGAGATCGTTCAT,Rv0471c,,0,False
574,GTTGTCYWWGYAAYCGCKTWT,NC_000962.3,629547,629567,-,-0.8623,4.27e-05,1.00e+00,GCTCTCTTTGGCATCGCTTGC,Rv0537c,,0,False
575,GTTGTCYWWGYAAYCGCKTWT,NC_000962.3,874445,874465,-,-0.8623,4.27e-05,1.00e+00,GTTTCCTTGGTACGCGCTTTG,Rv0780,purC,209,True
576,GTTGTCYWWGYAAYCGCKTWT,NC_000962.3,1035170,1035190,-,-0.8623,4.27e-05,1.00e+00,GTTGCCATTAAATTCGCTGAT,Rv0928,pstS3,0,False
577,GTTGTCYWWGYAAYCGCKTWT,NC_000962.3,1049117,1049137,+,-0.8623,4.27e-05,1.00e+00,TTCGGCGAAGTCATCGCCTAT,Rv0939,,0,False
578,GTTGTCYWWGYAAYCGCKTWT,NC_000962.3,1334597,1334617,+,-0.8623,4.27e-05,1.00e+00,TTCGCCGATGTCATCGCCTTT,Rv1191,,0,False
579,GTTGTCYWWGYAAYCGCKTWT,NC_000962.3,2109011,2109031,-,-0.8623,4.27e-05,1.00e+00,GGTGTTTTCGTGGGCGCTTTT,Rv1861,,153,True
580,GTTGTCYWWGYAAYCGCKTWT,NC_000962.3,2202845,2202865,-,-0.8623,4.27e-05,1.00e+00,CTCGTCTTTGGTATCGCCTTC,Rv1957,,0,False
581,GTTGTCYWWGYAAYCGCKTWT,NC_000962.3,2478093,2478113,-,-0.8623,4.27e-05,1.00e+00,GTTGCCGAAGTAGTCACCGTT,Rv2212,,0,False
582,GTTGTCYWWGYAAYCGCKTWT,NC_000962.3,2500176,2500196,-,-0.8623,4.27e-05,1.00e+00,GCTGTCTTGATGATCGCCTAG,Rv2226,,0,False
583,GTTGTCYWWGYAAYCGCKTWT,NC_000962.3,3540982,3541002,+,-0.8623,4.27e-05,1.00e+00,GTCGTCTCAGTAATCGTCGAG,Rv3172c,,0,False
584,GTTGTCYWWGYAAYCGCKTWT,NC_000962.3,3663499,3663519,-,-0.8623,4.27e-05,1.00e+00,CTTGTCGATGTCCTCGCCGTT,Rv3280,accD5,0,False
585,GTTGTCYWWGYAAYCGCKTWT,NC_000962.3,3755614,3755634,-,-0.8623,4.27e-05,1.00e+00,GTGGTCGATGTGATCACCGAT,Rv3350c,PPE56,337,True
586,GTTGTCYWWGYAAYCGCKTWT,NC_000962.3,3849238,3849258,+,-0.8623,4.27e-05,1.00e+00,GTTCTCTTCGTACTCGCCCTC,Rv3430a,,239,True
587,GTTGTCYWWGYAAYCGCKTWT,NC_000962.3,3961733,3961753,+,-0.8623,4.27e-05,1.00e+00,GCCGTCTACGTGATCGACTTT,Rv3524,,0,False
588,GTTGTCYWWGYAAYCGCKTWT,NC_000962.3,4144503,4144523,-,-0.8623,4.27e-05,1.00e+00,GGTGTCGAAATCAACGCTGTT,Rv3701c,egtD,0,False
589,GTTGTCYWWGYAAYCGCKTWT,NC_000962.3,4391382,4391402,+,-0.8623,4.27e-05,1.00e+00,GTCGTCGATGAAGTAGCTTTC,Rv3906c,,0,False
590,GTTGTCYWWGYAAYCGCKTWT,NC_000962.3,1010439,1010459,-,-0.9130,4.29e-05,1.00e+00,GTTGTCCGGACCACCACCTTT,Rv0907,,0,False
591,GTTGTCYWWGYAAYCGCKTWT,NC_000962.3,1307169,1307189,+,-0.9130,4.29e-05,1.00e+00,GTTTTCCTGGCAAATGCGTGG,Rv1175c,fadH,0,False
592,GTTGTCYWWGYAAYCGCKTWT,NC_000962.3,4358767,4358787,-,-0.9130,4.29e-05,1.00e+00,GTTGGCGGAGCAACCTGGTGT,Rv3879c,espK,0,False
593,GTTAWCKCYYSAAKAATYCC,NC_000962.3,767786,767805,+,1.9710,4.30e-05,1.00e+00,GGTATCGCCGGGAACATCCC,Rv0669c,,0,False
594,GTTAWCKCYYSAAKAATYCC,NC_000962.3,987452,987471,+,1.9710,4.30e-05,1.00e+00,GTAGACCCCGGAAGCATCCC,Rv0888,,0,False
595,GTTAWCKCYYSAAKAATYCC,NC_000962.3,1050419,1050438,+,1.9710,4.30e-05,1.00e+00,GCCAGCGCGCCAAGGATTCC,Rv0939,,73,True
596,GTTAWCKCYYSAAKAATYCC,NC_000962.3,1216810,1216829,-,1.9710,4.30e-05,1.00e+00,GTGGACGCCCCAACAACGCC,Rv1091,PE_PGRS22,0,False
597,GTTAWCKCYYSAAKAATYCC,NC_000962.3,2319965,2319984,+,1.9710,4.30e-05,1.00e+00,GTTGGCGCACCACTGATCCC,Rv2062c,cobN,0,False
598,GTTAWCKCYYSAAKAATYCC,NC_000962.3,3080568,3080587,+,1.9710,4.30e-05,1.00e+00,GATGGCGCCCAAATCATCCC,Rv2771c,,12,True
599,GTTAWCKCYYSAAKAATYCC,NC_000962.3,3211018,3211037,-,1.9710,4.30e-05,1.00e+00,GTGATCGCCGGACAAAACCC,Rv2900c,fdhF,0,False
600,TWTKCATTGYTWTYTMCCSW,NC_000962.3,3609300,3609319,-,1.6522,4.31e-05,1.00e+00,TATGTGTTGTTTTTGCGGCA,Rv3232c,ppk2,0,False
601,GTTAWCKCYYSAAKAATYCC,NC_000962.3,12616,12635,-,1.5870,4.41e-05,1.00e+00,GTTTTGGGTCGAATAGTCCT,Rv0009,ppiA,0,False
602,GTTAWCKCYYSAAKAATYCC,NC_000962.3,1404576,1404595,-,1.5870,4.41e-05,1.00e+00,AGTAATGTCTCACGAATTCC,Rv1256c,cyp130,0,False
603,GTTAWCKCYYSAAKAATYCC,NC_000962.3,1844445,1844464,-,1.5870,4.41e-05,1.00e+00,GTTCATGATCGACGAATTCG,Rv1638,uvrA,0,False
604,GTTAWCKCYYSAAKAATYCC,NC_000962.3,2601951,2601970,-,1.5870,4.41e-05,1.00e+00,CTTATCGGTCCCAGAACTCA,Rv2329c,narK1,0,False
605,GTTAWCKCYYSAAKAATYCC,NC_000962.3,2770466,2770485,+,1.5870,4.41e-05,1.00e+00,ATGATGGTTCCAAGAGTTCC,Rv2467,pepN,0,False
606,GTTAWCKCYYSAAKAATYCC,NC_000962.3,2915743,2915762,+,1.5870,4.41e-05,1.00e+00,TGTATCTCCTCGAGAATCAG,Rv2587c,secD,7,True
607,GTTAWCKCYYSAAKAATYCC,NC_000962.3,3735925,3735944,+,1.5870,4.41e-05,1.00e+00,GTTATAGCTCCCCGAATTGA,Rv3343c,PPE54,0,False
608,TWTKCATTGYTWTYTMCCSW,NC_000962.3,35036,35055,+,1.6449,4.41e-05,1.00e+00,ATTGCCTTCTTTTTGAACGT,Rv0032,bioF2,0,False
609,TWTKCATTGYTWTYTMCCSW,NC_000962.3,301459,301478,+,1.6449,4.41e-05,1.00e+00,TAATGATATTTTTCCACCCA,Rv0249c,,0,False
610,TWTKCATTGYTWTYTMCCSW,NC_000962.3,659132,659151,+,1.6449,4.41e-05,1.00e+00,CTTTCATTGTGATCGAGACA,Rv0567,,0,False
611,TWTKCATTGYTWTYTMCCSW,NC_000962.3,4364781,4364800,+,1.6449,4.41e-05,1.00e+00,GATTCATTGCGATTCATTGA,Rv3883c,mycP1,24,True
612,GTTGTCYWWGYAAYCGCKTWT,NC_000962.3,84019,84039,+,-0.9203,4.43e-05,1.00e+00,GTTGACCGAGGAACAGCTTCG,Rv0075,,0,False
613,GTTGTCYWWGYAAYCGCKTWT,NC_000962.3,1146382,1146402,-,-0.9203,4.43e-05,1.00e+00,TTGGTCGCAGTAGCCGCGTCT,Rv1024,,0,False
614,GTTGTCYWWGYAAYCGCKTWT,NC_000962.3,1336010,1336030,+,-0.9203,4.43e-05,1.00e+00,GTTGTGCCGGTACCCGCCGAT,Rv1193,fadD36,0,False
615,GTTGTCYWWGYAAYCGCKTWT,NC_000962.3,2246699,2246719,+,-0.9203,4.43e-05,1.00e+00,GTTGTCTCACAAGCCGCGGGT,Rv2000,,0,False
616,GTTGTCYWWGYAAYCGCKTWT,NC_000962.3,2692223,2692243,+,-0.9203,4.43e-05,1.00e+00,GTTGACCATGACAGCGAGTGT,RVnc0024,mcr7,0,False
617,GTTGTCYWWGYAAYCGCKTWT,NC_000962.3,2945937,2945957,+,-0.9203,4.43e-05,1.00e+00,GATGTCGTAGAAACCGGGTCC,Rv2617c,,0,False
618,GTTGTCYWWGYAAYCGCKTWT,NC_000962.3,3161903,3161923,+,-0.9203,4.43e-05,1.00e+00,GTTGTTCCAGGGACCGCTGCT,Rv2852c,mqo,0,False
619,GTTGTCYWWGYAAYCGCKTWT,NC_000962.3,3621535,3621555,+,-0.9203,4.43e-05,1.00e+00,GTTGTCTTGGCAACTGCACCG,Rv3242c,,34,True
620,GTTGTCYWWGYAAYCGCKTWT,NC_000962.3,156938,156958,+,-0.9275,4.49e-05,1.00e+00,GTTGGCGTTGTAACCGCCCGA,Rv0129c,fbpC,0,False
621,GTTGTCYWWGYAAYCGCKTWT,NC_000962.3,210267,210287,+,-0.9275,4.49e-05,1.00e+00,GTTGTCCACGTAGGCGCCCAG,Rv0179c,lprO,0,False
622,GTTGTCYWWGYAAYCGCKTWT,NC_000962.3,391474,391494,-,-0.9275,4.49e-05,1.00e+00,GTCGCCGTCGCGATCGCTTCT,Rv0324,,0,False
623,GTTGTCYWWGYAAYCGCKTWT,NC_000962.3,1332728,1332748,+,-0.9275,4.49e-05,1.00e+00,GTTGTCGTCGTGGGCGCGGAT,Rv1189,sigI,0,False
624,GTTGTCYWWGYAAYCGCKTWT,NC_000962.3,1732135,1732155,+,-0.9275,4.49e-05,1.00e+00,GTTGTCGACGTGACCGCCAAG,Rv1530,adh,0,False
625,GTTGTCYWWGYAAYCGCKTWT,NC_000962.3,2012983,2013003,-,-0.9275,4.49e-05,1.00e+00,GAGGTCGAGGAGATCGCGTTT,Rv1779c,,0,False
626,GTTGTCYWWGYAAYCGCKTWT,NC_000962.3,2137924,2137944,-,-0.9275,4.49e-05,1.00e+00,GTGGTCACCGTGATCGCGTTC,Rv1887,,524,True
627,GTTGTCYWWGYAAYCGCKTWT,NC_000962.3,2297865,2297885,-,-0.9275,4.49e-05,1.00e+00,GGTGTCGGTGTATTCGCGTGG,Rv2048c,pks12,0,False
628,GTTGTCYWWGYAAYCGCKTWT,NC_000962.3,2629264,2629284,+,-0.9275,4.49e-05,1.00e+00,GTGGTCGAAGAACCCGCCGTT,Rv2350c,plcB,0,False
629,GTTGTCYWWGYAAYCGCKTWT,NC_000962.3,2629915,2629935,+,-0.9275,4.49e-05,1.00e+00,GTTGTCGTTGGCGCCGCCGTT,Rv2350c,plcB,0,False
630,GTTGTCYWWGYAAYCGCKTWT,NC_000962.3,2631029,2631049,+,-0.9275,4.49e-05,1.00e+00,GTGGTCGAAGAAGCCGCCGTT,Rv2351c,plcA,0,False
631,GTTGTCYWWGYAAYCGCKTWT,NC_000962.3,3262848,3262868,+,-0.9275,4.49e-05,1.00e+00,GTCGCCGTAGATACCGCTTGT,Rv2934,ppsD,0,False
632,GTTGTCYWWGYAAYCGCKTWT,NC_000962.3,3665399,3665419,-,-0.9275,4.49e-05,1.00e+00,GTCGTCTCTGAATGCGCGGAT,Rv3283,sseA,0,False
633,GTTGTCYWWGYAAYCGCKTWT,NC_000962.3,3818942,3818962,-,-0.9275,4.49e-05,1.00e+00,GTCGTCGAGGTAGGCGCGTTG,Rv3401,,0,False
634,GTTGTCYWWGYAAYCGCKTWT,NC_000962.3,3949328,3949348,-,-0.9275,4.49e-05,1.00e+00,GTTGCCGTTGGTGCCGCCTTT,Rv3514,PE_PGRS57,0,False
635,GTTGTCYWWGYAAYCGCKTWT,NC_000962.3,3949928,3949948,-,-0.9275,4.49e-05,1.00e+00,GTTGCCGTTGGTGCCGCCTTT,Rv3514,PE_PGRS57,0,False
636,GTTGTCYWWGYAAYCGCKTWT,NC_000962.3,4365006,4365026,+,-0.9275,4.49e-05,1.00e+00,GTTGTCTGAGCACACGCTGCG,Rv3884c,eccA2,0,False
637,GTTAWCKCYYSAAKAATYCC,NC_000962.3,220784,220803,-,1.5797,4.64e-05,1.00e+00,ACTATCGCTTCAGGACTTCA,Rv0189c,ilvD,0,False
638,GTTAWCKCYYSAAKAATYCC,NC_000962.3,419233,419252,-,1.5797,4.64e-05,1.00e+00,GTTCAAGATTGATGAAGTCC,Rv0349,,0,False
639,GTTAWCKCYYSAAKAATYCC,NC_000962.3,787741,787760,-,1.5797,4.64e-05,1.00e+00,GCGAACGTCTGAATCATTGC,Rv0687,,0,False
640,GTTAWCKCYYSAAKAATYCC,NC_000962.3,865985,866004,-,1.5797,4.64e-05,1.00e+00,TTCAACTCTCGATGAACTGC,Rv0773c,ggtA,0,False
641,GTTAWCKCYYSAAKAATYCC,NC_000962.3,884878,884897,-,1.5797,4.64e-05,1.00e+00,ATTTTCTCTTCACGATTCCA,Rv0791c,,0,False
642,GTTAWCKCYYSAAKAATYCC,NC_000962.3,1414482,1414501,+,1.5797,4.64e-05,1.00e+00,GTTGACTTCTGAGGAGTTCA,Rv1266c,pknH,0,False
643,GTTAWCKCYYSAAKAATYCC,NC_000962.3,1466375,1466394,-,1.5797,4.64e-05,1.00e+00,ATCATCTCCTGAATCAGCAC,Rv1310,atpD,0,False
644,GTTAWCKCYYSAAKAATYCC,NC_000962.3,1483462,1483481,-,1.5797,4.64e-05,1.00e+00,GGGAACTCTCCAATGATCAA,Rv1320c,,0,False
645,GTTAWCKCYYSAAKAATYCC,NC_000962.3,2151584,2151603,+,1.5797,4.64e-05,1.00e+00,GTAATCGTCTCAATCACTGC,Rv1905c,aao,0,False
646,GTTAWCKCYYSAAKAATYCC,NC_000962.3,2587997,2588016,-,1.5797,4.64e-05,1.00e+00,GCTGACTATTCACGAATCCA,Rv2315c,,0,False
647,GTTAWCKCYYSAAKAATYCC,NC_000962.3,2807702,2807721,-,1.5797,4.64e-05,1.00e+00,GTAATCGTCTCGATGATTAC,Rv2492,,0,False
648,GTTAWCKCYYSAAKAATYCC,NC_000962.3,2959250,2959269,+,1.5797,4.64e-05,1.00e+00,GGTATCTATCCAATCACCAC,Rv2632c,,60,True
649,GTTAWCKCYYSAAKAATYCC,NC_000962.3,3505512,3505531,-,1.5797,4.64e-05,1.00e+00,GGTATTTGTCCAGGAACTCC,Rv3139,fadE24,0,False
650,GTTAWCKCYYSAAKAATYCC,NC_000962.3,3846049,3846068,-,1.5797,4.64e-05,1.00e+00,GTGGTTTCCTGAATGATCCG,Rv3428c,,79,True
651,GTTAWCKCYYSAAKAATYCC,NC_000962.3,3864782,3864801,-,1.5797,4.64e-05,1.00e+00,GGTCTTGCTCGAATATTTGC,Rv3447c,eccC4,0,False
652,GTTGTCYWWGYAAYCGCKTWT,NC_000962.3,614081,614101,+,-1.3043,4.64e-05,1.00e+00,TTTGTTCGTCTACCTGCTTAT,Rv0522,gabP,0,False
653,GTTGTCYWWGYAAYCGCKTWT,NC_000962.3,2287356,2287376,-,-1.3043,4.64e-05,1.00e+00,GTTCTACAACAAACAGCTATT,Rv2041c,,0,False
654,GTTGTCYWWGYAAYCGCKTWT,NC_000962.3,4312879,4312899,-,-1.3043,4.64e-05,1.00e+00,GTCGTACAACAAATGGTGTAT,Rv3839,,0,False
655,TWTKCATTGYTWTYTMCCSW,NC_000962.3,2397225,2397244,+,1.5870,4.64e-05,1.00e+00,TCTGGAGTACCATTTCCCGT,Rv2137c,,0,False
656,TWTKCATTGYTWTYTMCCSW,NC_000962.3,3926575,3926594,+,1.5870,4.64e-05,1.00e+00,TTTGTGTTGGTTTCGCCGGA,Rv3507,PE_PGRS53,0,False
657,GTTAWCKCYYSAAKAATYCC,NC_000962.3,535570,535589,+,1.5725,4.72e-05,1.00e+00,GTGATCGCTTGAATCGCTAC,Rv0447c,ufaA1,0,False
658,GTTAWCKCYYSAAKAATYCC,NC_000962.3,3245137,3245156,-,1.5725,4.72e-05,1.00e+00,GTGATCTCCTGGATCGTTGC,Rv2930,fadD26,0,False
659,GTTAWCKCYYSAAKAATYCC,NC_000962.3,3284769,3284788,-,1.5725,4.72e-05,1.00e+00,GTGATCTCCTGGATCGTTGC,Rv2941,fadD28,0,False
660,GTTAWCKCYYSAAKAATYCC,NC_000962.3,4301246,4301265,-,1.5725,4.72e-05,1.00e+00,GTGATCTCCTGGATCGTTGC,Rv3826,fadD23,0,False
661,GTTAWCKCYYSAAKAATYCC,NC_000962.3,557942,557961,-,1.5217,4.85e-05,1.00e+00,GTTCTCCACCGAAGTATCGC,Rv0467,icl1,0,False
662,GTTAWCKCYYSAAKAATYCC,NC_000962.3,680745,680764,-,1.5217,4.85e-05,1.00e+00,GGTATCGCCCAACGAATCAG,Rv0584,,0,False
663,GTTAWCKCYYSAAKAATYCC,NC_000962.3,1445007,1445026,-,1.5217,4.85e-05,1.00e+00,GTTAACGGCCGGAAACTCGC,Rv1290c,,0,False
664,GTTAWCKCYYSAAKAATYCC,NC_000962.3,1734353,1734372,+,1.5217,4.85e-05,1.00e+00,GTTGACCACCGAAGAAGCCG,Rv1533,,0,False
665,GTTAWCKCYYSAAKAATYCC,NC_000962.3,2031117,2031136,-,1.5217,4.85e-05,1.00e+00,AGTAGCGCCTGAAGCATCCA,Rv1794,,0,False
666,GTTAWCKCYYSAAKAATYCC,NC_000962.3,2250215,2250234,+,1.5217,4.85e-05,1.00e+00,CTTTGCGGCCCAAGAACTCC,Rv2004c,,0,False
667,GTTAWCKCYYSAAKAATYCC,NC_000962.3,2583411,2583430,-,1.5217,4.85e-05,1.00e+00,CTTAGCGCCTGATGAACCTC,Rv2310,,23,True
668,GTTAWCKCYYSAAKAATYCC,NC_000962.3,3061274,3061293,-,1.5217,4.85e-05,1.00e+00,GTGATCCGCCCAAGAAACGC,Rv2748c,ftsK,0,False
669,GTTAWCKCYYSAAKAATYCC,NC_000962.3,3605494,3605513,+,1.5217,4.85e-05,1.00e+00,ATTGACACCCCAGGAATCCG,Rv3228,,0,False
670,GTTGTCYWWGYAAYCGCKTWT,NC_000962.3,8286,8306,-,-1.3116,5.00e-05,1.00e+00,GGTGTGCTTGTAAAGGTTATT,Rv0006,gyrA,0,False
671,GTTGTCYWWGYAAYCGCKTWT,NC_000962.3,396329,396349,+,-1.3116,5.00e-05,1.00e+00,CTTGTCGTTGCTATGGGTGTT,Rv0331,,0,False
672,GTTGTCYWWGYAAYCGCKTWT,NC_000962.3,1851673,1851693,+,-1.3116,5.00e-05,1.00e+00,GTTGAACAGATAATCGTTGAT,Rv1640c,lysX,0,False
673,GTTGTCYWWGYAAYCGCKTWT,NC_000962.3,2352848,2352868,-,-1.3116,5.00e-05,1.00e+00,CTGGTATTCGCATTCGATTTT,Rv2093c,tatC,0,False
674,GTTGTCYWWGYAAYCGCKTWT,NC_000962.3,2368728,2368748,-,-1.3116,5.00e-05,1.00e+00,GTGATCCACGTAATCAATAAT,Rv2109c,prcA,254,True
675,GTTGTCYWWGYAAYCGCKTWT,NC_000962.3,2716165,2716185,+,-1.3116,5.00e-05,1.00e+00,CTTGTGGATGTCATCGGGGAT,Rv2417c,,0,False
676,GTTGTCYWWGYAAYCGCKTWT,NC_000962.3,3034752,3034772,-,-1.3116,5.00e-05,1.00e+00,GTTTTCGTAATATTTGCGATT,Rv2722,,0,False
677,GTTGTCYWWGYAAYCGCKTWT,NC_000962.3,3177249,3177269,+,-1.3116,5.00e-05,1.00e+00,GTTGTTTTAGTTACCATCGTT,Rv2864c,,0,False
678,GTTGTCYWWGYAAYCGCKTWT,NC_000962.3,170656,170676,-,-1.3188,5.12e-05,1.00e+00,GTTGGCGAAGTAGTGGTTGAT,Rv0144,,0,False
679,GTTGTCYWWGYAAYCGCKTWT,NC_000962.3,776624,776644,+,-1.3188,5.12e-05,1.00e+00,GTTGTTGATGTCTTCGGTCAT,Rv0676c,mmpL5,0,False
680,GTTGTCYWWGYAAYCGCKTWT,NC_000962.3,1294381,1294401,-,-1.3188,5.12e-05,1.00e+00,GGTGTCTATGACATTGATTAC,Rv1165,typA,0,False
681,GTTGTCYWWGYAAYCGCKTWT,NC_000962.3,1308213,1308233,+,-1.3188,5.12e-05,1.00e+00,TATGGATTTGTCATCGCTTCT,Rv1175c,fadH,0,False
682,GTTGTCYWWGYAAYCGCKTWT,NC_000962.3,1421739,1421759,+,-1.3188,5.12e-05,1.00e+00,GTTGTCGATGTCATTGGTGAC,Rv1272c,,0,False
683,GTTGTCYWWGYAAYCGCKTWT,NC_000962.3,2973735,2973755,+,-1.3188,5.12e-05,1.00e+00,GTTGCTAAAGTTCTCCCTTTT,Rv2650c,,59,True
684,GTTGTCYWWGYAAYCGCKTWT,NC_000962.3,3112848,3112868,+,-1.3188,5.12e-05,1.00e+00,GTTGTTGTTGTCGTCGGTGAT,Rv2804c,,0,False
685,GTTGTCYWWGYAAYCGCKTWT,NC_000962.3,3628316,3628336,+,-1.3188,5.12e-05,1.00e+00,GTTGTCGTACTCGTCGTTCTT,Rv3248c,sahH,0,False
686,GTTGTCYWWGYAAYCGCKTWT,NC_000962.3,291947,291967,-,-1.3696,5.21e-05,1.00e+00,TTTGGCCAGGCAATTGGGTGT,Rv0242c,fabG4,0,False
687,GTTGTCYWWGYAAYCGCKTWT,NC_000962.3,1647494,1647514,-,-1.3696,5.21e-05,1.00e+00,GGTGTTCTCGCAAACCAGTAT,Rv1461,,0,False
688,GTTGTCYWWGYAAYCGCKTWT,NC_000962.3,2021769,2021789,+,-1.3696,5.21e-05,1.00e+00,GTTCGGCGTGCAATCTCGTGT,Rv1783,eccC5,0,False
689,TWTKCATTGYTWTYTMCCSW,NC_000962.3,389927,389946,+,1.5797,5.28e-05,1.00e+00,TTATCAATGCGATCTCCGAA,Rv0322,udgA,0,False
690,TWTKCATTGYTWTYTMCCSW,NC_000962.3,730568,730587,-,1.5797,5.28e-05,1.00e+00,CAGTCAGTGCTTTCTACTCG,Rv0634c,,0,False
691,TWTKCATTGYTWTYTMCCSW,NC_000962.3,921633,921652,-,1.5797,5.28e-05,1.00e+00,GTCGCATTGCCATTTTTCGT,Rv0828c,,20,True
692,TWTKCATTGYTWTYTMCCSW,NC_000962.3,972066,972085,-,1.5797,5.28e-05,1.00e+00,GAACCCTTGCTTTTTCTCCA,Rv0873,fadE10,0,False
693,TWTKCATTGYTWTYTMCCSW,NC_000962.3,1046030,1046049,+,1.5797,5.28e-05,1.00e+00,TATGCCTTGATTGTCCGCGA,Rv0937c,mku,10,True
694,TWTKCATTGYTWTYTMCCSW,NC_000962.3,1926078,1926097,+,1.5797,5.28e-05,1.00e+00,ATTCCATTGCCATTGCCGGT,Rv1700,,0,False
695,TWTKCATTGYTWTYTMCCSW,NC_000962.3,2031943,2031962,-,1.5797,5.28e-05,1.00e+00,TCTGCTGTGTGTTTTCCACT,Rv1794,,0,False
696,TWTKCATTGYTWTYTMCCSW,NC_000962.3,2248106,2248125,+,1.5797,5.28e-05,1.00e+00,TTGTCATGGCTATACCGCCA,Rv2002,fabG3,0,False
697,TWTKCATTGYTWTYTMCCSW,NC_000962.3,2951277,2951296,+,1.5797,5.28e-05,1.00e+00,TTTTCATCGTCGGCTCTCCT,Rv2624c,,0,False
698,TWTKCATTGYTWTYTMCCSW,NC_000962.3,3044444,3044463,+,1.5797,5.28e-05,1.00e+00,CTTGCACTGTTGTTGCGCGA,Rv2732c,,0,False
699,TWTKCATTGYTWTYTMCCSW,NC_000962.3,3194379,3194398,+,1.5797,5.28e-05,1.00e+00,GTCGCATTGCCATTTTTCGT,Rv2885c,,0,False
700,TWTKCATTGYTWTYTMCCSW,NC_000962.3,3819755,3819774,+,1.5797,5.28e-05,1.00e+00,TATCCGTTGCTACTGCACGA,Rv3401,,0,False
701,TWTKCATTGYTWTYTMCCSW,NC_000962.3,3833601,3833620,+,1.5797,5.28e-05,1.00e+00,CTTGCATTGTCATCGACGGC,Rv3414c,sigD,0,False
702,TWTKCATTGYTWTYTMCCSW,NC_000962.3,3942612,3942631,-,1.5797,5.28e-05,1.00e+00,TTTCCGCCGCTATTTCCGCT,Rv3511,PE_PGRS55,851,True
703,TWTKCATTGYTWTYTMCCSW,NC_000962.3,3965431,3965450,-,1.5797,5.28e-05,1.00e+00,TGTTCATACTGACCTCCCGA,Rv3528c,,239,True
704,TWTKCATTGYTWTYTMCCSW,NC_000962.3,4366763,4366782,+,1.5797,5.28e-05,1.00e+00,TCTTGATCGTCATCGCCCGA,Rv3884c,eccA2,0,False
705,GTTAWCKCYYSAAKAATYCC,NC_000962.3,45802,45821,+,1.5145,5.33e-05,1.00e+00,GGTATCGCCGGACGAAATCT,Rv0041,leuS,0,False
706,GTTAWCKCYYSAAKAATYCC,NC_000962.3,116073,116092,+,1.5145,5.33e-05,1.00e+00,GTTATCGCCGCGATCAACAC,Rv0101,nrp,0,False
707,GTTAWCKCYYSAAKAATYCC,NC_000962.3,119664,119683,-,1.5145,5.33e-05,1.00e+00,GACAACTCGCGAAGCATCGC,Rv0102,,0,False
708,GTTAWCKCYYSAAKAATYCC,NC_000962.3,189884,189903,-,1.5145,5.33e-05,1.00e+00,GTTCACGCCCGAGCAGTTCT,Rv0160c,PE4,0,False
709,GTTAWCKCYYSAAKAATYCC,NC_000962.3,435961,435980,+,1.5145,5.33e-05,1.00e+00,GTGTAGGCCTTGAGAATCCC,Rv0357c,purA,0,False
710,GTTAWCKCYYSAAKAATYCC,NC_000962.3,452722,452741,-,1.5145,5.33e-05,1.00e+00,GATAGCGATCGACGACTTCC,Rv0375c,,0,False
711,GTTAWCKCYYSAAKAATYCC,NC_000962.3,577236,577255,+,1.5145,5.33e-05,1.00e+00,GTTATCTCGCGGTGAGTCGC,Rv0487,,0,False
712,GTTAWCKCYYSAAKAATYCC,NC_000962.3,657111,657130,+,1.5145,5.33e-05,1.00e+00,GGTATCGGTGGATGAGTCCC,Rv0565c,,0,False
713,GTTAWCKCYYSAAKAATYCC,NC_000962.3,1033153,1033172,+,1.5145,5.33e-05,1.00e+00,GTTGTCGGACCACTGATCCC,Rv0926c,,0,False
714,GTTAWCKCYYSAAKAATYCC,NC_000962.3,1180612,1180631,-,1.5145,5.33e-05,1.00e+00,GCTATCGCCGCGAGAAGTCA,Rv1057,,35,True
715,GTTAWCKCYYSAAKAATYCC,NC_000962.3,1202788,1202807,-,1.5145,5.33e-05,1.00e+00,CCGTACTCGCGAAGAATCCC,Rv1077,cbs,0,False
716,GTTAWCKCYYSAAKAATYCC,NC_000962.3,1235685,1235704,-,1.5145,5.33e-05,1.00e+00,CGGATCGCTCGACCAATCCC,Rv1109c,,0,False
717,GTTAWCKCYYSAAKAATYCC,NC_000962.3,1402612,1402631,-,1.5145,5.33e-05,1.00e+00,GAGATCTCACCAAGAAACAC,Rv1254,,0,False
718,GTTAWCKCYYSAAKAATYCC,NC_000962.3,1417030,1417049,-,1.5145,5.33e-05,1.00e+00,GTTATCGGCTCAGCATCCCC,Rv1267c,embR,0,False
719,GTTAWCKCYYSAAKAATYCC,NC_000962.3,1545100,1545119,-,1.5145,5.33e-05,1.00e+00,GTTCCCGCCTGAAGACATCA,Rv1372,,0,False
720,GTTAWCKCYYSAAKAATYCC,NC_000962.3,1620615,1620634,-,1.5145,5.33e-05,1.00e+00,GGTAGCGCTCGAAGCGTTCG,Rv1442,bisC,0,False
721,GTTAWCKCYYSAAKAATYCC,NC_000962.3,1693762,1693781,-,1.5145,5.33e-05,1.00e+00,GCCATCGCCCGAATAAAGCA,Rv1502,,0,False
722,GTTAWCKCYYSAAKAATYCC,NC_000962.3,1751230,1751249,-,1.5145,5.33e-05,1.00e+00,GCTAACTCCCCAGACATCCA,Rv1547,dnaE1,0,False
723,GTTAWCKCYYSAAKAATYCC,NC_000962.3,1772167,1772186,-,1.5145,5.33e-05,1.00e+00,GTTGTCCACCGAGGAAGTCC,Rv1565c,,0,False
724,GTTAWCKCYYSAAKAATYCC,NC_000962.3,2065931,2065950,-,1.5145,5.33e-05,1.00e+00,GATAACGACTAGAGCATCCC,Rv1820,ilvG,0,False
725,GTTAWCKCYYSAAKAATYCC,NC_000962.3,2299542,2299561,+,1.5145,5.33e-05,1.00e+00,GGCACCGCCTCGATAATCAC,Rv2048c,pks12,0,False
726,GTTAWCKCYYSAAKAATYCC,NC_000962.3,2305611,2305630,+,1.5145,5.33e-05,1.00e+00,GGCACCGCCTCGATAATCAC,Rv2048c,pks12,0,False
727,GTTAWCKCYYSAAKAATYCC,NC_000962.3,2324219,2324238,-,1.5145,5.33e-05,1.00e+00,GTCATCGCCGGAATCACCCG,Rv2066,cobIJ,0,False
728,GTTAWCKCYYSAAKAATYCC,NC_000962.3,2384980,2384999,+,1.5145,5.33e-05,1.00e+00,ATCATCGCCTCACGAAAACC,Rv2124c,metH,0,False
729,GTTAWCKCYYSAAKAATYCC,NC_000962.3,2582267,2582286,+,1.5145,5.33e-05,1.00e+00,GTCGTCGTCTCGACAATCCC,Rvnt24,metV,430,True
730,GTTAWCKCYYSAAKAATYCC,NC_000962.3,2619911,2619930,+,1.5145,5.33e-05,1.00e+00,GTTCACGGTCGACGAAGGCC,Rv2341,lppQ,0,False
731,GTTAWCKCYYSAAKAATYCC,NC_000962.3,2650274,2650293,+,1.5145,5.33e-05,1.00e+00,GTCGGCGCCCCAATGATTCG,Rv2370c,,0,False
732,GTTAWCKCYYSAAKAATYCC,NC_000962.3,2704578,2704597,-,1.5145,5.33e-05,1.00e+00,GTTGTCGGCGGCCGAATTCC,Rv2407,,118,True
733,GTTAWCKCYYSAAKAATYCC,NC_000962.3,2927590,2927609,+,1.5145,5.33e-05,1.00e+00,GCACTATCGCCAAGAATCCC,Rv2599,,0,False
734,GTTAWCKCYYSAAKAATYCC,NC_000962.3,2931748,2931767,+,1.5145,5.33e-05,1.00e+00,GTCATCTCCGGATGAAACGC,Rv2604c,snoP,0,False
735,GTTAWCKCYYSAAKAATYCC,NC_000962.3,3162490,3162509,-,1.5145,5.33e-05,1.00e+00,GTCAACGCCTGCACAAACCG,Rv2853,PE_PGRS48,0,False
736,GTTAWCKCYYSAAKAATYCC,NC_000962.3,3173668,3173687,-,1.5145,5.33e-05,1.00e+00,GTCATCTGCCATGGAATCCC,Rv2861c,mapB,0,False
737,GTTAWCKCYYSAAKAATYCC,NC_000962.3,3432888,3432907,+,1.5145,5.33e-05,1.00e+00,GATCTCACCCCAGTAATCCA,Rv3068c,pgmA,0,False
738,GTTAWCKCYYSAAKAATYCC,NC_000962.3,3479468,3479487,-,1.5145,5.33e-05,1.00e+00,GTTGTCGCCAGAATCTTCAC,Rv3111,moaC1,0,False
739,GTTAWCKCYYSAAKAATYCC,NC_000962.3,3587462,3587481,+,1.5145,5.33e-05,1.00e+00,GTTGACGCCGGGATGATCCG,Rv3210c,,0,False
740,GTTAWCKCYYSAAKAATYCC,NC_000962.3,3599095,3599114,-,1.5145,5.33e-05,1.00e+00,GGCATTGCCGGAAGAGTTCC,Rv3223c,sigH,0,False
741,GTTAWCKCYYSAAKAATYCC,NC_000962.3,3605836,3605855,+,1.5145,5.33e-05,1.00e+00,TTTAACCCCCGACGACGTCC,Rv3229c,desA3,0,False
742,GTTAWCKCYYSAAKAATYCC,NC_000962.3,3807651,3807670,+,1.5145,5.33e-05,1.00e+00,TATACCGCTCGTAGACTTCC,Rv3392c,cmaA1,0,False
743,GTTAWCKCYYSAAKAATYCC,NC_000962.3,3824419,3824438,+,1.5145,5.33e-05,1.00e+00,CATACCGCTCCACGATTTCC,Rv3404c,,0,False
744,GTTAWCKCYYSAAKAATYCC,NC_000962.3,4373584,4373603,+,1.5145,5.33e-05,1.00e+00,GTTACCGCTTGTAGTACCCA,Rv3889c,espG2,0,False
745,TWTKCATTGYTWTYTMCCSW,NC_000962.3,212632,212651,+,1.5725,5.48e-05,1.00e+00,GTTGCATCGGGTATTACCCA,Rv0181c,,0,False
746,TWTKCATTGYTWTYTMCCSW,NC_000962.3,534149,534168,-,1.5725,5.48e-05,1.00e+00,TTGGCCTGGCTTTTGACCAT,Rv0445c,sigK,0,False
747,TWTKCATTGYTWTYTMCCSW,NC_000962.3,1106200,1106219,-,1.5725,5.48e-05,1.00e+00,CATTCCTTGATAACGACCCT,Rv0988,,0,False
748,TWTKCATTGYTWTYTMCCSW,NC_000962.3,1125346,1125365,+,1.5725,5.48e-05,1.00e+00,GATTCCGGGTTTTATCCCGT,Rv1006,,0,False
749,TWTKCATTGYTWTYTMCCSW,NC_000962.3,1819578,1819597,-,1.5725,5.48e-05,1.00e+00,TATTCCGGGGTATCGACCCT,Rv1619,,0,False
750,TWTKCATTGYTWTYTMCCSW,NC_000962.3,1914766,1914785,-,1.5725,5.48e-05,1.00e+00,CATTCCTCGTTATCAACCCG,Rv1689,tyrS,0,False
751,TWTKCATTGYTWTYTMCCSW,NC_000962.3,1960963,1960982,-,1.5725,5.48e-05,1.00e+00,TCTTCGGGGTGATCTACCCA,Rv1734c,,0,False
752,TWTKCATTGYTWTYTMCCSW,NC_000962.3,1978281,1978300,-,1.5725,5.48e-05,1.00e+00,GATACAAGGCTATTAACCGT,Rv1750c,fadD1,0,False
753,TWTKCATTGYTWTYTMCCSW,NC_000962.3,2349553,2349572,-,1.5725,5.48e-05,1.00e+00,TTGTCAGAGTCATCTACCGC,Rv2092c,helY,0,False
754,TWTKCATTGYTWTYTMCCSW,NC_000962.3,3704803,3704822,+,1.5725,5.48e-05,1.00e+00,TTGTCCATGCTGTTCACCCT,Rv3317,sdhD,0,False
755,TWTKCATTGYTWTYTMCCSW,NC_000962.3,3869504,3869523,+,1.5725,5.48e-05,1.00e+00,GTTGCAACGGCATTTACCGT,Rv3448,eccD4,0,False
756,GTTAWCKCYYSAAKAATYCC,NC_000962.3,34672,34691,-,1.5072,5.53e-05,1.00e+00,GGTATCGCTGGTAGTGTTCC,Rv0032,bioF2,0,False
757,GTTAWCKCYYSAAKAATYCC,NC_000962.3,801843,801862,-,1.5072,5.53e-05,1.00e+00,GTGATCGCGTGGATACGCCC,Rv0702,rplD,0,False
758,GTTAWCKCYYSAAKAATYCC,NC_000962.3,1548221,1548240,-,1.5072,5.53e-05,1.00e+00,GCCATCCCTCCAAGGACTCC,Rv1375,,0,False
759,GTTAWCKCYYSAAKAATYCC,NC_000962.3,1970253,1970272,-,1.5072,5.53e-05,1.00e+00,GATATCGCTCGCATACGACC,Rv1743,pknE,0,False
760,GTTAWCKCYYSAAKAATYCC,NC_000962.3,2491411,2491430,+,1.5072,5.53e-05,1.00e+00,GGTAACGCTCGCCAAGTTCC,Rv2221c,glnE,0,False
761,GTTAWCKCYYSAAKAATYCC,NC_000962.3,3461578,3461597,-,1.5072,5.53e-05,1.00e+00,GGTGACGCCGCAATACGTCC,Rv3092c,,0,False
762,TWTKCATTGYTWTYTMCCSW,NC_000962.3,679069,679088,+,1.5145,5.62e-05,1.00e+00,GCTTCATTGCGCGCTCCCGA,Rv0583c,lpqN,0,False
763,TWTKCATTGYTWTYTMCCSW,NC_000962.3,2242004,2242023,+,1.5145,5.62e-05,1.00e+00,TTTGCCAGGGTCTCTCCCGA,Rv1997,ctpF,0,False
764,TWTKCATTGYTWTYTMCCSW,NC_000962.3,2462890,2462909,+,1.5145,5.62e-05,1.00e+00,TATGCGTCGGTCTCGCCCGT,Rv2198c,mmpS3,0,False
765,TWTKCATTGYTWTYTMCCSW,NC_000962.3,2690585,2690604,+,1.5145,5.62e-05,1.00e+00,TATGCACTGCTGGCATCCCT,Rv2395,,0,False
766,TWTKCATTGYTWTYTMCCSW,NC_000962.3,2946281,2946300,+,1.5145,5.62e-05,1.00e+00,TGCTCATAGCTGCCTCCCGA,Rv2617c,,0,False
767,GTTAWCKCYYSAAKAATYCC,NC_000962.3,1198734,1198753,+,1.0652,5.62e-05,1.00e+00,TTTCTCGTTCGAAGAACCCG,Rv1074c,fadA3,0,False
768,GTTAWCKCYYSAAKAATYCC,NC_000962.3,2786268,2786287,-,1.0652,5.62e-05,1.00e+00,GCCATGGTTCGAAGAATCAC,Rv2481c,,306,True
769,TWTKCATTGYTWTYTMCCSW,NC_000962.3,1584702,1584721,+,1.1304,5.66e-05,1.00e+00,GATGGATTGCCATCTAATGA,Rv1408,rpe,0,False
770,TWTKCATTGYTWTYTMCCSW,NC_000962.3,2740990,2741009,+,1.1304,5.66e-05,1.00e+00,TTTGGCCTACTTTCTAACGA,Rv2443,dctA,0,False
771,TWTKCATTGYTWTYTMCCSW,NC_000962.3,2767139,2767158,-,1.1304,5.66e-05,1.00e+00,AATGAGTTGCTTTTTCGGCA,Rv2464c,,0,False
772,GTTGTCYWWGYAAYCGCKTWT,NC_000962.3,111489,111509,+,-1.3768,5.77e-05,1.00e+00,ATTGACCTGCTCATCGCGTGT,Rv0101,nrp,0,False
773,GTTGTCYWWGYAAYCGCKTWT,NC_000962.3,120564,120584,+,-1.3768,5.77e-05,1.00e+00,GTGGTCCGGGTAATCCAGGAT,Rv0103c,ctpB,0,False
774,GTTGTCYWWGYAAYCGCKTWT,NC_000962.3,340084,340104,+,-1.3768,5.77e-05,1.00e+00,GTTGTTCGTGCCATCGAATTC,Rv0280,PPE3,0,False
775,GTTGTCYWWGYAAYCGCKTWT,NC_000962.3,428947,428967,-,-1.3768,5.77e-05,1.00e+00,CTTGTCAATGCGAGCACGCTT,Rv0355c,PPE8,0,False
776,GTTGTCYWWGYAAYCGCKTWT,NC_000962.3,591726,591746,+,-1.3768,5.77e-05,1.00e+00,GTTGTGCTGGTGACCGGTGCT,Rv0501,galE2,0,False
777,GTTGTCYWWGYAAYCGCKTWT,NC_000962.3,716120,716140,-,-1.3768,5.77e-05,1.00e+00,GATGTCCCCCTGACCGTTTTT,Rv0622,,0,False
778,GTTGTCYWWGYAAYCGCKTWT,NC_000962.3,842633,842653,-,-1.3768,5.77e-05,1.00e+00,GCTGTCCGCACAATCGTTGTT,Rv0751c,mmsB,0,False
779,GTTGTCYWWGYAAYCGCKTWT,NC_000962.3,1179149,1179169,+,-1.3768,5.77e-05,1.00e+00,GTGACCTAGGTAACAGCGTCT,Rv1057,,246,True
780,GTTGTCYWWGYAAYCGCKTWT,NC_000962.3,1233003,1233023,+,-1.3768,5.77e-05,1.00e+00,GTTGTCCAGGTACAGTCGTTC,Rv1106c,,0,False
781,GTTGTCYWWGYAAYCGCKTWT,NC_000962.3,1464130,1464150,+,-1.3768,5.77e-05,1.00e+00,GTTCTATCTGCATTCGCGGCT,Rv1308,atpA,0,False
782,GTTGTCYWWGYAAYCGCKTWT,NC_000962.3,1479499,1479519,+,-1.3768,5.77e-05,1.00e+00,GTTGACCAGCCGATCGGCTAT,Rv1318c,,0,False
783,GTTGTCYWWGYAAYCGCKTWT,NC_000962.3,1481173,1481193,+,-1.3768,5.77e-05,1.00e+00,GTTGGCCAGCCGATCGGCTAT,Rv1319c,,0,False
784,GTTGTCYWWGYAAYCGCKTWT,NC_000962.3,1570801,1570821,-,-1.3768,5.77e-05,1.00e+00,GTTGTGCTGGCAGACGTTTTG,Rv1394c,cyp132,0,False
785,GTTGTCYWWGYAAYCGCKTWT,NC_000962.3,1869283,1869303,+,-1.3768,5.77e-05,1.00e+00,GGTGTTCCTGGAACCGATCAT,Rv1655,argD,0,False
786,GTTGTCYWWGYAAYCGCKTWT,NC_000962.3,1934572,1934592,-,-1.3768,5.77e-05,1.00e+00,GTCGTTCTGCTCACCGCATTT,Rv1706A,,0,False
787,GTTGTCYWWGYAAYCGCKTWT,NC_000962.3,1957630,1957650,-,-1.3768,5.77e-05,1.00e+00,GGTGTCTAGGGCACAGAGTAT,Rv1731,gabD2,46,True
788,GTTGTCYWWGYAAYCGCKTWT,NC_000962.3,2008396,2008416,+,-1.3768,5.77e-05,1.00e+00,TTTGGCGTCGTCACCTCGTTT,Rv1774,,0,False
789,GTTGTCYWWGYAAYCGCKTWT,NC_000962.3,2116916,2116936,-,-1.3768,5.77e-05,1.00e+00,TTTGGTCAGGTAACCGCCGTT,Rv1867,,0,False
790,GTTGTCYWWGYAAYCGCKTWT,NC_000962.3,2127067,2127087,+,-1.3768,5.77e-05,1.00e+00,ATTGTCCATGCAGGTGCTCGT,Rv1877,,0,False
791,GTTGTCYWWGYAAYCGCKTWT,NC_000962.3,2132916,2132936,+,-1.3768,5.77e-05,1.00e+00,GTCCTCGAACCAACCGCCTTC,Rv1882c,,0,False
792,GTTGTCYWWGYAAYCGCKTWT,NC_000962.3,2151261,2151281,-,-1.3768,5.77e-05,1.00e+00,GGTTACTCACCAACCGCATAT,Rv1904,,0,False
793,GTTGTCYWWGYAAYCGCKTWT,NC_000962.3,2194794,2194814,-,-1.3768,5.77e-05,1.00e+00,GTTGTTCTTGAACCCGGTTCC,Rv1942c,mazF5,0,False
794,GTTGTCYWWGYAAYCGCKTWT,NC_000962.3,2221773,2221793,-,-1.3768,5.77e-05,1.00e+00,GTGGTACCGGCGATGGCTTAT,Rv1979c,,0,False
795,GTTGTCYWWGYAAYCGCKTWT,NC_000962.3,2233382,2233402,+,-1.3768,5.77e-05,1.00e+00,GGTGTTCCAGTAACCGATTCG,Rv1990c,,0,False
796,GTTGTCYWWGYAAYCGCKTWT,NC_000962.3,2258968,2258988,-,-1.3768,5.77e-05,1.00e+00,GTTCTCCAGGCAATCACCGAA,Rv2011c,,0,False
797,GTTGTCYWWGYAAYCGCKTWT,NC_000962.3,2331764,2331784,+,-1.3768,5.77e-05,1.00e+00,ATTGACCCCGCAATCGGTCAT,Rv2075c,,0,False
798,GTTGTCYWWGYAAYCGCKTWT,NC_000962.3,2574200,2574220,-,-1.3768,5.77e-05,1.00e+00,GATTTCTCATCAACCGCCCTT,Rv2303c,,0,False
799,GTTGTCYWWGYAAYCGCKTWT,NC_000962.3,2574804,2574824,+,-1.3768,5.77e-05,1.00e+00,GTCGTCCAGGGAGTCCAGTAT,Rv2303c,,0,False
800,GTTGTCYWWGYAAYCGCKTWT,NC_000962.3,2597573,2597593,-,-1.3768,5.77e-05,1.00e+00,ATCGTCCTCGCGATCGGCTTT,Rv2325c,,0,False
801,GTTGTCYWWGYAAYCGCKTWT,NC_000962.3,2602781,2602801,-,-1.3768,5.77e-05,1.00e+00,GTTCTGGTGGCAATCGCGGTA,Rv2329c,narK1,0,False
802,GTTGTCYWWGYAAYCGCKTWT,NC_000962.3,2624757,2624777,-,-1.3768,5.77e-05,1.00e+00,GTTGATCACCAAATCGCGTAG,Rv2345,,0,False
803,GTTGTCYWWGYAAYCGCKTWT,NC_000962.3,2634165,2634185,-,-1.3768,5.77e-05,1.00e+00,ATTGTCTTACCATCCGCCCGT,Rv2352c,PPE38,67,True
804,GTTGTCYWWGYAAYCGCKTWT,NC_000962.3,2695932,2695952,-,-1.3768,5.77e-05,1.00e+00,GGTGTCCTCGCAATGGATTCG,Rv2399c,cysT,0,False
805,GTTGTCYWWGYAAYCGCKTWT,NC_000962.3,2861609,2861629,-,-1.3768,5.77e-05,1.00e+00,GGTCTGCTGGTAACCGCCTAC,Rv2538c,aroB,0,False
806,GTTGTCYWWGYAAYCGCKTWT,NC_000962.3,2997290,2997310,+,-1.3768,5.77e-05,1.00e+00,GTTGGACGTGGAACTGCTCAT,Rv2681,,0,False
807,GTTGTCYWWGYAAYCGCKTWT,NC_000962.3,3079723,3079743,-,-1.3768,5.77e-05,1.00e+00,CTGTTCGTAGAATCCGCGTTT,Rv2770c,PPE44,0,False
808,GTTGTCYWWGYAAYCGCKTWT,NC_000962.3,3093182,3093202,+,-1.3768,5.77e-05,1.00e+00,GATGTCCAGGCAAATGGTGTT,Rv2784c,lppU,0,False
809,GTTGTCYWWGYAAYCGCKTWT,NC_000962.3,3125842,3125862,-,-1.3768,5.77e-05,1.00e+00,GCTGTGCAAGTAAGCACGCCT,Rv2818c,,0,False
810,GTTGTCYWWGYAAYCGCKTWT,NC_000962.3,3215865,3215885,-,-1.3768,5.77e-05,1.00e+00,GTGTTCTCGGCAATCCCGCTT,Rv2906c,trmD,0,False
811,GTTGTCYWWGYAAYCGCKTWT,NC_000962.3,3274213,3274233,+,-1.3768,5.77e-05,1.00e+00,GTTATCGGAGCGATCGTGTTA,Rv2938,drrC,0,False
812,GTTGTCYWWGYAAYCGCKTWT,NC_000962.3,3284318,3284338,-,-1.3768,5.77e-05,1.00e+00,GTTGCTTCTGCGAGCCCGTAT,Rv2941,fadD28,0,False
813,GTTGTCYWWGYAAYCGCKTWT,NC_000962.3,3345405,3345425,-,-1.3768,5.77e-05,1.00e+00,GCTGTCCATGGAAGGCCGGAT,Rv2988c,leuC,0,False
814,GTTGTCYWWGYAAYCGCKTWT,NC_000962.3,3507860,3507880,+,-1.3768,5.77e-05,1.00e+00,GTATTCCGAGCAATCACTGCT,Rv3140,fadE23,0,False
815,GTTGTCYWWGYAAYCGCKTWT,NC_000962.3,3636914,3636934,-,-1.3768,5.77e-05,1.00e+00,GTTGTCGTGGTGGCACCGTAT,Rv3256c,,0,False
816,GTTGTCYWWGYAAYCGCKTWT,NC_000962.3,3755536,3755556,+,-1.3768,5.77e-05,1.00e+00,TTCGGTGAGGTAACCGCGTAT,Rv3349c,,299,True
817,GTTGTCYWWGYAAYCGCKTWT,NC_000962.3,3859953,3859973,+,-1.3768,5.77e-05,1.00e+00,GCTGTTTACGCTATCGGGTCT,Rv3440c,,0,False
818,GTTGTCYWWGYAAYCGCKTWT,NC_000962.3,4287890,4287910,+,-1.3768,5.77e-05,1.00e+00,GTTGTCGATGGTCCGGGGTTT,Rv3822,,0,False
819,GTTGTCYWWGYAAYCGCKTWT,NC_000962.3,4332569,4332589,+,-1.3768,5.77e-05,1.00e+00,GTTCTCCACGAACTCGGGCTT,Rv3859c,gltB,0,False
820,TWTKCATTGYTWTYTMCCSW,NC_000962.3,485899,485918,+,1.1232,5.90e-05,1.00e+00,TTTGGGTTTTGTATTCCCGA,Rv0405,pks6,0,False
821,GTTAWCKCYYSAAKAATYCC,NC_000962.3,165503,165522,-,1.0580,5.96e-05,1.00e+00,GTCATCGTTTCTTGAATCCA,Rv0138,,0,False
822,GTTAWCKCYYSAAKAATYCC,NC_000962.3,186349,186368,+,1.0580,5.96e-05,1.00e+00,TCAAACGGTCGATGAATTCC,Rv0157,pntB,0,False
823,GTTAWCKCYYSAAKAATYCC,NC_000962.3,302654,302673,+,1.0580,5.96e-05,1.00e+00,GTTATCTCCTCATGCTTCGT,Rv0251c,hsp,2,True
824,GTTAWCKCYYSAAKAATYCC,NC_000962.3,455303,455322,-,1.0580,5.96e-05,1.00e+00,ATCATCGCCTGAATACACCT,Rv0377,,0,False
825,GTTAWCKCYYSAAKAATYCC,NC_000962.3,560010,560029,+,1.0580,5.96e-05,1.00e+00,CATGACTCTCGAAGAAGCGC,Rv0469,umaA,0,False
826,GTTAWCKCYYSAAKAATYCC,NC_000962.3,601703,601722,-,1.0580,5.96e-05,1.00e+00,GGTCAAGCTCGAAGAGTTCG,Rv0509,hemA,0,False
827,GTTAWCKCYYSAAKAATYCC,NC_000962.3,643964,643983,-,1.0580,5.96e-05,1.00e+00,GTGATCGTCTCGAGGATTGC,Rv0552,,0,False
828,GTTAWCKCYYSAAKAATYCC,NC_000962.3,682900,682919,+,1.0580,5.96e-05,1.00e+00,GTTATCGACTCTCGGATTCG,Rv0585c,,0,False
829,GTTAWCKCYYSAAKAATYCC,NC_000962.3,975450,975469,-,1.0580,5.96e-05,1.00e+00,GTGATCGCTCCACTCATCGG,Rv0876c,,0,False
830,GTTAWCKCYYSAAKAATYCC,NC_000962.3,1635007,1635026,-,1.0580,5.96e-05,1.00e+00,ACTAACTCCTCGGGAATCGC,Rv1451,,21,True
831,GTTAWCKCYYSAAKAATYCC,NC_000962.3,1638458,1638477,+,1.0580,5.96e-05,1.00e+00,GGAATGGCTCGACGAATTCG,Rv1453,,0,False
832,GTTAWCKCYYSAAKAATYCC,NC_000962.3,1986839,1986858,-,1.0580,5.96e-05,1.00e+00,GCTAAGGCTCGAGGAACTCA,Rv1754c,,169,True
833,GTTAWCKCYYSAAKAATYCC,NC_000962.3,2285741,2285760,-,1.0580,5.96e-05,1.00e+00,GTTTTCGTTCCTGGAATTCG,Rv2040c,,0,False
834,GTTAWCKCYYSAAKAATYCC,NC_000962.3,2523240,2523259,+,1.0580,5.96e-05,1.00e+00,CTCAACGGCTGAGGAACTCC,Rv2249c,glpD1,0,False
835,GTTAWCKCYYSAAKAATYCC,NC_000962.3,2597296,2597315,-,1.0580,5.96e-05,1.00e+00,GATGTTGATCGACGAATTCC,Rv2325c,,0,False
836,GTTAWCKCYYSAAKAATYCC,NC_000962.3,3107685,3107704,+,1.0580,5.96e-05,1.00e+00,GGGAACTACCGCAGAATTCA,Rv2798c,,48,True
837,GTTAWCKCYYSAAKAATYCC,NC_000962.3,3322777,3322796,-,1.0580,5.96e-05,1.00e+00,GGTTTCTATCGGAGAATCCG,Rv2967c,pca,0,False
838,GTTAWCKCYYSAAKAATYCC,NC_000962.3,3407746,3407765,-,1.0580,5.96e-05,1.00e+00,GTGAACGCCTCGTGAATTGT,Rv3046c,,58,True
839,GTTAWCKCYYSAAKAATYCC,NC_000962.3,3421814,3421833,+,1.0580,5.96e-05,1.00e+00,CCGATCGCTTCGAGAATCCG,Rv3060c,,0,False
840,GTTAWCKCYYSAAKAATYCC,NC_000962.3,3568710,3568729,-,1.0580,5.96e-05,1.00e+00,GATCACTTTCGAAGAACCGC,Rv3197A,whiB7,31,True
841,GTTAWCKCYYSAAKAATYCC,NC_000962.3,3767160,3767179,+,1.0580,5.96e-05,1.00e+00,GTCGACGCCCCGATAATTTT,Rv3350c,PPE56,58,True
842,GTTAWCKCYYSAAKAATYCC,NC_000962.3,3881072,3881091,-,1.0580,5.96e-05,1.00e+00,GTGGTCGCTTGCAGAATCGG,Rv3463,,0,False
843,GTTAWCKCYYSAAKAATYCC,NC_000962.3,4136997,4137016,+,1.0580,5.96e-05,1.00e+00,GATATAGCTCGACGAGTTCG,Rv3694c,,0,False
844,GTTAWCKCYYSAAKAATYCC,NC_000962.3,4250950,4250969,-,1.0580,5.96e-05,1.00e+00,GGTCATGCCCGAGTAATTCT,Rv3796,,0,False
845,GTTAWCKCYYSAAKAATYCC,NC_000962.3,4405963,4405982,-,1.0580,5.96e-05,1.00e+00,GCAATTGCTCGACGAATTCG,Rv3917c,parB,0,False
846,GTTAWCKCYYSAAKAATYCC,NC_000962.3,4407889,4407908,+,1.0580,5.96e-05,1.00e+00,ACCATCTCTCGAAGAAACTC,Rv3919c,gid,0,False
847,TWTKCATTGYTWTYTMCCSW,NC_000962.3,7281,7300,-,1.1159,6.04e-05,1.00e+00,TATTCCTCGTTTGCAATCGA,Rv0005,gyrB,14,True
848,TWTKCATTGYTWTYTMCCSW,NC_000962.3,344451,344470,-,1.1159,6.04e-05,1.00e+00,AACTCAGTACTTTTCACCGT,Rv0283,eccB3,0,False
849,TWTKCATTGYTWTYTMCCSW,NC_000962.3,1470279,1470298,-,1.1159,6.04e-05,1.00e+00,TTTGCCTTGTCAGTGAGCCA,Rv1314c,,27,True
850,TWTKCATTGYTWTYTMCCSW,NC_000962.3,1975449,1975468,+,1.1159,6.04e-05,1.00e+00,GATTGATCGTTTCCGACCGA,Rv1747,,0,False
851,TWTKCATTGYTWTYTMCCSW,NC_000962.3,2397326,2397345,-,1.1159,6.04e-05,1.00e+00,TATTCCCTGTTAGCAACGGT,Rv2138,lppL,3,True
852,TWTKCATTGYTWTYTMCCSW,NC_000962.3,2866927,2866946,+,1.1159,6.04e-05,1.00e+00,GAGTCGTCGCTATTTAACGA,Rv2543,lppA,0,False
853,TWTKCATTGYTWTYTMCCSW,NC_000962.3,3724661,3724680,+,1.1159,6.04e-05,1.00e+00,AATTCCTCGCTATTCAGCCA,Rv3339c,icd1,0,False
854,TWTKCATTGYTWTYTMCCSW,NC_000962.3,200555,200574,-,1.1087,6.05e-05,1.00e+00,TTCTCCAAGTTATTGACCGT,Rv0170,mce1B,0,False
855,TWTKCATTGYTWTYTMCCSW,NC_000962.3,263340,263359,+,1.0652,6.09e-05,1.00e+00,TATGCGGTGCTGTCTCGGCT,Rv0220,lipC,0,False
856,TWTKCATTGYTWTYTMCCSW,NC_000962.3,278944,278963,+,1.0652,6.09e-05,1.00e+00,CTTGCATCGCTATCTCGACG,Rv0233,nrdB,0,False
857,GTTGTCYWWGYAAYCGCKTWT,NC_000962.3,94206,94226,-,-1.3841,6.16e-05,1.00e+00,GGTGTCGATGTAGCCGATGCT,Rv0086,hycQ,0,False
858,GTTGTCYWWGYAAYCGCKTWT,NC_000962.3,121662,121682,-,-1.3841,6.16e-05,1.00e+00,GACATCCATGGAAACGCTGAT,Rv0103c,ctpB,0,False
859,GTTGTCYWWGYAAYCGCKTWT,NC_000962.3,485102,485122,-,-1.3841,6.16e-05,1.00e+00,GTCGTCGCTGTGGTAGCGTAT,Rv0404,fadD30,0,False
860,GTTGTCYWWGYAAYCGCKTWT,NC_000962.3,655779,655799,+,-1.3841,6.16e-05,1.00e+00,GTTGCCGAGGTATCGGCTATT,Rv0564c,gpdA1,0,False
861,GTTGTCYWWGYAAYCGCKTWT,NC_000962.3,753861,753881,-,-1.3841,6.16e-05,1.00e+00,GTGGTCTTCGCATTGGCCCAT,Rv0658c,,0,False
862,GTTGTCYWWGYAAYCGCKTWT,NC_000962.3,1144270,1144290,-,-1.3841,6.16e-05,1.00e+00,GTTGGCGATGCCGTCGTTTCT,Rv1022,lpqU,0,False
863,GTTGTCYWWGYAAYCGCKTWT,NC_000962.3,1323071,1323091,+,-1.3841,6.16e-05,1.00e+00,CTTGTCGACGCCCTCGCTTAC,Rv1183,mmpL10,0,False
864,GTTGTCYWWGYAAYCGCKTWT,NC_000962.3,1325540,1325560,-,-1.3841,6.16e-05,1.00e+00,GGTGGATTCGGAACCGCTATT,Rv1184c,,0,False
865,GTTGTCYWWGYAAYCGCKTWT,NC_000962.3,1353588,1353608,-,-1.3841,6.16e-05,1.00e+00,GTTGTCGTGATAGTCGCGGTA,Rv1210,tagA,0,False
866,GTTGTCYWWGYAAYCGCKTWT,NC_000962.3,1362071,1362091,+,-1.3841,6.16e-05,1.00e+00,GGCGTCTAGTGAACCGCTTTC,Rv1218c,,0,False
867,GTTGTCYWWGYAAYCGCKTWT,NC_000962.3,1393408,1393428,-,-1.3841,6.16e-05,1.00e+00,ATCGTCGTTGAACTCGCGAAT,Rv1249c,,0,False
868,GTTGTCYWWGYAAYCGCKTWT,NC_000962.3,1407251,1407271,-,-1.3841,6.16e-05,1.00e+00,GGCGTCTCGATAGTCGCGTTT,Rv1258c,,0,False
869,GTTGTCYWWGYAAYCGCKTWT,NC_000962.3,1451108,1451128,-,-1.3841,6.16e-05,1.00e+00,GTCGTCGAAGTTACCGTCGAT,Rv1295,thrC,0,False
870,GTTGTCYWWGYAAYCGCKTWT,NC_000962.3,1524987,1525007,-,-1.3841,6.16e-05,1.00e+00,GTGGTATTTGTGAACGCGCGT,Rv1356c,,167,True
871,GTTGTCYWWGYAAYCGCKTWT,NC_000962.3,1592285,1592305,+,-1.3841,6.16e-05,1.00e+00,GTGGTCTTCCAGACCGCTGAT,Rv1417,,0,False
872,GTTGTCYWWGYAAYCGCKTWT,NC_000962.3,1774585,1774605,+,-1.3841,6.16e-05,1.00e+00,GATCGCGAAGGAGCCGCTTTT,Rv1566c,,0,False
873,GTTGTCYWWGYAAYCGCKTWT,NC_000962.3,1821705,1821725,-,-1.3841,6.16e-05,1.00e+00,GTCGTCGAAGTGAACTCGGAT,Rv1621c,cydD,0,False
874,GTTGTCYWWGYAAYCGCKTWT,NC_000962.3,1906503,1906523,+,-1.3841,6.16e-05,1.00e+00,GTTTTCAACGTACCCGCTCTG,Rv1682,,0,False
875,GTTGTCYWWGYAAYCGCKTWT,NC_000962.3,2085182,2085202,+,-1.3841,6.16e-05,1.00e+00,GTTGTCGACCTCTTCGCGGAT,Rv1837c,glcB,0,False
876,GTTGTCYWWGYAAYCGCKTWT,NC_000962.3,2203004,2203024,-,-1.3841,6.16e-05,1.00e+00,GTCGTAGACGTATTCGCGGAT,Rv1957,,0,False
877,GTTGTCYWWGYAAYCGCKTWT,NC_000962.3,2271350,2271370,+,-1.3841,6.16e-05,1.00e+00,GATGGCTTCGTAACCGGCGAT,Rv2025c,,0,False
878,GTTGTCYWWGYAAYCGCKTWT,NC_000962.3,2353241,2353261,-,-1.3841,6.16e-05,1.00e+00,GCTGTCGTGGTGATCGTGTTG,Rv2094c,tatA,0,False
879,GTTGTCYWWGYAAYCGCKTWT,NC_000962.3,2391974,2391994,+,-1.3841,6.16e-05,1.00e+00,GATGTCCTGGTACTCTCCCAT,Rv2130c,mshC,0,False
880,GTTGTCYWWGYAAYCGCKTWT,NC_000962.3,2579012,2579032,+,-1.3841,6.16e-05,1.00e+00,GTTCTCGTAGTAGCCGCTAGG,Rv2307A,,215,True
881,GTTGTCYWWGYAAYCGCKTWT,NC_000962.3,2627835,2627855,+,-1.3841,6.16e-05,1.00e+00,GTTGTTGATGACGTCGCGGAT,Rv2349c,plcC,0,False
882,GTTGTCYWWGYAAYCGCKTWT,NC_000962.3,2690738,2690758,+,-1.3841,6.16e-05,1.00e+00,GTCGGATTGGCTATCGCCTTT,Rv2395,,0,False
883,GTTGTCYWWGYAAYCGCKTWT,NC_000962.3,2730504,2730524,-,-1.3841,6.16e-05,1.00e+00,GTTGGCATTGCGATCGGATTG,Rv2434c,,0,False
884,GTTGTCYWWGYAAYCGCKTWT,NC_000962.3,2762162,2762182,+,-1.3841,6.16e-05,1.00e+00,GTTGTCGACGTCATCGTGGAC,Rv2459,,0,False
885,GTTGTCYWWGYAAYCGCKTWT,NC_000962.3,2877156,2877176,-,-1.3841,6.16e-05,1.00e+00,GGTGTCGATGCACTCGGATTG,Rv2557,,0,False
886,GTTGTCYWWGYAAYCGCKTWT,NC_000962.3,3237549,3237569,+,-1.3841,6.16e-05,1.00e+00,GTTGTCGATGCTAACGGTGAC,Rv2922c,smc,0,False
887,GTTGTCYWWGYAAYCGCKTWT,NC_000962.3,3379841,3379861,-,-1.3841,6.16e-05,1.00e+00,GTTGTCTTGGAACTGGCGATA,Rv3020c,esxS,512,True
888,GTTGTCYWWGYAAYCGCKTWT,NC_000962.3,3614775,3614795,+,-1.3841,6.16e-05,1.00e+00,GTTGTCTAACACACCGCCATC,Rv3239c,,0,False
889,GTTGTCYWWGYAAYCGCKTWT,NC_000962.3,3708057,3708077,-,-1.3841,6.16e-05,1.00e+00,GTGATCGATGCGAGCGCTGTT,Rv3320c,vapC44,0,False
890,GTTGTCYWWGYAAYCGCKTWT,NC_000962.3,3722726,3722746,-,-1.3841,6.16e-05,1.00e+00,GTTGACGAATTGACCGCAGAT,Rv3336c,trpS,0,False
891,GTTGTCYWWGYAAYCGCKTWT,NC_000962.3,3753927,3753947,-,-1.3841,6.16e-05,1.00e+00,GATATCGTCGTAACCGCTGAG,Rv3348,,0,False
892,GTTGTCYWWGYAAYCGCKTWT,NC_000962.3,3872689,3872709,+,-1.3841,6.16e-05,1.00e+00,GTCGTCCTGCTCATCGCCTTG,Rv3451,cut3,0,False
893,GTTGTCYWWGYAAYCGCKTWT,NC_000962.3,3874656,3874676,+,-1.3841,6.16e-05,1.00e+00,GTGGTCTTCGTCACCGGCTTG,Rv3452,cut4,524,True
894,GTTGTCYWWGYAAYCGCKTWT,NC_000962.3,3956427,3956447,+,-1.3841,6.16e-05,1.00e+00,GTGGTCGATGTCACCGACGAT,Rv3520c,,0,False
895,GTTGTCYWWGYAAYCGCKTWT,NC_000962.3,3961128,3961148,-,-1.3841,6.16e-05,1.00e+00,GCAGTTTCAGCAGTCGCTTGT,Rv3524,,0,False
896,GTTGTCYWWGYAAYCGCKTWT,NC_000962.3,3978637,3978657,-,-1.3841,6.16e-05,1.00e+00,GTCGTCGTTGAACTCGGGTTA,Rv3539,PPE63,0,False
897,GTTGTCYWWGYAAYCGCKTWT,NC_000962.3,3993078,3993098,-,-1.3841,6.16e-05,1.00e+00,GTCGTCGTTGGAATGGCGGTG,Rv3554,fdxB,0,False
898,GTTGTCYWWGYAAYCGCKTWT,NC_000962.3,4106374,4106394,+,-1.3841,6.16e-05,1.00e+00,GTTGCCGTGGTAGTCGGGGTT,Rv3666c,dppA,0,False
899,GTTGTCYWWGYAAYCGCKTWT,NC_000962.3,4201439,4201459,-,-1.3841,6.16e-05,1.00e+00,GTGGTCTATGTAAACGTGCCC,Rv3755c,,0,False
900,GTTGTCYWWGYAAYCGCKTWT,NC_000962.3,4247201,4247221,+,-1.3841,6.16e-05,1.00e+00,GTCGTCGCACTGATCGCGTTG,Rv3795,embB,0,False
901,GTTGTCYWWGYAAYCGCKTWT,NC_000962.3,4318937,4318957,-,-1.3841,6.16e-05,1.00e+00,GATATCGTCGTAACCGCTGAG,Rv3844,,0,False
902,GTTGTCYWWGYAAYCGCKTWT,NC_000962.3,234816,234836,+,-1.3913,6.18e-05,1.00e+00,GTCGCCGATGTTCTCGCCTAT,Rv0198c,zmp1,0,False
903,GTTGTCYWWGYAAYCGCKTWT,NC_000962.3,864940,864960,-,-1.3913,6.18e-05,1.00e+00,GCTGTCTACGATTTCGCTGTT,Rv0772,purD,0,False
904,GTTGTCYWWGYAAYCGCKTWT,NC_000962.3,2247192,2247212,-,-1.3913,6.18e-05,1.00e+00,GGTGTCTTTGTTCACGCAGAT,Rv2001,,0,False
905,GTTGTCYWWGYAAYCGCKTWT,NC_000962.3,3630954,3630974,+,-1.3913,6.18e-05,1.00e+00,GTTGGCGTGGTGATCGCTGTG,Rv3252c,alkB,0,False
906,GTTAWCKCYYSAAKAATYCC,NC_000962.3,429473,429492,+,1.0507,6.19e-05,1.00e+00,GTGATCGTTTGGCTGATCCC,Rv0355c,PPE8,0,False
907,GTTAWCKCYYSAAKAATYCC,NC_000962.3,914151,914170,+,1.0507,6.19e-05,1.00e+00,CGAGACGCTCGGATAATTCC,Rv0821c,phoY2,0,False
908,GTTAWCKCYYSAAKAATYCC,NC_000962.3,1176040,1176059,+,1.0507,6.19e-05,1.00e+00,GTTGTCGCTTGATGAGCTTC,Rv1052,,0,False
909,GTTAWCKCYYSAAKAATYCC,NC_000962.3,1259932,1259951,+,1.0507,6.19e-05,1.00e+00,GTGATCTCTTGCCGCATCCG,Rv1133c,metE,0,False
910,GTTAWCKCYYSAAKAATYCC,NC_000962.3,1612946,1612965,+,1.0507,6.19e-05,1.00e+00,GTCAACTCTCCTCTATTCGC,Rv1435c,,0,False
911,GTTAWCKCYYSAAKAATYCC,NC_000962.3,2050812,2050831,-,1.0507,6.19e-05,1.00e+00,GTGATATCTCCGATATACCC,Rv1808,PPE32,0,False
912,GTTAWCKCYYSAAKAATYCC,NC_000962.3,2130927,2130946,-,1.0507,6.19e-05,1.00e+00,GAATACGGTTGAAGAAATCC,Rv1880c,cyp140,0,False
913,GTTAWCKCYYSAAKAATYCC,NC_000962.3,2603549,2603568,+,1.0507,6.19e-05,1.00e+00,TGAAACTCCTGTAGAACTCC,Rv2329c,narK1,88,True
914,GTTAWCKCYYSAAKAATYCC,NC_000962.3,2726755,2726774,+,1.0507,6.19e-05,1.00e+00,GCGAACTCCTCAAGGCTTCG,Rv2428,ahpC,0,False
915,GTTAWCKCYYSAAKAATYCC,NC_000962.3,2893851,2893870,+,1.0507,6.19e-05,1.00e+00,GTTGACTCCTGTGGAAATCG,Rv2569c,,0,False
916,GTTAWCKCYYSAAKAATYCC,NC_000962.3,3242875,3242894,+,1.0507,6.19e-05,1.00e+00,GTTCTCTATCCGTGTATTCC,Rv2928,tesA,0,False
917,GTTAWCKCYYSAAKAATYCC,NC_000962.3,3534605,3534624,-,1.0507,6.19e-05,1.00e+00,GTGAACTGTCGCATGTTCCC,Rv3166c,,0,False
918,GTTAWCKCYYSAAKAATYCC,NC_000962.3,3967438,3967457,+,1.0507,6.19e-05,1.00e+00,GTAAACGCCTGGATGAGTCG,Rv3530c,,0,False
919,GTTAWCKCYYSAAKAATYCC,NC_000962.3,4249098,4249117,+,1.0507,6.19e-05,1.00e+00,GGTATCTCCTGCCTAAGCCG,Rv3795,embB,0,False
920,GTTAWCKCYYSAAKAATYCC,NC_000962.3,2742748,2742767,+,1.0435,6.22e-05,1.00e+00,GAGAACGCTTCGATCAGTCC,Rv2444c,rne,0,False
921,GTTGTCYWWGYAAYCGCKTWT,NC_000962.3,727774,727794,-,-1.4420,6.23e-05,1.00e+00,CTTGGCCTGGCAACCGCCACT,Rv0631c,recC,0,False
922,GTTGTCYWWGYAAYCGCKTWT,NC_000962.3,1060149,1060169,+,-1.4420,6.23e-05,1.00e+00,GTTGTCCGAGGAGCGGCGGCT,Rv0949,uvrD1,0,False
923,GTTGTCYWWGYAAYCGCKTWT,NC_000962.3,3256579,3256599,-,-1.4420,6.23e-05,1.00e+00,GTTGACCGCCGAACCGCGTAC,Rv2933,ppsC,0,False
924,GTTGTCYWWGYAAYCGCKTWT,NC_000962.3,4172024,4172044,+,-1.4420,6.23e-05,1.00e+00,CGTGCCCTCGCAACCGCCTGT,Rv3726,,0,False
925,GTTAWCKCYYSAAKAATYCC,NC_000962.3,1394417,1394436,+,1.0000,6.23e-05,1.00e+00,GGTTCGGCCCGAAGAATCTC,Rv1250,,0,False
926,GTTGTCYWWGYAAYCGCKTWT,NC_000962.3,477282,477302,-,-1.4493,6.28e-05,1.00e+00,GTTGTCGGTGTCGCCGCGTGC,Rv0398c,,0,False
927,GTTGTCYWWGYAAYCGCKTWT,NC_000962.3,2390175,2390195,+,-1.4493,6.28e-05,1.00e+00,GTCGTCGCCGTGACCGCGTAC,Rv2128,,0,False
928,GTTGTCYWWGYAAYCGCKTWT,NC_000962.3,2396845,2396865,-,-1.4493,6.28e-05,1.00e+00,GTCGTCGTCGTGACCGCGGCT,Rv2136c,,7,True
929,GTTGTCYWWGYAAYCGCKTWT,NC_000962.3,2623357,2623377,+,-1.4493,6.28e-05,1.00e+00,GTTGCCCTCGAAACCGCCGTG,Rv2344c,dgt,0,False
930,GTTGTCYWWGYAAYCGCKTWT,NC_000962.3,2676818,2676838,+,-1.4493,6.28e-05,1.00e+00,GGTGTCACCGTCACCGCGTTG,Rv2384,mbtA,0,False
931,GTTGTCYWWGYAAYCGCKTWT,NC_000962.3,2698468,2698488,-,-1.4493,6.28e-05,1.00e+00,GTTGCCCCGGCCAACGCTTTA,Rv2402,,60,True
932,GTTGTCYWWGYAAYCGCKTWT,NC_000962.3,2725224,2725244,-,-1.4493,6.28e-05,1.00e+00,GTTGTCCTTGAACCCGCAACG,Rv2427c,proA,0,False
933,GTTGTCYWWGYAAYCGCKTWT,NC_000962.3,2814358,2814378,+,-1.4493,6.28e-05,1.00e+00,GTGGTCCCGGTAACCGCAGTG,Rv2500c,fadE19,0,False
934,GTTGTCYWWGYAAYCGCKTWT,NC_000962.3,2910155,2910175,+,-1.4493,6.28e-05,1.00e+00,GTGGGCGGTGCAACCGCTTGC,Rv2583c,relA,0,False
935,GTTGTCYWWGYAAYCGCKTWT,NC_000962.3,3193061,3193081,-,-1.4493,6.28e-05,1.00e+00,GCTGTCCGGGTACTCGCGAGT,Rv2883c,pyrH,0,False
936,GTTGTCYWWGYAAYCGCKTWT,NC_000962.3,3456214,3456234,-,-1.4493,6.28e-05,1.00e+00,GTTGTCATCGCCGCCGCATTC,Rv3089,fadD13,0,False
937,GTTGTCYWWGYAAYCGCKTWT,NC_000962.3,3997648,3997668,-,-1.4493,6.28e-05,1.00e+00,GCTGGCCGAGCAAGCGCTTGG,Rv3557c,,17,True
938,GTTGTCYWWGYAAYCGCKTWT,NC_000962.3,1444844,1444864,+,-1.7681,6.37e-05,1.00e+00,GCCCTGTAAGTAATCCAGTAT,Rv1290c,,0,False
939,GTTGTCYWWGYAAYCGCKTWT,NC_000962.3,3593479,3593499,-,-1.7681,6.37e-05,1.00e+00,GTGCTGTATGTATTTGTGTTT,Rv3215,entC,107,True
940,GTTAWCKCYYSAAKAATYCC,NC_000962.3,7316,7335,+,0.9928,6.44e-05,1.00e+00,GTTGCCGCCTGACGACTCGC,Rv0006,gyrA,0,False
941,GTTAWCKCYYSAAKAATYCC,NC_000962.3,254653,254672,-,0.9928,6.44e-05,1.00e+00,GTCATCGCCGGCCGAATCGC,Rv0213c,,0,False
942,GTTAWCKCYYSAAKAATYCC,NC_000962.3,595281,595300,-,0.9928,6.44e-05,1.00e+00,GACAGTTCCCGAAGAAGCCC,Rv0504c,,0,False
943,GTTAWCKCYYSAAKAATYCC,NC_000962.3,663930,663949,-,0.9928,6.44e-05,1.00e+00,GCTCACGCCCGAAGAAGAAC,Rv0571c,,0,False
944,GTTAWCKCYYSAAKAATYCC,NC_000962.3,696635,696654,+,0.9928,6.44e-05,1.00e+00,TTGATCGCCCGAAACAGCCC,Rv0597c,,0,False
945,GTTAWCKCYYSAAKAATYCC,NC_000962.3,698491,698510,-,0.9928,6.44e-05,1.00e+00,CTCCGCGCTCGAAGAAACCC,Rv0601c,,32,True
946,GTTAWCKCYYSAAKAATYCC,NC_000962.3,768217,768236,-,0.9928,6.44e-05,1.00e+00,GACAACGCCCGAAGAGTATC,Rv0669c,,0,False
947,GTTAWCKCYYSAAKAATYCC,NC_000962.3,1267515,1267534,-,0.9928,6.44e-05,1.00e+00,GTGATCGCACGACGAAACTC,Rv1140,,0,False
948,GTTAWCKCYYSAAKAATYCC,NC_000962.3,1850641,1850660,+,0.9928,6.44e-05,1.00e+00,GGTGTCGCGCCAGGAATCCG,Rv1640c,lysX,0,False
949,GTTAWCKCYYSAAKAATYCC,NC_000962.3,2134938,2134957,+,0.9928,6.44e-05,1.00e+00,CTGAGCGCCCCAGTACTCCC,Rv1886c,fbpB,0,False
950,GTTAWCKCYYSAAKAATYCC,NC_000962.3,2334486,2334505,-,0.9928,6.44e-05,1.00e+00,GGCAACGCCGCCAGAATCCG,Rv2077A,,0,False
951,GTTAWCKCYYSAAKAATYCC,NC_000962.3,2560666,2560685,+,0.9928,6.44e-05,1.00e+00,GTTATCGCCACCCGGATCGC,Rv2287,yjcE,0,False
952,GTTAWCKCYYSAAKAATYCC,NC_000962.3,2578837,2578856,+,0.9928,6.44e-05,1.00e+00,GCAACCGCCCCAATCATCAC,Rv2307c,,141,True
953,GTTAWCKCYYSAAKAATYCC,NC_000962.3,3610292,3610311,+,0.9928,6.44e-05,1.00e+00,GCCATCGCCCGAACAGTCGC,Rv3234c,tgs3,81,True
954,GTTAWCKCYYSAAKAATYCC,NC_000962.3,3809683,3809702,-,0.9928,6.44e-05,1.00e+00,CTTGACGCCCAAGGAAACCC,Rv3394c,,0,False
955,GTTAWCKCYYSAAKAATYCC,NC_000962.3,3817696,3817715,-,0.9928,6.44e-05,1.00e+00,GTTGGCGCTCGAAGACACCA,Rv3400,,0,False
956,GTTAWCKCYYSAAKAATYCC,NC_000962.3,3824174,3824193,+,0.9928,6.44e-05,1.00e+00,GACACTTCCCGAGGAATCCC,Rv3404c,,0,False
957,GTTAWCKCYYSAAKAATYCC,NC_000962.3,3977097,3977116,+,0.9928,6.44e-05,1.00e+00,GCTACCGCCCGTCGAATTCT,Rv3538,,0,False
958,GTTAWCKCYYSAAKAATYCC,NC_000962.3,4045727,4045746,+,0.9928,6.44e-05,1.00e+00,GTCATCGCCGGGTGAATCGC,Rv3603c,,0,False
959,GTTAWCKCYYSAAKAATYCC,NC_000962.3,4273109,4273128,-,0.9928,6.44e-05,1.00e+00,CTTCACGCCCGAGCAAGCCC,Rv3809c,glf,0,False
960,GTTAWCKCYYSAAKAATYCC,NC_000962.3,4370972,4370991,+,0.9928,6.44e-05,1.00e+00,GTGATCGCACCCAGAACCAC,Rv3887c,eccD2,0,False
961,GTTAWCKCYYSAAKAATYCC,NC_000962.3,4377851,4377870,-,0.9928,6.44e-05,1.00e+00,GGACATCCCCGAAGAATCCC,Rv3894c,eccC2,0,False
962,GTTGTCYWWGYAAYCGCKTWT,NC_000962.3,3008276,3008296,+,-1.8261,6.50e-05,1.00e+00,GTTGTGCGACCAGCGTCTTTT,Rv2690c,,0,False
963,TWTKCATTGYTWTYTMCCSW,NC_000962.3,99311,99330,+,1.0580,6.53e-05,1.00e+00,TTCGCACTGTTTACTCCGGC,Rv0090,,61,True
964,TWTKCATTGYTWTYTMCCSW,NC_000962.3,899821,899840,-,1.0580,6.53e-05,1.00e+00,CCTGGAGCGCTATTTCCCGA,Rv0806c,cpsY,0,False
965,TWTKCATTGYTWTYTMCCSW,NC_000962.3,1081661,1081680,+,1.0580,6.53e-05,1.00e+00,TTCGCCATGCTGTTTCCGGT,Rv0970,,0,False
966,TWTKCATTGYTWTYTMCCSW,NC_000962.3,1135122,1135141,+,1.0580,6.53e-05,1.00e+00,GTTGGATAGCTTTCGCCCTT,Rv1016c,lpqT,0,False
967,TWTKCATTGYTWTYTMCCSW,NC_000962.3,1449136,1449155,-,1.0580,6.53e-05,1.00e+00,TTCGCAGTGCTTTCCGACCA,Rv1293,lysA,0,False
968,TWTKCATTGYTWTYTMCCSW,NC_000962.3,1771370,1771389,-,1.0580,6.53e-05,1.00e+00,CTGGCATGCCTATCTGCCGA,Rv1564c,treX,0,False
969,TWTKCATTGYTWTYTMCCSW,NC_000962.3,1841870,1841889,-,1.0580,6.53e-05,1.00e+00,GATGCATGGCTGGTTCGCCA,Rv1635c,,0,False
970,TWTKCATTGYTWTYTMCCSW,NC_000962.3,2706242,2706261,-,1.0580,6.53e-05,1.00e+00,TACGACGTGCTATCTGCCGT,Rv2408,PE24,0,False
971,TWTKCATTGYTWTYTMCCSW,NC_000962.3,3158041,3158060,+,1.0580,6.53e-05,1.00e+00,TTTCCTTTGCCTTCACCGGT,Rv2849c,cobO,0,False
972,TWTKCATTGYTWTYTMCCSW,NC_000962.3,3189061,3189080,-,1.0580,6.53e-05,1.00e+00,GATGCAGAGCTTTGTCTCGA,Rv2878c,mpt53,0,False
973,TWTKCATTGYTWTYTMCCSW,NC_000962.3,3572485,3572504,-,1.0580,6.53e-05,1.00e+00,GTTCCGTTGCTTTCGCGCGT,Rv3199c,nudC,0,False
974,TWTKCATTGYTWTYTMCCSW,NC_000962.3,3668911,3668930,-,1.0580,6.53e-05,1.00e+00,TCTGCATCGCGAGCTAACGA,Rv3286c,sigF,0,False
975,TWTKCATTGYTWTYTMCCSW,NC_000962.3,3733345,3733364,-,1.0580,6.53e-05,1.00e+00,GAAGCATCGATATCTCCGGA,Rv3343c,PPE54,0,False
976,TWTKCATTGYTWTYTMCCSW,NC_000962.3,4035687,4035706,+,1.0580,6.53e-05,1.00e+00,TTTGCGTTGATAGCGCCACA,Rv3593,lpqF,0,False
977,TWTKCATTGYTWTYTMCCSW,NC_000962.3,4371350,4371369,-,1.0580,6.53e-05,1.00e+00,TACGAATCGCTATCCACCGG,Rv3887c,eccD2,0,False
978,TWTKCATTGYTWTYTMCCSW,NC_000962.3,4401659,4401678,-,1.0580,6.53e-05,1.00e+00,TAGGCACTGCTGTTCCCGCA,Rv3912,,25,True
979,GTTAWCKCYYSAAKAATYCC,NC_000962.3,29742,29761,+,0.9855,6.64e-05,1.00e+00,GTCCACGCACGAAGATCTCC,Rv0026,,0,False
980,GTTAWCKCYYSAAKAATYCC,NC_000962.3,886737,886756,+,0.9855,6.64e-05,1.00e+00,GTCATCGCCCGGTTCATGCC,Rv0793,,0,False
981,GTTAWCKCYYSAAKAATYCC,NC_000962.3,1238136,1238155,-,0.9855,6.64e-05,1.00e+00,GTCACCGCTCGATTCACCCC,Rv1111c,,0,False
982,GTTAWCKCYYSAAKAATYCC,NC_000962.3,1690137,1690156,-,0.9855,6.64e-05,1.00e+00,GCTTCCGCCTGGAGGATTCC,Rv1498A,,0,False
983,GTTAWCKCYYSAAKAATYCC,NC_000962.3,1816932,1816951,+,0.9855,6.64e-05,1.00e+00,GCTGCCGCTCGAAGAGGTCC,Rv1617,pykA,0,False
984,GTTAWCKCYYSAAKAATYCC,NC_000962.3,1846522,1846541,+,0.9855,6.64e-05,1.00e+00,GTTGTCGCCCAAGGCACTCC,Rv1638,uvrA,0,False
985,GTTAWCKCYYSAAKAATYCC,NC_000962.3,2541820,2541839,+,0.9855,6.64e-05,1.00e+00,GGTAACACTCGAAGTCGCCC,Rv2267c,,0,False
986,TWTKCATTGYTWTYTMCCSW,NC_000962.3,443706,443725,-,1.0507,6.86e-05,1.00e+00,TATTCCTGGCCCGCTACCCA,Rv0365c,,0,False
987,TWTKCATTGYTWTYTMCCSW,NC_000962.3,466307,466326,+,1.0507,6.86e-05,1.00e+00,TCCGCTTCGCGATTTACCGT,Rv0386,,0,False
988,TWTKCATTGYTWTYTMCCSW,NC_000962.3,1168577,1168596,-,1.0507,6.86e-05,1.00e+00,TGGTCCCTGTGTTCTCCCGT,Rv1045,,23,True
989,TWTKCATTGYTWTYTMCCSW,NC_000962.3,2124429,2124448,+,1.0507,6.86e-05,1.00e+00,CTTGCGGTGGTTTCCACCGT,Rv1875,,0,False
990,TWTKCATTGYTWTYTMCCSW,NC_000962.3,2287180,2287199,+,1.0507,6.86e-05,1.00e+00,TATTCATGGCGAACAACCCG,Rv2041c,,0,False
991,TWTKCATTGYTWTYTMCCSW,NC_000962.3,2776213,2776232,+,1.0507,6.86e-05,1.00e+00,GATTCCGTGGTAACTCCCCT,Rv2473,,0,False
992,TWTKCATTGYTWTYTMCCSW,NC_000962.3,3267168,3267187,+,1.0507,6.86e-05,1.00e+00,GACTCATTGCTTGCCGCCGA,Rv2934,ppsD,0,False
993,TWTKCATTGYTWTYTMCCSW,NC_000962.3,3643788,3643807,-,1.0507,6.86e-05,1.00e+00,TAACCAGGGTGATCTCCCGA,Rv3263,,0,False
994,TWTKCATTGYTWTYTMCCSW,NC_000962.3,3798629,3798648,-,1.0507,6.86e-05,1.00e+00,AGATCATTGCTAACAACCCT,Rv3383c,idsB,140,True
995,TWTKCATTGYTWTYTMCCSW,NC_000962.3,4180972,4180991,-,1.0507,6.86e-05,1.00e+00,TATTCGGTGCGTCCTACCCC,Rv3730c,,0,False
996,TWTKCATTGYTWTYTMCCSW,NC_000962.3,4238550,4238569,+,1.0507,6.86e-05,1.00e+00,TACGCCTTGCTGGTCACCGT,Rv3792,aftA,0,False
997,TWTKCATTGYTWTYTMCCSW,NC_000962.3,4403092,4403111,+,1.0507,6.86e-05,1.00e+00,TTAGCCTGGGGTTTTCCCGA,Rv3914,trxC,10,True
998,GTTAWCKCYYSAAKAATYCC,NC_000962.3,22682,22701,+,0.5362,6.90e-05,1.00e+00,GTCAACGCCCGCATGATCAA,Rv0018c,pstP,0,False
999,GTTAWCKCYYSAAKAATYCC,NC_000962.3,770521,770540,-,0.5362,6.90e-05,1.00e+00,GTTCTTTCCCGCAGAAACGC,Rv0670,end,0,False
1000,GTTAWCKCYYSAAKAATYCC,NC_000962.3,1073465,1073484,-,0.5362,6.90e-05,1.00e+00,GGCAAGTCCCCAAGAAGCGC,Rv0959A,vapB9,0,False
1001,GTTAWCKCYYSAAKAATYCC,NC_000962.3,1260847,1260866,+,0.5362,6.90e-05,1.00e+00,GTGATCGGCCCGATGATCAC,Rv1133c,metE,0,False
1002,GTTAWCKCYYSAAKAATYCC,NC_000962.3,1422121,1422140,-,0.5362,6.90e-05,1.00e+00,GTCATCGTTCCACGGATCCT,Rv1272c,,0,False
1003,GTTAWCKCYYSAAKAATYCC,NC_000962.3,1930345,1930364,+,0.5362,6.90e-05,1.00e+00,GTGAACGCCCCAATCACCGA,Rv1704c,cycA,0,False
1004,GTTAWCKCYYSAAKAATYCC,NC_000962.3,2571893,2571912,+,0.5362,6.90e-05,1.00e+00,ATCAACTCCCGCAGAAACGC,Rv2299c,htpG,0,False
1005,GTTAWCKCYYSAAKAATYCC,NC_000962.3,2866854,2866873,+,0.5362,6.90e-05,1.00e+00,GTTCTCGGCCGAGGACTTCA,Rv2543,lppA,0,False
1006,GTTAWCKCYYSAAKAATYCC,NC_000962.3,2942877,2942896,-,0.5362,6.90e-05,1.00e+00,GTTCACGCCCGAGGACTTGG,Rv2614c,thrS,0,False
1007,GTTAWCKCYYSAAKAATYCC,NC_000962.3,3018882,3018901,-,0.5362,6.90e-05,1.00e+00,GTGATGGCCTGGCGAATCCA,Rv2703,sigA,0,False
1008,GTTAWCKCYYSAAKAATYCC,NC_000962.3,3049833,3049852,-,0.5362,6.90e-05,1.00e+00,GTCAACGGTCGACGGATCCA,Rv2737c,recA,0,False
1009,GTTAWCKCYYSAAKAATYCC,NC_000962.3,3365892,3365911,+,0.5362,6.90e-05,1.00e+00,GTTCACGCTCGTAGAACCGG,Rv3007c,,0,False
1010,GTTAWCKCYYSAAKAATYCC,NC_000962.3,3458086,3458105,-,0.5362,6.90e-05,1.00e+00,GTGGTAGTTCGAAGAGTCCC,Rv3090,,124,True
1011,GTTAWCKCYYSAAKAATYCC,NC_000962.3,3506859,3506878,-,0.5362,6.90e-05,1.00e+00,GCTATCGGCCGCATCATCTC,Rv3140,fadE23,0,False
1012,GTTAWCKCYYSAAKAATYCC,NC_000962.3,3759881,3759900,-,0.5362,6.90e-05,1.00e+00,GTTAACGATCGATGCGTCCG,Rv3350c,PPE56,0,False
1013,GTTAWCKCYYSAAKAATYCC,NC_000962.3,3826372,3826391,+,0.5362,6.90e-05,1.00e+00,CTTGTGGCCCGACTCATCCC,Rv3407,vapB47,0,False
1014,GTTAWCKCYYSAAKAATYCC,NC_000962.3,4024884,4024903,+,0.5362,6.90e-05,1.00e+00,GTCAACTACCCCCGAATCCA,Rv3582c,ispD,0,False
1015,GTTAWCKCYYSAAKAATYCC,NC_000962.3,4212672,4212691,+,0.5362,6.90e-05,1.00e+00,GGTATAGCCCCAATCTTCCA,Rv3766,,0,False
1016,GTTGTCYWWGYAAYCGCKTWT,NC_000962.3,3560,3580,-,-1.8333,7.10e-05,1.00e+00,ATGATCGATTCAATCGCGCTT,Rv0003,recF,0,False
1017,GTTGTCYWWGYAAYCGCKTWT,NC_000962.3,128293,128313,-,-1.8333,7.10e-05,1.00e+00,CCTGTCCTACGAACCGGTGAT,Rv0107c,ctpI,0,False
1018,GTTGTCYWWGYAAYCGCKTWT,NC_000962.3,806286,806306,+,-1.8333,7.10e-05,1.00e+00,GTAGTGTACACAACCGTTCAT,Rv0711,atsA,48,True
1019,GTTGTCYWWGYAAYCGCKTWT,NC_000962.3,1106078,1106098,-,-1.8333,7.10e-05,1.00e+00,ATTTCCCATGCAATCGGATAG,Rv0988,,0,False
1020,GTTGTCYWWGYAAYCGCKTWT,NC_000962.3,1195406,1195426,+,-1.8333,7.10e-05,1.00e+00,TTCGTCGATCCAATCACGTTG,Rv1071c,echA9,0,False
1021,GTTGTCYWWGYAAYCGCKTWT,NC_000962.3,1377975,1377995,-,-1.8333,7.10e-05,1.00e+00,GGTACCAAAGCAATTGAGTAT,Rv1235,lpqY,0,False
1022,GTTGTCYWWGYAAYCGCKTWT,NC_000962.3,1599377,1599397,-,-1.8333,7.10e-05,1.00e+00,GTTCTCCATGGACTTGGGGAT,Rv1424c,,0,False
1023,GTTGTCYWWGYAAYCGCKTWT,NC_000962.3,1698737,1698757,+,-1.8333,7.10e-05,1.00e+00,GTTCTTGATGCTATCGGGGAT,Rv1508c,,0,False
1024,GTTGTCYWWGYAAYCGCKTWT,NC_000962.3,1744298,1744318,+,-1.8333,7.10e-05,1.00e+00,GTTGTGTTAGCCGGAGGGTTT,Rv1541c,lprI,0,False
1025,GTTGTCYWWGYAAYCGCKTWT,NC_000962.3,2025136,2025156,+,-1.8333,7.10e-05,1.00e+00,GTTTTCTATGCAACAGTTGCG,Rv1786,,105,True
1026,GTTGTCYWWGYAAYCGCKTWT,NC_000962.3,2366839,2366859,-,-1.8333,7.10e-05,1.00e+00,GTAGTGCATGTCAAAGGGTTT,Rv2107,PE22,519,True
1027,GTTGTCYWWGYAAYCGCKTWT,NC_000962.3,2405321,2405341,+,-1.8333,7.10e-05,1.00e+00,ATCTTCGTTGTACCCACGTTT,Rv2145c,wag31,0,False
1028,GTTGTCYWWGYAAYCGCKTWT,NC_000962.3,2469929,2469949,+,-1.8333,7.10e-05,1.00e+00,ATGGTCCCAGCAATGGGTATT,Rv2205c,,0,False
1029,GTTGTCYWWGYAAYCGCKTWT,NC_000962.3,2807500,2807520,-,-1.8333,7.10e-05,1.00e+00,GTTGAACATGAAATCTAGCAT,Rv2492,,0,False
1030,GTTGTCYWWGYAAYCGCKTWT,NC_000962.3,2985664,2985684,-,-1.8333,7.10e-05,1.00e+00,GTTGATCTTGAAACCAGTCTT,Rv2669,,0,False
1031,GTTGTCYWWGYAAYCGCKTWT,NC_000962.3,3013564,3013584,+,-1.8333,7.10e-05,1.00e+00,CTTGCGTTTGCCACCGTCTTT,Rv2696c,,0,False
1032,GTTGTCYWWGYAAYCGCKTWT,NC_000962.3,3069631,3069651,+,-1.8333,7.10e-05,1.00e+00,GTTGTCCTTGTTATACAGCCT,Rv2756c,hsdM,0,False
1033,GTTGTCYWWGYAAYCGCKTWT,NC_000962.3,3667164,3667184,-,-1.8333,7.10e-05,1.00e+00,GGCCTCTTTGCAAATCCGTTT,Rv3285,accA3,0,False
1034,GTTGTCYWWGYAAYCGCKTWT,NC_000962.3,3816160,3816180,-,-1.8333,7.10e-05,1.00e+00,ATTGTGCACATTTTCGCGTAT,Rv3399,,0,False
1035,GTTGTCYWWGYAAYCGCKTWT,NC_000962.3,4090673,4090693,-,-1.8333,7.10e-05,1.00e+00,ATTGTGTACATGACCGCGGTT,Rv3649,,0,False
1036,GTTGTCYWWGYAAYCGCKTWT,NC_000962.3,4314186,4314206,-,-1.8333,7.10e-05,1.00e+00,TTTGTCTTAGGCCCTTCGTAT,Rv3841,bfrB,0,False
1037,TWTKCATTGYTWTYTMCCSW,NC_000962.3,295830,295849,-,0.6014,7.11e-05,1.00e+00,ATTTGATCGCTATCGCCGCA,Rv0245,,174,True
1038,TWTKCATTGYTWTYTMCCSW,NC_000962.3,826367,826386,+,0.6014,7.11e-05,1.00e+00,CTTGGATGGCTATCCACGCT,Rv0733,adk,0,False
1039,TWTKCATTGYTWTYTMCCSW,NC_000962.3,1245116,1245135,-,0.6014,7.11e-05,1.00e+00,GTTGCATCGCCTTTTCGTCT,Rv1121,zwf1,9,True
1040,TWTKCATTGYTWTYTMCCSW,NC_000962.3,1673834,1673853,-,0.6014,7.11e-05,1.00e+00,TATGAATATCATTCGACCGA,Rv1483,fabG1,0,False
1041,TWTKCATTGYTWTYTMCCSW,NC_000962.3,2616414,2616433,+,0.6014,7.11e-05,1.00e+00,GTTGCGTAGCTATTTCTACT,Rv2339,mmpL9,0,False
1042,TWTKCATTGYTWTYTMCCSW,NC_000962.3,3363982,3364001,-,0.6014,7.11e-05,1.00e+00,TTGGGTTTGTTTACTCCGCT,Rv3005c,,0,False
1043,GTTAWCKCYYSAAKAATYCC,NC_000962.3,87306,87325,-,0.5290,7.24e-05,1.00e+00,CGCATCGCCTCAAGATATCC,Rv0078A,,0,False
1044,GTTAWCKCYYSAAKAATYCC,NC_000962.3,621941,621960,-,0.5290,7.24e-05,1.00e+00,GGCAACGCCTGGAGAAGTGC,Rv0530,,0,False
1045,GTTAWCKCYYSAAKAATYCC,NC_000962.3,910041,910060,-,0.5290,7.24e-05,1.00e+00,GATCTCGCTCGACGAGTTCA,Rv0817c,,0,False
1046,GTTAWCKCYYSAAKAATYCC,NC_000962.3,972665,972684,-,0.5290,7.24e-05,1.00e+00,GTCGACGATCGAGGAACTCC,Rv0874c,,0,False
1047,GTTAWCKCYYSAAKAATYCC,NC_000962.3,1124861,1124880,-,0.5290,7.24e-05,1.00e+00,GTTAACGCTCGACGTCATCG,Rv1006,,0,False
1048,GTTAWCKCYYSAAKAATYCC,NC_000962.3,1420909,1420928,-,0.5290,7.24e-05,1.00e+00,GATATCGCCTCGGTAAGCCG,Rv1272c,,0,False
1049,GTTAWCKCYYSAAKAATYCC,NC_000962.3,1467793,1467812,-,0.5290,7.24e-05,1.00e+00,GGGATGTCCCGCATGATCCC,Rv1312,,0,False
1050,GTTAWCKCYYSAAKAATYCC,NC_000962.3,2190121,2190140,-,0.5290,7.24e-05,1.00e+00,CGAGACGCTCCAAGAACTCC,Rv1937,,0,False
1051,GTTAWCKCYYSAAKAATYCC,NC_000962.3,2289228,2289247,+,0.5290,7.24e-05,1.00e+00,ATCAACGCCCGCATACGTCC,Rv2043c,pncA,0,False
1052,GTTAWCKCYYSAAKAATYCC,NC_000962.3,2385941,2385960,-,0.5290,7.24e-05,1.00e+00,CCTCACGCTCGACGACTTCC,Rv2124c,metH,0,False
1053,GTTAWCKCYYSAAKAATYCC,NC_000962.3,2858719,2858738,-,0.5290,7.24e-05,1.00e+00,GTCAACGCCTGACGATGTCG,Rv2533c,nusB,0,False
1054,GTTAWCKCYYSAAKAATYCC,NC_000962.3,3049719,3049738,+,0.5290,7.24e-05,1.00e+00,GGAATCGCCTGGATAAGCGC,Rv2737c,recA,0,False
1055,GTTAWCKCYYSAAKAATYCC,NC_000962.3,3231028,3231047,-,0.5290,7.24e-05,1.00e+00,GTTCACGCTCGACGACGTCA,Rv2919c,glnB,0,False
1056,GTTAWCKCYYSAAKAATYCC,NC_000962.3,3635568,3635587,+,0.5290,7.24e-05,1.00e+00,GATAACGTTCGCCGAGTTCC,Rv3255c,manA,0,False
1057,GTTAWCKCYYSAAKAATYCC,NC_000962.3,1690900,1690919,-,0.5217,7.30e-05,1.00e+00,GCGCTCTCCTGTAGAACTCC,Rv1500,,0,False
1058,GTTAWCKCYYSAAKAATYCC,NC_000962.3,116348,116367,-,0.4710,7.33e-05,1.00e+00,GATACCGTCCGAGGAAACCC,Rv0101,nrp,0,False
1059,GTTAWCKCYYSAAKAATYCC,NC_000962.3,183818,183837,-,0.4710,7.33e-05,1.00e+00,GTCGGCGGCCCAAGCATCCC,Rv0155,pntAa,0,False
1060,GTTAWCKCYYSAAKAATYCC,NC_000962.3,1100402,1100421,-,0.4710,7.33e-05,1.00e+00,GCTACCGCCCGAGGGATCCT,Rv0983,pepD,0,False
1061,GTTAWCKCYYSAAKAATYCC,NC_000962.3,1575312,1575331,+,0.4710,7.33e-05,1.00e+00,GTTGCCGCCCGCAGAGTCAC,Rv1399c,nlhH,0,False
1062,GTTAWCKCYYSAAKAATYCC,NC_000962.3,1581486,1581505,+,0.4710,7.33e-05,1.00e+00,GCATCCGGCCGAAGAATCCC,Rv1405c,,0,False
1063,GTTAWCKCYYSAAKAATYCC,NC_000962.3,2721424,2721443,-,0.4638,7.41e-05,1.00e+00,GTATGCGCTCGAAGATCCCC,Rv2424c,,0,False
1064,GTTAWCKCYYSAAKAATYCC,NC_000962.3,3238723,3238742,+,0.4638,7.41e-05,1.00e+00,GCGACCGCTCGAAGTAGCCC,Rv2924c,fpg,0,False
1065,GTTAWCKCYYSAAKAATYCC,NC_000962.3,3758020,3758039,-,0.4638,7.41e-05,1.00e+00,GTCCTCGCCAGCAGCATCCC,Rv3350c,PPE56,0,False
1066,GTTAWCKCYYSAAKAATYCC,NC_000962.3,3915281,3915300,+,0.4638,7.41e-05,1.00e+00,GATGTCGCCGCGCGAATCCC,Rv3496c,mce4D,0,False
1067,TWTKCATTGYTWTYTMCCSW,NC_000962.3,794682,794701,-,0.5942,7.43e-05,1.00e+00,ATTGTTATGTCTTCTACCGA,Rv0695,,32,True
1068,TWTKCATTGYTWTYTMCCSW,NC_000962.3,1321833,1321852,-,0.5942,7.43e-05,1.00e+00,CTTGCCATCTTTACTACCGA,Rv1183,mmpL10,0,False
1069,TWTKCATTGYTWTYTMCCSW,NC_000962.3,1357681,1357700,+,0.5942,7.43e-05,1.00e+00,CATGCGGTGTTTTCGACGGA,Rv1214c,PE14,56,True
1070,TWTKCATTGYTWTYTMCCSW,NC_000962.3,1954207,1954226,-,0.5942,7.43e-05,1.00e+00,GTCTCTGTGCTATTTCCTCA,Rv1728c,,0,False
1071,TWTKCATTGYTWTYTMCCSW,NC_000962.3,2096937,2096956,+,0.5942,7.43e-05,1.00e+00,TTGGGTTTGCAATTCACCGA,Rv1847,,0,False
1072,TWTKCATTGYTWTYTMCCSW,NC_000962.3,2148418,2148437,+,0.5942,7.43e-05,1.00e+00,TTGGCACGGTTATTGCGCGA,Rv1901,cinA,0,False
1073,TWTKCATTGYTWTYTMCCSW,NC_000962.3,2872711,2872730,-,0.5942,7.43e-05,1.00e+00,TATTCGCGCTGATCTCCCGT,Rv2553c,,0,False
1074,TWTKCATTGYTWTYTMCCSW,NC_000962.3,3014323,3014342,+,0.5942,7.43e-05,1.00e+00,TTCGCAACGCTTTTCACAGT,Rv2698,,0,False
1075,TWTKCATTGYTWTYTMCCSW,NC_000962.3,3022119,3022138,+,0.5942,7.43e-05,1.00e+00,TTCTGATCGCTAACGACCGA,Rv2709,,0,False
1076,TWTKCATTGYTWTYTMCCSW,NC_000962.3,3312423,3312442,-,0.5942,7.43e-05,1.00e+00,GTTGAATCGTCATCCACCGA,Rv2959c,,0,False
1077,TWTKCATTGYTWTYTMCCSW,NC_000962.3,3817426,3817445,+,0.5942,7.43e-05,1.00e+00,AATTCGTTCCCTTCGACCCT,Rv3400,,0,False
1078,TWTKCATTGYTWTYTMCCSW,NC_000962.3,3964728,3964747,+,0.5942,7.43e-05,1.00e+00,AAAGTAGTGCTTTTCACCCA,Rv3528c,,0,False
1079,TWTKCATTGYTWTYTMCCSW,NC_000962.3,4180599,4180618,-,0.5942,7.43e-05,1.00e+00,TTATCACGGCTTTTCCGCGA,Rv3729,,0,False
1080,TWTKCATTGYTWTYTMCCSW,NC_000962.3,4275525,4275544,+,0.5942,7.43e-05,1.00e+00,TAGTCAAAGCCATCTACACT,Rv3811,,0,False
1081,TWTKCATTGYTWTYTMCCSW,NC_000962.3,184964,184983,+,0.5870,7.47e-05,1.00e+00,GATTCATCGTCACCGACCGA,Rv0156,pntAb,0,False
1082,TWTKCATTGYTWTYTMCCSW,NC_000962.3,3278393,3278412,-,0.5870,7.47e-05,1.00e+00,AATTCGTTGCGAGTGACCGA,Rv2940c,mas,0,False
1083,GTTAWCKCYYSAAKAATYCC,NC_000962.3,568868,568887,-,0.0145,7.48e-05,1.00e+00,GGCATCGTCCGAAGCATCCA,Rv0479c,,0,False
1084,GTTAWCKCYYSAAKAATYCC,NC_000962.3,889269,889288,+,0.0145,7.48e-05,1.00e+00,GACCACGACCGAAGAATCCG,Rv0794c,,633,True
1085,GTTAWCKCYYSAAKAATYCC,NC_000962.3,1543039,1543058,-,0.0145,7.48e-05,1.00e+00,GACCACGACCGAAGAATCCG,Rv1371,,319,True
1086,GTTAWCKCYYSAAKAATYCC,NC_000962.3,1988790,1988809,-,0.0145,7.48e-05,1.00e+00,GACCACGACCGAAGAATCCG,Rv1758,cut1,251,True
1087,GTTAWCKCYYSAAKAATYCC,NC_000962.3,1996349,1996368,+,0.0145,7.48e-05,1.00e+00,GACCACGACCGAAGAATCCG,Rv1762c,,507,True
1088,GTTAWCKCYYSAAKAATYCC,NC_000962.3,2204000,2204019,+,0.0145,7.48e-05,1.00e+00,GCTTACGACCGAGGAATCCG,Rv1960c,parD1,0,False
1089,GTTAWCKCYYSAAKAATYCC,NC_000962.3,2365662,2365681,+,0.0145,7.48e-05,1.00e+00,GACCACGACCGAAGAATCCG,Rv2104a,,608,True
1090,GTTAWCKCYYSAAKAATYCC,NC_000962.3,2431204,2431223,-,0.0145,7.48e-05,1.00e+00,GACCACGACCGAAGAATCCG,Rv2169c,,360,True
1091,GTTAWCKCYYSAAKAATYCC,NC_000962.3,2550262,2550281,+,0.0145,7.48e-05,1.00e+00,GACCACGACCGAAGAATCCG,Rv2277c,,233,True
1092,GTTAWCKCYYSAAKAATYCC,NC_000962.3,2635825,2635844,+,0.0145,7.48e-05,1.00e+00,GACCACGACCGAAGAATCCG,Rv2353c,PPE39,233,True
1093,GTTAWCKCYYSAAKAATYCC,NC_000962.3,2785702,2785721,-,0.0145,7.48e-05,1.00e+00,GACCACGACCGAAGAATCCG,Rv2481c,,872,True
1094,GTTAWCKCYYSAAKAATYCC,NC_000962.3,2972357,2972376,+,0.0145,7.48e-05,1.00e+00,GACCACGACCGAAGAATCCG,Rv2647,,330,True
1095,GTTAWCKCYYSAAKAATYCC,NC_000962.3,3121611,3121630,-,0.0145,7.48e-05,1.00e+00,GACCACGACCGAAGAATCCG,Rv2816c,,2013,True
1096,GTTAWCKCYYSAAKAATYCC,NC_000962.3,3551478,3551497,+,0.0145,7.48e-05,1.00e+00,GACCACGACCGAAGAATCCG,Rv3183,,434,True
1097,GTTAWCKCYYSAAKAATYCC,NC_000962.3,3552961,3552980,+,0.0145,7.48e-05,1.00e+00,GACCACGACCGAAGAATCCG,Rv3188,,1336,True
1098,GTTAWCKCYYSAAKAATYCC,NC_000962.3,3710630,3710649,+,0.0145,7.48e-05,1.00e+00,GACCACGACCGAAGAATCCG,Rv3324c,moaC3,382,True
1099,GTTAWCKCYYSAAKAATYCC,NC_000962.3,3796145,3796164,-,0.0145,7.48e-05,1.00e+00,GACCACGACCGAAGAATCCG,Rv3382c,,302,True
1100,GTTAWCKCYYSAAKAATYCC,NC_000962.3,3891027,3891046,+,0.0145,7.48e-05,1.00e+00,GACCACGACCGAAGAATCCG,Rv3473c,bpoA,294,True
1101,TWTKCATTGYTWTYTMCCSW,NC_000962.3,6097,6116,-,0.5362,7.57e-05,1.00e+00,ATTGCATCGCGATCTCCACC,Rv0005,gyrB,0,False
1102,TWTKCATTGYTWTYTMCCSW,NC_000962.3,207039,207058,+,0.5362,7.57e-05,1.00e+00,TTTGCGTTGCGCTCACACCA,Rv0175,,0,False
1103,TWTKCATTGYTWTYTMCCSW,NC_000962.3,2094810,2094829,+,0.5362,7.57e-05,1.00e+00,CACGCATCGCTTTCTCGCGG,Rv1844c,gnd1,0,False
1104,TWTKCATTGYTWTYTMCCSW,NC_000962.3,3028436,3028455,-,0.5362,7.57e-05,1.00e+00,ATTGCATTGCTACCCCGCCG,Rv2715,,0,False
1105,TWTKCATTGYTWTYTMCCSW,NC_000962.3,3099506,3099525,-,0.5362,7.57e-05,1.00e+00,ATTGCAGTGCTCTCCCACCT,Rv2790c,ltp1,0,False
1106,GTTGTCYWWGYAAYCGCKTWT,NC_000962.3,28006,28026,+,-1.8406,7.68e-05,1.00e+00,ATTCTCTCTGTGATCGCGCAA,Rv0023,,0,False
1107,GTTGTCYWWGYAAYCGCKTWT,NC_000962.3,222379,222399,+,-1.8406,7.68e-05,1.00e+00,TTTATCTATGTCACCGCCGAA,Rv0191,,0,False
1108,GTTGTCYWWGYAAYCGCKTWT,NC_000962.3,366870,366890,+,-1.8406,7.68e-05,1.00e+00,GATGTTGTTGTTACCGGTATT,Rv0304c,PPE5,0,False
1109,GTTGTCYWWGYAAYCGCKTWT,NC_000962.3,373291,373311,+,-1.8406,7.68e-05,1.00e+00,GGTGTTGAAGTAGCCGGTGTT,Rv0305c,PPE6,0,False
1110,GTTGTCYWWGYAAYCGCKTWT,NC_000962.3,374581,374601,+,-1.8406,7.68e-05,1.00e+00,GGTGTTGAAGTAGCCGGTGTT,Rv0305c,PPE6,0,False
1111,GTTGTCYWWGYAAYCGCKTWT,NC_000962.3,427132,427152,+,-1.8406,7.68e-05,1.00e+00,GATGTTGTAGTTACCGGTGTT,Rv0355c,PPE8,0,False
1112,GTTGTCYWWGYAAYCGCKTWT,NC_000962.3,513760,513780,-,-1.8406,7.68e-05,1.00e+00,GGTTGGTAAGCAAGCGCTTTC,Rv0425c,ctpH,0,False
1113,GTTGTCYWWGYAAYCGCKTWT,NC_000962.3,760143,760163,-,-1.8406,7.68e-05,1.00e+00,CTTGTCTTTGCACTCGTCGAC,Rv0667,rpoB,0,False
1114,GTTGTCYWWGYAAYCGCKTWT,NC_000962.3,1102015,1102035,-,-1.8406,7.68e-05,1.00e+00,GTTTTCTGAGTGATAGCGAAC,Rv0986,,0,False
1115,GTTGTCYWWGYAAYCGCKTWT,NC_000962.3,1110109,1110129,+,-1.8406,7.68e-05,1.00e+00,GTTGACTTTGCATTGGATCGT,Rv0993,galU,0,False
1116,GTTGTCYWWGYAAYCGCKTWT,NC_000962.3,1276350,1276370,+,-1.8406,7.68e-05,1.00e+00,GGTATCGATTTATTCGCGGTT,Rv1148c,,0,False
1117,GTTGTCYWWGYAAYCGCKTWT,NC_000962.3,1293655,1293675,-,-1.8406,7.68e-05,1.00e+00,ATGGTACAGGTGATCGCTCAT,Rv1164,narI,0,False
1118,GTTGTCYWWGYAAYCGCKTWT,NC_000962.3,1348700,1348720,+,-1.8406,7.68e-05,1.00e+00,GTGGTCTACGTTCTGGTGTAT,Rv1205,,18,True
1119,GTTGTCYWWGYAAYCGCKTWT,NC_000962.3,1463221,1463241,-,-1.8406,7.68e-05,1.00e+00,GTCAACTCAGCCATAGCTTTT,Rv1308,atpA,6,True
1120,GTTGTCYWWGYAAYCGCKTWT,NC_000962.3,1665594,1665614,+,-1.8406,7.68e-05,1.00e+00,GTTGCGCTGGTATTCGATTTC,Rv1475c,acn,0,False
1121,GTTGTCYWWGYAAYCGCKTWT,NC_000962.3,1759750,1759770,-,-1.8406,7.68e-05,1.00e+00,CTTGGCCATGAAGTCACTGAT,Rv1553,frdB,0,False
1122,GTTGTCYWWGYAAYCGCKTWT,NC_000962.3,1930797,1930817,-,-1.8406,7.68e-05,1.00e+00,AGTGGCTTTCAGATCGCGTTT,Rv1704c,cycA,0,False
1123,GTTGTCYWWGYAAYCGCKTWT,NC_000962.3,1957998,1958018,+,-1.8406,7.68e-05,1.00e+00,ATTGTCGATCTGATCGCGAAC,Rv1731,gabD2,0,False
1124,GTTGTCYWWGYAAYCGCKTWT,NC_000962.3,2440818,2440838,-,-1.8406,7.68e-05,1.00e+00,TTTGCCCAGGTGATTGCTAAT,Rv2178c,aroG,0,False
1125,GTTGTCYWWGYAAYCGCKTWT,NC_000962.3,2576074,2576094,+,-1.8406,7.68e-05,1.00e+00,GTGAAGTTCGCAGTCGCTTTT,Rv2305,,0,False
1126,GTTGTCYWWGYAAYCGCKTWT,NC_000962.3,2691125,2691145,+,-1.8406,7.68e-05,1.00e+00,CTCGTCTTGGTCATCGGGTTG,Rv2395,,0,False
1127,GTTGTCYWWGYAAYCGCKTWT,NC_000962.3,2718900,2718920,-,-1.8406,7.68e-05,1.00e+00,GCTGCCTTATCAATGGCTGCT,Rv2421c,nadD,92,True
1128,GTTGTCYWWGYAAYCGCKTWT,NC_000962.3,2903377,2903397,-,-1.8406,7.68e-05,1.00e+00,GTTGTGCAAATCAGCGCTGAA,Rv2578c,,0,False
1129,GTTGTCYWWGYAAYCGCKTWT,NC_000962.3,3002667,3002687,+,-1.8406,7.68e-05,1.00e+00,GTCGTCTTGGTGCTGGTGTTT,Rv2685,arsB1,0,False
1130,GTTGTCYWWGYAAYCGCKTWT,NC_000962.3,3023820,3023840,+,-1.8406,7.68e-05,1.00e+00,CTCGTCGATGTCATCGGGTTG,Rv2711,ideR,0,False
1131,GTTGTCYWWGYAAYCGCKTWT,NC_000962.3,3095959,3095979,-,-1.8406,7.68e-05,1.00e+00,GTCATTTTGGTTACCGCTTTG,Rv2787,,0,False
1132,GTTGTCYWWGYAAYCGCKTWT,NC_000962.3,3140929,3140949,-,-1.8406,7.68e-05,1.00e+00,GATTTCCAACTACGCGCTGAT,Rv2834c,ugpE,0,False
1133,GTTGTCYWWGYAAYCGCKTWT,NC_000962.3,3251531,3251551,+,-1.8406,7.68e-05,1.00e+00,GGGGTCTATTTCAACGAGTAT,Rv2932,ppsB,0,False
1134,GTTGTCYWWGYAAYCGCKTWT,NC_000962.3,3541623,3541643,+,-1.8406,7.68e-05,1.00e+00,GCCTTTGATGTAGTCGCGTTT,Rv3173c,,0,False
1135,GTTGTCYWWGYAAYCGCKTWT,NC_000962.3,3562664,3562684,-,-1.8406,7.68e-05,1.00e+00,GTTGCCGTTCTACCGGCTGAT,Rv3193c,,0,False
1136,GTTGTCYWWGYAAYCGCKTWT,NC_000962.3,3612995,3613015,-,-1.8406,7.68e-05,1.00e+00,GGTGTATTTGTTGGCGGGTTT,Rv3236c,,0,False
1137,GTTGTCYWWGYAAYCGCKTWT,NC_000962.3,3730459,3730479,+,-1.8406,7.68e-05,1.00e+00,GGTGTTGATGTCACCGGTGTT,Rv3343c,PPE54,0,False
1138,GTTGTCYWWGYAAYCGCKTWT,NC_000962.3,3732187,3732207,+,-1.8406,7.68e-05,1.00e+00,GGTGTTGATGTCACCGGTGTT,Rv3343c,PPE54,0,False
1139,GTTGTCYWWGYAAYCGCKTWT,NC_000962.3,3735742,3735762,+,-1.8406,7.68e-05,1.00e+00,GGTGTTGATGTCACCGGTGTT,Rv3343c,PPE54,0,False
1140,GTTGTCYWWGYAAYCGCKTWT,NC_000962.3,3856974,3856994,-,-1.8406,7.68e-05,1.00e+00,GTTGGACAAGTGTTGGCCTTT,Rv3437,,0,False
1141,GTTGTCYWWGYAAYCGCKTWT,NC_000962.3,3913323,3913343,-,-1.8406,7.68e-05,1.00e+00,GTTGTCCATTTTTGCGGTGAT,Rv3494c,mce4F,0,False
1142,GTTGTCYWWGYAAYCGCKTWT,NC_000962.3,3918481,3918501,+,-1.8406,7.68e-05,1.00e+00,GTTGTCCTTCTGGTCGACGAT,Rv3499c,mce4A,0,False
1143,GTTAWCKCYYSAAKAATYCC,NC_000962.3,380762,380781,+,0.0072,7.73e-05,1.00e+00,GGTGTCTCCCGACGGATCCG,Rv0312,,0,False
1144,GTTAWCKCYYSAAKAATYCC,NC_000962.3,518298,518317,-,0.0072,7.73e-05,1.00e+00,GTTCACTCCCGGCGGATCTC,Rv0429c,def,0,False
1145,GTTAWCKCYYSAAKAATYCC,NC_000962.3,852539,852558,+,0.0072,7.73e-05,1.00e+00,GGTGTTGCTCGAGGAAGCCC,Rv0758,phoR,0,False
1146,GTTAWCKCYYSAAKAATYCC,NC_000962.3,1098970,1098989,-,0.0072,7.73e-05,1.00e+00,GATAACGTTCGCCGAACCCC,Rv0982,mprB,0,False
1147,GTTAWCKCYYSAAKAATYCC,NC_000962.3,1454841,1454860,+,0.0072,7.73e-05,1.00e+00,GCTGTCGCCCGACGAGTTCG,Rv1297,rho,0,False
1148,GTTAWCKCYYSAAKAATYCC,NC_000962.3,1555463,1555482,-,0.0072,7.73e-05,1.00e+00,GTTCATGCCCGGATCTTCCC,Rv1381,pyrC,0,False
1149,GTTAWCKCYYSAAKAATYCC,NC_000962.3,2123350,2123369,+,0.0072,7.73e-05,1.00e+00,CTCCTCGCTCGAGGAAGCCC,Rv1873,,0,False
1150,GTTAWCKCYYSAAKAATYCC,NC_000962.3,2189532,2189551,-,0.0072,7.73e-05,1.00e+00,GTCCACGCCCGCGTAATCCA,Rv1937,,0,False
1151,GTTAWCKCYYSAAKAATYCC,NC_000962.3,2222011,2222030,-,0.0072,7.73e-05,1.00e+00,GTGATCGCCCGATTCGTCCA,Rv1979c,,0,False
1152,GTTAWCKCYYSAAKAATYCC,NC_000962.3,2703882,2703901,+,0.0072,7.73e-05,1.00e+00,GATCAGGCCCCAATCAGCCC,Rv2405,,44,True
1153,GTTAWCKCYYSAAKAATYCC,NC_000962.3,2885004,2885023,-,0.0072,7.73e-05,1.00e+00,GCCATCGCTCGCAGCATCGC,Rv2565,,0,False
1154,GTTAWCKCYYSAAKAATYCC,NC_000962.3,4084755,4084774,-,0.0072,7.73e-05,1.00e+00,CATCACGCTCGACGAAGCCC,Rv3646c,topA,0,False
1155,GTTAWCKCYYSAAKAATYCC,NC_000962.3,4167547,4167566,+,0.0072,7.73e-05,1.00e+00,GGTGACGCCCGAAGGGTTGC,Rv3722c,,0,False
1156,GTTGTCYWWGYAAYCGCKTWT,NC_000962.3,505355,505375,+,-1.8478,7.75e-05,1.00e+00,GTTGTCGTTGTTGTCGGTCAA,Rv0419,lpqM,0,False
1157,GTTGTCYWWGYAAYCGCKTWT,NC_000962.3,760884,760904,-,-1.8478,7.75e-05,1.00e+00,GTGGTCGATGTCGTCGGTTTC,Rv0667,rpoB,0,False
1158,GTTGTCYWWGYAAYCGCKTWT,NC_000962.3,3120254,3120274,+,-1.8478,7.75e-05,1.00e+00,GTTGGTGTTGTGATCGCTAAA,Rv2813,,1218,True
1159,GTTGTCYWWGYAAYCGCKTWT,NC_000962.3,3416692,3416712,-,-1.8478,7.75e-05,1.00e+00,GTCGGCATAGTGATCGATCAT,Rv3055,,0,False
1160,GTTGTCYWWGYAAYCGCKTWT,NC_000962.3,3430495,3430515,+,-1.8478,7.75e-05,1.00e+00,GTGGGTTATGGCATCGCTTTC,Rv3065,mmr,0,False
1161,GTTGTCYWWGYAAYCGCKTWT,NC_000962.3,3826286,3826306,-,-1.8478,7.75e-05,1.00e+00,GCTGTCTTAGTTCTCGGATTC,Rv3407,vapB47,0,False
1162,GTTGTCYWWGYAAYCGCKTWT,NC_000962.3,4245249,4245269,-,-1.8478,7.75e-05,1.00e+00,GTTGTCTTTGACTTCGGTGTG,Rv3794,embA,0,False
1163,GTTGTCYWWGYAAYCGCKTWT,NC_000962.3,2998603,2998623,+,-1.8913,7.76e-05,1.00e+00,GTTCTTCACGCAACCGGGTGG,Rv2682c,dxs1,0,False
1164,TWTKCATTGYTWTYTMCCSW,NC_000962.3,680721,680740,+,0.5290,7.79e-05,1.00e+00,ATGACTTTGCCATCTCCCGA,Rv0584,,0,False
1165,TWTKCATTGYTWTYTMCCSW,NC_000962.3,698567,698586,-,0.5290,7.79e-05,1.00e+00,TTGGCACTGCTGACCACCGA,Rv0601c,,0,False
1166,TWTKCATTGYTWTYTMCCSW,NC_000962.3,966862,966881,-,0.5290,7.79e-05,1.00e+00,ACTTCGCTGCTATCACCCGT,Rv0869c,moaA2,0,False
1167,TWTKCATTGYTWTYTMCCSW,NC_000962.3,1211451,1211470,+,0.5290,7.79e-05,1.00e+00,CATGCTGTGCAATCTGCCCA,Rv1086,,68,True
1168,TWTKCATTGYTWTYTMCCSW,NC_000962.3,1233919,1233938,-,0.5290,7.79e-05,1.00e+00,GATGCATCGCTGACAACCGA,Rv1106c,,0,False
1169,TWTKCATTGYTWTYTMCCSW,NC_000962.3,1813179,1813198,+,0.5290,7.79e-05,1.00e+00,GTTGCCCAGCTATATCCCCA,Rv1614,lgt,0,False
1170,TWTKCATTGYTWTYTMCCSW,NC_000962.3,2139363,2139382,+,0.5290,7.79e-05,1.00e+00,TTTTCAGCGCGTTCGCCCGC,Rv1890c,,0,False
1171,TWTKCATTGYTWTYTMCCSW,NC_000962.3,2449697,2449716,-,0.5290,7.79e-05,1.00e+00,GTTGCGTTGCTTCCAGCCCT,Rv2187,fadD15,0,False
1172,TWTKCATTGYTWTYTMCCSW,NC_000962.3,3148349,3148368,+,0.5290,7.79e-05,1.00e+00,ATTGCCCGGCTATCTGCCGT,Rv2841c,nusA,35,True
1173,TWTKCATTGYTWTYTMCCSW,NC_000962.3,3700215,3700234,+,0.5290,7.79e-05,1.00e+00,TAGCCGGTGCTATCACCCCA,Rv3312c,,0,False
1174,TWTKCATTGYTWTYTMCCSW,NC_000962.3,4395006,4395025,+,0.5290,7.79e-05,1.00e+00,TGTGCCTGGCCATCGACCCA,Rv3909,,0,False
1175,GTTAWCKCYYSAAKAATYCC,NC_000962.3,1520939,1520958,-,0.0000,7.82e-05,1.00e+00,GGTGTCGCCTCAGGGACTCC,Rv1354c,,0,False
1176,GTTAWCKCYYSAAKAATYCC,NC_000962.3,1850195,1850214,-,0.0000,7.82e-05,1.00e+00,GAAGACGCCCGAGTGATTCC,Rv1640c,lysX,0,False
1177,GTTAWCKCYYSAAKAATYCC,NC_000962.3,350082,350101,-,-0.0580,7.83e-05,1.00e+00,GGTACCGCCCCCAGTAGCCC,Rv0286,PPE4,0,False
1178,GTTAWCKCYYSAAKAATYCC,NC_000962.3,3466153,3466172,+,-0.0580,7.83e-05,1.00e+00,GTTGCCGCCCGCGGAGTCCC,Rv3097c,lipY,0,False
1179,GTTAWCKCYYSAAKAATYCC,NC_000962.3,4176769,4176788,-,-0.0580,7.83e-05,1.00e+00,GCCAGCGCCCCAAGCACCCC,Rv3728,,0,False
1180,TWTKCATTGYTWTYTMCCSW,NC_000962.3,144951,144970,-,0.0797,7.88e-05,1.00e+00,TTTGCAGTGCTAGCGCGGCT,Rv0119,fadD7,0,False
1181,TWTKCATTGYTWTYTMCCSW,NC_000962.3,1687858,1687877,-,0.0797,7.88e-05,1.00e+00,TTAGGTTAGCTATCTCCAGT,Rv1496,,0,False
1182,TWTKCATTGYTWTYTMCCSW,NC_000962.3,2806811,2806830,-,0.0797,7.88e-05,1.00e+00,CTTGCTTTGCGATCTCGGCA,Rv2491,,0,False
1183,GTTAWCKCYYSAAKAATYCC,NC_000962.3,308403,308422,-,-0.5145,7.91e-05,1.00e+00,GCGATTGCCCCGAGTATCCC,Rv0256c,PPE2,0,False
1184,GTTAWCKCYYSAAKAATYCC,NC_000962.3,3155729,3155748,-,-0.5145,7.91e-05,1.00e+00,GTGATCGCCCCCAGCGTCAC,Rv2847c,cysG,0,False
1185,GTTAWCKCYYSAAKAATYCC,NC_000962.3,3867571,3867590,+,-0.5145,7.91e-05,1.00e+00,ATCATCGCCCGCAGCAGCCC,Rv3447c,eccC4,0,False
1186,GTTAWCKCYYSAAKAATYCC,NC_000962.3,4077154,4077173,+,-0.5145,7.91e-05,1.00e+00,GGTGTCGGCCCGCGAATCCC,Rv3638,,0,False
1187,GTTAWCKCYYSAAKAATYCC,NC_000962.3,1187690,1187709,-,-0.5217,7.98e-05,1.00e+00,GTCAACGCTCCCAGGGACCC,Rv1065,,0,False
1188,GTTAWCKCYYSAAKAATYCC,NC_000962.3,1262671,1262690,+,-0.5217,7.98e-05,1.00e+00,GATATCGCCCGAGTTGGCCC,Rv1135c,PPE16,0,False
1189,GTTAWCKCYYSAAKAATYCC,NC_000962.3,1500396,1500415,-,-0.5217,7.98e-05,1.00e+00,GTGTTCGCTCGCCGACTCCC,Rv1330c,pncB1,0,False
1190,GTTAWCKCYYSAAKAATYCC,NC_000962.3,1971486,1971505,-,-0.5217,7.98e-05,1.00e+00,GTAATCGCCCCGGTATCCCC,Rv1745c,idi,0,False
1191,GTTAWCKCYYSAAKAATYCC,NC_000962.3,2339308,2339327,+,-0.5217,7.98e-05,1.00e+00,GAACTCGCCTGCAGGATCCC,Rv2082,,0,False
1192,GTTAWCKCYYSAAKAATYCC,NC_000962.3,2525409,2525428,-,-0.5217,7.98e-05,1.00e+00,GGGATCTCCCCACGCGTCCC,Rv2250c,,55,True
1193,GTTAWCKCYYSAAKAATYCC,NC_000962.3,2643072,2643091,-,-0.5217,7.98e-05,1.00e+00,GCGTTCGCCCGAGGAAGTCC,Rv2361c,,0,False
1194,GTTAWCKCYYSAAKAATYCC,NC_000962.3,3093997,3094016,+,-0.5217,7.98e-05,1.00e+00,GGATACGCCCGACGAAGTCC,Rv2786c,ribF,0,False
1195,GTTAWCKCYYSAAKAATYCC,NC_000962.3,3301194,3301213,+,-0.5217,7.98e-05,1.00e+00,GTTGACGCCCGGGGAGCTCC,Rv2950c,fadD29,0,False
1196,GTTAWCKCYYSAAKAATYCC,NC_000962.3,2355937,2355956,+,-0.5870,7.99e-05,1.00e+00,GTTATCCAGGGAAAAATCAC,Rv2097c,pafA,0,False
1197,GTTGTCYWWGYAAYCGCKTWT,NC_000962.3,470703,470723,-,-1.8985,8.03e-05,1.00e+00,GTACTCCCGGTCACCGAGTAT,Rv0391,metZ,0,False
1198,GTTGTCYWWGYAAYCGCKTWT,NC_000962.3,483086,483106,+,-1.8985,8.03e-05,1.00e+00,TGTGTCCTAGCGACCGACTGT,Rv0402c,mmpL1,0,False
1199,GTTGTCYWWGYAAYCGCKTWT,NC_000962.3,917819,917839,-,-1.8985,8.03e-05,1.00e+00,GGTGTCCAAGCAACGCCAACT,Rv0824c,desA1,0,False
1200,GTTGTCYWWGYAAYCGCKTWT,NC_000962.3,1216155,1216175,-,-1.8985,8.03e-05,1.00e+00,GATGTTCAAGCAAGCGTGTGC,Rv1091,PE_PGRS22,313,True
1201,GTTGTCYWWGYAAYCGCKTWT,NC_000962.3,1701181,1701201,-,-1.8985,8.03e-05,1.00e+00,GTGATCCACGCAAGCCCGCTT,Rv1509,,88,True
1202,GTTGTCYWWGYAAYCGCKTWT,NC_000962.3,1974984,1975004,-,-1.8985,8.03e-05,1.00e+00,GTTGACCACCCGACAGCTTGT,Rv1747,,0,False
1203,GTTGTCYWWGYAAYCGCKTWT,NC_000962.3,2257128,2257148,+,-1.8985,8.03e-05,1.00e+00,GTCGTCTGAGCAACGTCGAGT,Rv2008c,,0,False
1204,GTTGTCYWWGYAAYCGCKTWT,NC_000962.3,2685988,2686008,-,-1.8985,8.03e-05,1.00e+00,GCTGTGCTCGAACCCGGGTTT,Rv2391,sirA,0,False
1205,GTTGTCYWWGYAAYCGCKTWT,NC_000962.3,2872317,2872337,+,-1.8985,8.03e-05,1.00e+00,GGTGTTCGTGCAGCCGGTTGT,Rv2553c,,0,False
1206,GTTGTCYWWGYAAYCGCKTWT,NC_000962.3,2962164,2962184,+,-1.8985,8.03e-05,1.00e+00,GTGGCCTCGGCAACTACGTAT,Rv2634c,PE_PGRS46,0,False
1207,GTTGTCYWWGYAAYCGCKTWT,NC_000962.3,3102109,3102129,-,-1.8985,8.03e-05,1.00e+00,GTTGCGCGGGTGACTGCGTAT,Rv2792c,,0,False
1208,GTTGTCYWWGYAAYCGCKTWT,NC_000962.3,3294792,3294812,-,-1.8985,8.03e-05,1.00e+00,GTTGGTGATGCACCCGGGTGT,Rv2946c,pks1,0,False
1209,GTTGTCYWWGYAAYCGCKTWT,NC_000962.3,3468610,3468630,-,-1.8985,8.03e-05,1.00e+00,TGTCTCGCAGCATCCGCGTTT,Rv3099c,,0,False
1210,GTTGTCYWWGYAAYCGCKTWT,NC_000962.3,3806941,3806961,-,-1.8985,8.03e-05,1.00e+00,GTTGACCACCGAGCGGCGTAT,Rv3391,acrA1,0,False
1211,GTTGTCYWWGYAAYCGCKTWT,NC_000962.3,3836763,3836783,-,-1.8985,8.03e-05,1.00e+00,GTGGTGCTGGCCAAGGCGTTT,Rv3417c,groEL1,0,False
1212,GTTGTCYWWGYAAYCGCKTWT,NC_000962.3,3907834,3907854,+,-1.8985,8.03e-05,1.00e+00,GGTGTCCGAGCAACGGGTCGT,Rv3488,,0,False
1213,GTTGTCYWWGYAAYCGCKTWT,NC_000962.3,4352552,4352572,+,-1.8985,8.03e-05,1.00e+00,GCTGTCCTCGCAAATGGGCTT,Rv3874,esxB,0,False
1214,GTTAWCKCYYSAAKAATYCC,NC_000962.3,489394,489413,-,-1.0507,8.10e-05,1.00e+00,CCTACCACATCAATAATTGC,Rv0405,pks6,0,False
1215,GTTAWCKCYYSAAKAATYCC,NC_000962.3,1011683,1011702,+,-1.0507,8.10e-05,1.00e+00,GTTAAACCTGGAATACTACG,Rv0907,,0,False
1216,GTTAWCKCYYSAAKAATYCC,NC_000962.3,4221037,4221056,-,-1.0580,8.12e-05,1.00e+00,GTTGACTCGTTGATAATGCG,Rv3776,,51,True
1217,GTTAWCKCYYSAAKAATYCC,NC_000962.3,71563,71582,-,-1.1159,8.15e-05,1.00e+00,GTTCACCGGCTAAGAATGCC,Rv0064,,4,True
1218,TWTKCATTGYTWTYTMCCSW,NC_000962.3,4673,4692,-,0.0725,8.18e-05,1.00e+00,GTTTCTTTGCCAGCTCACGA,Rv0004,,0,False
1219,TWTKCATTGYTWTYTMCCSW,NC_000962.3,358609,358628,+,0.0725,8.18e-05,1.00e+00,TATGCAAAGCTAATGCGCGA,Rv0294,tam,0,False
1220,TWTKCATTGYTWTYTMCCSW,NC_000962.3,539731,539750,+,0.0725,8.18e-05,1.00e+00,GTAGCAGTGCTTTTCCCAGT,Rv0450c,mmpL4,0,False
1221,TWTKCATTGYTWTYTMCCSW,NC_000962.3,776705,776724,+,0.0725,8.18e-05,1.00e+00,GTAGCAGTGCTTTTCCCAGT,Rv0676c,mmpL5,0,False
1222,TWTKCATTGYTWTYTMCCSW,NC_000962.3,1050790,1050809,+,0.0725,8.18e-05,1.00e+00,TTTTCCCCGCTTCCTCGCGA,Rv0940c,,0,False
1223,TWTKCATTGYTWTYTMCCSW,NC_000962.3,1716322,1716341,-,0.0725,8.18e-05,1.00e+00,GATGAACCGCCATTTCCCGA,Rv1522c,mmpL12,0,False
1224,TWTKCATTGYTWTYTMCCSW,NC_000962.3,1793660,1793679,+,0.0725,8.18e-05,1.00e+00,TTTGCGCTGCAATTCCTCGT,Rv1592c,,0,False
1225,TWTKCATTGYTWTYTMCCSW,NC_000962.3,1933745,1933764,-,0.0725,8.18e-05,1.00e+00,TTTGGGGCGTTACCTCCCGA,Rv1706c,PPE23,0,False
1226,TWTKCATTGYTWTYTMCCSW,NC_000962.3,3270587,3270606,-,0.0725,8.18e-05,1.00e+00,TTGGCGTTCCGATCGACCGA,Rv2935,ppsE,0,False
1227,TWTKCATTGYTWTYTMCCSW,NC_000962.3,3501800,3501819,+,0.0725,8.18e-05,1.00e+00,TTCGCACTGTTACCACCGGA,Rv3136,PPE51,0,False
1228,TWTKCATTGYTWTYTMCCSW,NC_000962.3,4018617,4018636,+,0.0725,8.18e-05,1.00e+00,ATTGCCTGGCTATCGACGGT,Rv3576,lppH,0,False
1229,TWTKCATTGYTWTYTMCCSW,NC_000962.3,4388505,4388524,-,0.0725,8.18e-05,1.00e+00,CTTGCAATGCATTCGAACGA,Rv3903c,,0,False
1230,GTTAWCKCYYSAAKAATYCC,NC_000962.3,3467357,3467376,+,-1.5072,8.21e-05,1.00e+00,GCTATGCGTTGAACAATTGC,Rv3098c,,0,False
1231,TWTKCATTGYTWTYTMCCSW,NC_000962.3,1197447,1197466,-,0.0652,8.28e-05,1.00e+00,AATGCGTGGTCATCGACCCA,Rv1073,,0,False
1232,TWTKCATTGYTWTYTMCCSW,NC_000962.3,2048005,2048024,-,0.0652,8.28e-05,1.00e+00,CTGTCGTGGCTACTTCCCGT,Rv1805c,,0,False
1233,TWTKCATTGYTWTYTMCCSW,NC_000962.3,2503713,2503732,-,0.0652,8.28e-05,1.00e+00,GACTCGTTGCTTGCCACCGT,Rv2230c,,0,False
1234,TWTKCATTGYTWTYTMCCSW,NC_000962.3,2672542,2672561,-,0.0652,8.28e-05,1.00e+00,GATTCCGTGCTTGCGACCCA,Rv2383c,mbtB,0,False
1235,TWTKCATTGYTWTYTMCCSW,NC_000962.3,2989744,2989763,+,0.0652,8.28e-05,1.00e+00,CTGGCCATGTTTGCTACCGA,Rv2673,aftC,0,False
1236,TWTKCATTGYTWTYTMCCSW,NC_000962.3,3573759,3573778,-,0.0652,8.28e-05,1.00e+00,TTGGCCATGCTACTGACCGA,Rv3201c,,0,False
1237,TWTKCATTGYTWTYTMCCSW,NC_000962.3,4250794,4250813,+,0.0072,8.33e-05,1.00e+00,TTGGCAACGCTTTCCCCCCG,Rv3796,,0,False
1238,GTTAWCKCYYSAAKAATYCC,NC_000962.3,375786,375805,+,-1.5725,8.36e-05,1.00e+00,GTGAACGGGTGAAAAATGCT,Rv0305c,PPE6,75,True
1239,GTTAWCKCYYSAAKAATYCC,NC_000962.3,1109257,1109276,+,-1.5725,8.36e-05,1.00e+00,GTTATCGTGTGAACGATGTC,Rv0993,galU,14,True
1240,TWTKCATTGYTWTYTMCCSW,NC_000962.3,1108224,1108243,+,-0.4493,8.45e-05,1.00e+00,GAAGCCTTGCTTTCACTCGA,Rv0991c,,0,False
1241,TWTKCATTGYTWTYTMCCSW,NC_000962.3,1122832,1122851,-,-0.4493,8.45e-05,1.00e+00,GTCGCATCGCTATCCCCGGA,Rv1005c,,0,False
1242,TWTKCATTGYTWTYTMCCSW,NC_000962.3,2012717,2012736,-,-0.4493,8.45e-05,1.00e+00,CATGAACTGCGTTCCCCCGA,Rv1779c,,0,False
1243,TWTKCATTGYTWTYTMCCSW,NC_000962.3,2437489,2437508,-,-0.4493,8.45e-05,1.00e+00,GATGCATTGCATGCCCACCA,Rv2175c,,0,False
1244,TWTKCATTGYTWTYTMCCSW,NC_000962.3,4210225,4210244,-,-0.4493,8.45e-05,1.00e+00,CATGAACTGCGAACTCCCCT,Rv3764c,tcrY,0,False
1245,TWTKCATTGYTWTYTMCCSW,NC_000962.3,4298255,4298274,+,-0.4493,8.45e-05,1.00e+00,TTTGCGGAGCTTGCTCCACA,Rv3825c,pks2,0,False
1246,GTTAWCKCYYSAAKAATYCC,NC_000962.3,541689,541708,-,-1.5797,8.50e-05,1.00e+00,GTTATTTCGACGTCAATTCC,Rv0451c,mmpS4,0,False
1247,GTTAWCKCYYSAAKAATYCC,NC_000962.3,1534346,1534365,-,-1.5797,8.50e-05,1.00e+00,GCTATACCTTGAGCAATACC,Rv1362c,,0,False
1248,GTTAWCKCYYSAAKAATYCC,NC_000962.3,2291135,2291154,+,-1.5797,8.50e-05,1.00e+00,GTGAAGCCTTCAACGATGCC,Rv2045c,lipT,0,False
1249,GTTAWCKCYYSAAKAATYCC,NC_000962.3,2297973,2297992,+,-1.5797,8.50e-05,1.00e+00,GTTAATTCGTCGACAACGCC,Rv2048c,pks12,0,False
1250,GTTAWCKCYYSAAKAATYCC,NC_000962.3,2794120,2794139,+,-1.5797,8.50e-05,1.00e+00,GTGGCGTCTGGAAAAATTCC,Rvnt28,argW,55,True
1251,GTTAWCKCYYSAAKAATYCC,NC_000962.3,3483209,3483228,+,-1.5797,8.50e-05,1.00e+00,GCTACCTGATCAATGATGCC,Rv3116,moeB2,0,False
1252,GTTAWCKCYYSAAKAATYCC,NC_000962.3,3425472,3425491,-,-1.5870,8.51e-05,1.00e+00,GTATACTCTTTACCAATACC,Rv3061c,fadE22,45,True
1253,GTTGTCYWWGYAAYCGCKTWT,NC_000962.3,20486,20506,+,-1.9058,8.54e-05,1.00e+00,CTTGCCGAAGCTATCGCGGGT,Rv0017c,rodA,0,False
1254,GTTGTCYWWGYAAYCGCKTWT,NC_000962.3,132231,132251,-,-1.9058,8.54e-05,1.00e+00,GTTGCCCATGAACCGGCCATT,Rv0109,PE_PGRS1,0,False
1255,GTTGTCYWWGYAAYCGCKTWT,NC_000962.3,292759,292779,-,-1.9058,8.54e-05,1.00e+00,CTCGTCCTGGTCTACGCGTTT,Rv0243,fadA2,0,False
1256,GTTGTCYWWGYAAYCGCKTWT,NC_000962.3,292819,292839,-,-1.9058,8.54e-05,1.00e+00,GTCGTCGAAGAAACCCCGGTC,Rv0243,fadA2,0,False
1257,GTTGTCYWWGYAAYCGCKTWT,NC_000962.3,318413,318433,+,-1.9058,8.54e-05,1.00e+00,GTTGTCCTGGACGTGGCGCAT,Rv0266c,oplA,0,False
1258,GTTGTCYWWGYAAYCGCKTWT,NC_000962.3,341007,341027,-,-1.9058,8.54e-05,1.00e+00,GATGTCCCAGCTATCACCTTC,Rv0281,,0,False
1259,GTTGTCYWWGYAAYCGCKTWT,NC_000962.3,405822,405842,-,-1.9058,8.54e-05,1.00e+00,CGTGACCACGCAAACGCTCAT,Rv0338c,,0,False
1260,GTTGTCYWWGYAAYCGCKTWT,NC_000962.3,520846,520866,+,-1.9058,8.54e-05,1.00e+00,GGTGGCGAAGACACCGGGTAT,Rv0433,,0,False
1261,GTTGTCYWWGYAAYCGCKTWT,NC_000962.3,521050,521070,-,-1.9058,8.54e-05,1.00e+00,GTTGGACACGCCATCGCAGAT,Rv0433,,0,False
1262,GTTGTCYWWGYAAYCGCKTWT,NC_000962.3,633328,633348,-,-1.9058,8.54e-05,1.00e+00,GTGGTCTGCGCTATCGGGTTA,Rv0541c,,0,False
1263,GTTGTCYWWGYAAYCGCKTWT,NC_000962.3,1022582,1022602,+,-1.9058,8.54e-05,1.00e+00,GTTGGCCTCGGTATGGCGTAC,Rv0917,betP,0,False
1264,GTTGTCYWWGYAAYCGCKTWT,NC_000962.3,1053356,1053376,+,-1.9058,8.54e-05,1.00e+00,GTGTTCCACGCCATCGCTGGT,Rv0943c,,0,False
1265,GTTGTCYWWGYAAYCGCKTWT,NC_000962.3,1134581,1134601,+,-1.9058,8.54e-05,1.00e+00,GGTGGCTCGGTTACCTCGTTT,Rv1015c,rplY,13,True
1266,GTTGTCYWWGYAAYCGCKTWT,NC_000962.3,1180463,1180483,-,-1.9058,8.54e-05,1.00e+00,ATGGTCGAGGCAACCGCTGTC,Rv1057,,0,False
1267,GTTGTCYWWGYAAYCGCKTWT,NC_000962.3,1184157,1184177,-,-1.9058,8.54e-05,1.00e+00,GTTGCTTGTGTAGCCGCGGCT,Rv1061,,0,False
1268,GTTGTCYWWGYAAYCGCKTWT,NC_000962.3,1354754,1354774,+,-1.9058,8.54e-05,1.00e+00,GTTGCGCACGCCATCGCTTCC,Rv1212c,glgA,0,False
1269,GTTGTCYWWGYAAYCGCKTWT,NC_000962.3,1356663,1356683,+,-1.9058,8.54e-05,1.00e+00,GGTGTCGGTGCACCCGGTGTT,Rv1213,glgC,0,False
1270,GTTGTCYWWGYAAYCGCKTWT,NC_000962.3,1362831,1362851,+,-1.9058,8.54e-05,1.00e+00,GTCGTGCGCGTAGTCGCGTAA,Rv1219c,,0,False
1271,GTTGTCYWWGYAAYCGCKTWT,NC_000962.3,1367282,1367302,-,-1.9058,8.54e-05,1.00e+00,GTTCTCCAAGATCCCGCCCTT,Rv1223,htrA,0,False
1272,GTTGTCYWWGYAAYCGCKTWT,NC_000962.3,1648627,1648647,-,-1.9058,8.54e-05,1.00e+00,GATGTCCTTGCGAACGACGTT,Rv1461,,0,False
1273,GTTGTCYWWGYAAYCGCKTWT,NC_000962.3,1817828,1817848,-,-1.9058,8.54e-05,1.00e+00,CTTGGCCGTGTCACCGCCGTT,Rv1618,tesB1,0,False
1274,GTTGTCYWWGYAAYCGCKTWT,NC_000962.3,1869788,1869808,-,-1.9058,8.54e-05,1.00e+00,GTTGACCAGGTAACCGGCGTC,Rv1655,argD,0,False
1275,GTTGTCYWWGYAAYCGCKTWT,NC_000962.3,1932352,1932372,-,-1.9058,8.54e-05,1.00e+00,GCCGCTTACGAAACCGCGTTT,Rv1705c,PPE22,0,False
1276,GTTGTCYWWGYAAYCGCKTWT,NC_000962.3,1944254,1944274,-,-1.9058,8.54e-05,1.00e+00,CTTGTCCAGGTCACCGCCGAC,Rv1716,,0,False
1277,GTTGTCYWWGYAAYCGCKTWT,NC_000962.3,1989741,1989761,-,-1.9058,8.54e-05,1.00e+00,GTTGTACAGGAAGTCGCGGAC,Rv1759c,wag22,91,True
1278,GTTGTCYWWGYAAYCGCKTWT,NC_000962.3,2031456,2031476,-,-1.9058,8.54e-05,1.00e+00,GATGTCATTGCCAACCCGTAC,Rv1794,,0,False
1279,GTTGTCYWWGYAAYCGCKTWT,NC_000962.3,2109141,2109161,-,-1.9058,8.54e-05,1.00e+00,GTTCTCCTTGCAGACGCTGGC,Rv1861,,23,True
1280,GTTGTCYWWGYAAYCGCKTWT,NC_000962.3,2149633,2149653,+,-1.9058,8.54e-05,1.00e+00,GTTACCCAGGACATCGCGGAT,Rv1902c,nanT,0,False
1281,GTTGTCYWWGYAAYCGCKTWT,NC_000962.3,2215508,2215528,+,-1.9058,8.54e-05,1.00e+00,GCTGGCCCTGAAATCGGGCAT,Rv1971,mce3F,0,False
1282,GTTGTCYWWGYAAYCGCKTWT,NC_000962.3,2234407,2234427,-,-1.9058,8.54e-05,1.00e+00,GTCGTCAACGTCACGGCGATT,Rv1991c,mazF6,0,False
1283,GTTGTCYWWGYAAYCGCKTWT,NC_000962.3,2249877,2249897,+,-1.9058,8.54e-05,1.00e+00,GATTACTCCGCAATCGCGTAG,Rv2004c,,0,False
1284,GTTGTCYWWGYAAYCGCKTWT,NC_000962.3,2284817,2284837,-,-1.9058,8.54e-05,1.00e+00,TTTGTCCGTGGTATCGCGGTG,Rv2039c,,0,False
1285,GTTGTCYWWGYAAYCGCKTWT,NC_000962.3,2319707,2319727,+,-1.9058,8.54e-05,1.00e+00,GTTGCCGATGCGGGCGTGTTT,Rv2062c,cobN,0,False
1286,GTTGTCYWWGYAAYCGCKTWT,NC_000962.3,2326375,2326395,+,-1.9058,8.54e-05,1.00e+00,GGTGCCGTCGCTATAGCGTAT,Rv2068c,blaC,0,False
1287,GTTGTCYWWGYAAYCGCKTWT,NC_000962.3,2395788,2395808,-,-1.9058,8.54e-05,1.00e+00,GCTGTGCCTGGAGCCGCTCAT,Rv2135c,,0,False
1288,GTTGTCYWWGYAAYCGCKTWT,NC_000962.3,2553602,2553622,-,-1.9058,8.54e-05,1.00e+00,GATGTTCATGAAGTCGCGTGG,Rv2281,pitB,0,False
1289,GTTGTCYWWGYAAYCGCKTWT,NC_000962.3,2562941,2562961,-,-1.9058,8.54e-05,1.00e+00,GTAGTCGACGCTTCCGATTTT,Rv2290,lppO,0,False
1290,GTTGTCYWWGYAAYCGCKTWT,NC_000962.3,2994847,2994867,+,-1.9058,8.54e-05,1.00e+00,GTCGACGTCGTAGCGGCGTAT,Rv2678c,hemE,0,False
1291,GTTGTCYWWGYAAYCGCKTWT,NC_000962.3,3107180,3107200,-,-1.9058,8.54e-05,1.00e+00,GTTGGCCGCGCTGTCGATTTT,Rv2797c,,0,False
1292,GTTGTCYWWGYAAYCGCKTWT,NC_000962.3,3237980,3238000,+,-1.9058,8.54e-05,1.00e+00,GTTGGCCGCGTAACCGGTCAG,Rv2922A,acyP,0,False
1293,GTTGTCYWWGYAAYCGCKTWT,NC_000962.3,3333336,3333356,-,-1.9058,8.54e-05,1.00e+00,GTGGTGTCGGTCACCGCGATT,Rv2977c,thiL,0,False
1294,GTTGTCYWWGYAAYCGCKTWT,NC_000962.3,3429084,3429104,+,-1.9058,8.54e-05,1.00e+00,GTGGGCTTGGATACCGGGTAT,Rv3063,cstA,0,False
1295,GTTGTCYWWGYAAYCGCKTWT,NC_000962.3,3585660,3585680,+,-1.9058,8.54e-05,1.00e+00,GTTGTCCCACGTCCCGCTTAC,Rv3208,,0,False
1296,GTTGTCYWWGYAAYCGCKTWT,NC_000962.3,3610348,3610368,+,-1.9058,8.54e-05,1.00e+00,GTTGCCCAAGGCACCGGCAAT,Rv3234c,tgs3,25,True
1297,GTTGTCYWWGYAAYCGCKTWT,NC_000962.3,3651546,3651566,+,-1.9058,8.54e-05,1.00e+00,ATCGTCTCGGCCATCGCGTTG,Rv3270,ctpC,0,False
1298,GTTGTCYWWGYAAYCGCKTWT,NC_000962.3,3818507,3818527,+,-1.9058,8.54e-05,1.00e+00,GTCGTCGAGGCAATCGAGGAA,Rv3401,,0,False
1299,GTTGTCYWWGYAAYCGCKTWT,NC_000962.3,3851327,3851347,-,-1.9058,8.54e-05,1.00e+00,GCTGGCCCTGAAATGGCGTTG,Rv3432c,gadB,0,False
1300,GTTGTCYWWGYAAYCGCKTWT,NC_000962.3,3975705,3975725,-,-1.9058,8.54e-05,1.00e+00,GTAGTCGGAGTAGCCGGGTAC,Rv3537,kstD,0,False
1301,GTTGTCYWWGYAAYCGCKTWT,NC_000962.3,4113821,4113841,-,-1.9058,8.54e-05,1.00e+00,GTTGTCCCGGTGCTGGCGTAC,Rv3672c,,0,False
1302,GTTGTCYWWGYAAYCGCKTWT,NC_000962.3,4131410,4131430,+,-1.9058,8.54e-05,1.00e+00,GTTGGTAATGCGATCGCGGCT,Rv3689,,0,False
1303,GTTGTCYWWGYAAYCGCKTWT,NC_000962.3,4161240,4161260,-,-1.9058,8.54e-05,1.00e+00,GTGCTCCGGGTAGCCGCTGTT,Rv3717,,0,False
1304,GTTGTCYWWGYAAYCGCKTWT,NC_000962.3,4183665,4183685,-,-1.9058,8.54e-05,1.00e+00,GTTGTCTGTGTGGCAGCGTCG,Rv3732,,0,False
1305,GTTGTCYWWGYAAYCGCKTWT,NC_000962.3,4233736,4233756,+,-1.9058,8.54e-05,1.00e+00,GTTGTCCAGGTAGCCGGACAC,Rv3787c,,0,False
1306,GTTGTCYWWGYAAYCGCKTWT,NC_000962.3,4277692,4277712,-,-1.9058,8.54e-05,1.00e+00,GCGCTCGTCGCAATCGCGTTC,Rv3812,PE_PGRS62,0,False
1307,TWTKCATTGYTWTYTMCCSW,NC_000962.3,156939,156958,+,-0.4565,8.55e-05,1.00e+00,TTGGCGTTGTAACCGCCCGA,Rv0129c,fbpC,0,False
1308,TWTKCATTGYTWTYTMCCSW,NC_000962.3,913205,913224,-,-0.4565,8.55e-05,1.00e+00,GTTGCACGGCGATTGCCCGT,Rv0820,phoT,0,False
1309,TWTKCATTGYTWTYTMCCSW,NC_000962.3,975866,975885,-,-0.4565,8.55e-05,1.00e+00,CTGGCATGGCCAACTACCCT,Rv0876c,,0,False
1310,TWTKCATTGYTWTYTMCCSW,NC_000962.3,1388709,1388728,-,-0.4565,8.55e-05,1.00e+00,GTCGCAGTGCCAGCTACCGA,Rv1246c,relE,0,False
1311,TWTKCATTGYTWTYTMCCSW,NC_000962.3,2549020,2549039,+,-0.4565,8.55e-05,1.00e+00,AAGGCGCTGCCTTCTACCGA,Rv2276,cyp121,81,True
1312,TWTKCATTGYTWTYTMCCSW,NC_000962.3,4316377,4316396,+,-0.4565,8.55e-05,1.00e+00,GTCGCACCGCTATCCACCGA,Rv3843c,,0,False
1313,GTTAWCKCYYSAAKAATYCC,NC_000962.3,3104816,3104835,-,-1.6449,8.57e-05,1.00e+00,GTCACCTCGGCAACAAACCC,Rv2795c,,0,False
1314,TWTKCATTGYTWTYTMCCSW,NC_000962.3,1751238,1751257,-,-0.9783,8.61e-05,1.00e+00,GTCGCCTCGCTAACTCCCCA,Rv1547,dnaE1,0,False
1315,TWTKCATTGYTWTYTMCCSW,NC_000962.3,4346221,4346240,+,-0.9783,8.61e-05,1.00e+00,GTGGCACTGCAATCCCCCGA,Rv3869,eccB1,0,False
1316,TWTKCATTGYTWTYTMCCSW,NC_000962.3,3964779,3964798,+,-0.9855,8.62e-05,1.00e+00,TATCCATTGTTGATTATAAA,Rv3528c,,0,False
1317,GTTGTCYWWGYAAYCGCKTWT,NC_000962.3,131372,131392,+,-1.9130,8.63e-05,1.00e+00,GAGGTCCCTGATGTCGCTTTT,Rv0109,PE_PGRS1,9,True
1318,GTTGTCYWWGYAAYCGCKTWT,NC_000962.3,167325,167345,+,-1.9130,8.63e-05,1.00e+00,GGTGTCGCTGTATTCGCGCAG,Rv0141c,,0,False
1319,GTTGTCYWWGYAAYCGCKTWT,NC_000962.3,247181,247201,+,-1.9130,8.63e-05,1.00e+00,GTCGTCGTAGAAGCCGCTCTG,Rv0206c,mmpL3,0,False
1320,GTTGTCYWWGYAAYCGCKTWT,NC_000962.3,299607,299627,-,-1.9130,8.63e-05,1.00e+00,GGTGTCGAAGTAGACGCGGAC,Rv0248c,,0,False
1321,GTTGTCYWWGYAAYCGCKTWT,NC_000962.3,345509,345529,+,-1.9130,8.63e-05,1.00e+00,GTGGTCGGTGCTGTCGCTGTT,Rv0283,eccB3,0,False
1322,GTTGTCYWWGYAAYCGCKTWT,NC_000962.3,359347,359367,+,-1.9130,8.63e-05,1.00e+00,GTTGCCAATGACGTCGCGGAT,Rv0295c,,0,False
1323,GTTGTCYWWGYAAYCGCKTWT,NC_000962.3,411129,411149,-,-1.9130,8.63e-05,1.00e+00,GGTGGCCTCGTCATCGCCTAC,Rv0342,iniA,0,False
1324,GTTGTCYWWGYAAYCGCKTWT,NC_000962.3,459106,459126,-,-1.9130,8.63e-05,1.00e+00,GTTGGCGATGTTGCCGCCCAT,Rv0383c,,0,False
1325,GTTGTCYWWGYAAYCGCKTWT,NC_000962.3,651841,651861,+,-1.9130,8.63e-05,1.00e+00,GTAGTCGATGCCCTCGCCATT,Rv0561c,,0,False
1326,GTTGTCYWWGYAAYCGCKTWT,NC_000962.3,980285,980305,+,-1.9130,8.63e-05,1.00e+00,GTCGCCGCAGTCATCGCGGTT,Rv0882,,0,False
1327,GTTGTCYWWGYAAYCGCKTWT,NC_000962.3,1424575,1424595,-,-1.9130,8.63e-05,1.00e+00,GATGGCGATGAAACCGCTGTG,Rv1274,lprB,0,False
1328,GTTGTCYWWGYAAYCGCKTWT,NC_000962.3,2086469,2086489,-,-1.9130,8.63e-05,1.00e+00,GGCGACAAGGTGATCGCGTAT,Rv1837c,glcB,0,False
1329,GTTGTCYWWGYAAYCGCKTWT,NC_000962.3,2123596,2123616,-,-1.9130,8.63e-05,1.00e+00,GCGGTCTATGTGACCGCCAGT,Rv1873,,0,False
1330,GTTGTCYWWGYAAYCGCKTWT,NC_000962.3,2221399,2221419,-,-1.9130,8.63e-05,1.00e+00,GTGGCCTCGGCGATCGCTTTG,Rv1978,,0,False
1331,GTTGTCYWWGYAAYCGCKTWT,NC_000962.3,2380199,2380219,-,-1.9130,8.63e-05,1.00e+00,GTGGCCGATGCCATCGCCGAT,Rv2121c,hisG,0,False
1332,GTTGTCYWWGYAAYCGCKTWT,NC_000962.3,2692395,2692415,+,-1.9130,8.63e-05,1.00e+00,GCCGTCTACGACATCGCGATT,RVnc0024,mcr7,0,False
1333,GTTGTCYWWGYAAYCGCKTWT,NC_000962.3,3545717,3545737,+,-1.9130,8.63e-05,1.00e+00,GCCGACGATGCGATCGCCTTT,Rv3177,,0,False
1334,GTTGTCYWWGYAAYCGCKTWT,NC_000962.3,3607002,3607022,-,-1.9130,8.63e-05,1.00e+00,GACGTCGACGTATTCGCGCAT,Rv3229c,desA3,0,False
1335,GTTGTCYWWGYAAYCGCKTWT,NC_000962.3,3708008,3708028,+,-1.9130,8.63e-05,1.00e+00,GTGGTCGACGTGATCGCGGTC,Rv3320c,vapC44,0,False
1336,GTTGTCYWWGYAAYCGCKTWT,NC_000962.3,4113468,4113488,-,-1.9130,8.63e-05,1.00e+00,GCCGTCTTGGCGGTCGCATTT,Rv3671c,,0,False
1337,GTTGTCYWWGYAAYCGCKTWT,NC_000962.3,4173167,4173187,+,-1.9130,8.63e-05,1.00e+00,GCTGACGCTGTTCTCGCGTAT,Rv3727,,0,False
1338,GTTGTCYWWGYAAYCGCKTWT,NC_000962.3,4184892,4184912,+,-1.9130,8.63e-05,1.00e+00,GCCGTCCATGGACGCGCTGAT,Rv3734c,tgs2,0,False
1339,GTTGTCYWWGYAAYCGCKTWT,NC_000962.3,684317,684337,-,-1.9710,8.65e-05,1.00e+00,GTTGTCCGCGGAGCCGCGAAA,Rv0585c,,45,True
1340,GTTGTCYWWGYAAYCGCKTWT,NC_000962.3,4277158,4277178,+,-2.2826,8.67e-05,1.00e+00,GTACTACATCCAACAGATTAT,Rv3812,PE_PGRS62,0,False
1341,TWTKCATTGYTWTYTMCCSW,NC_000962.3,2596263,2596282,+,-1.0507,8.69e-05,1.00e+00,TTTCCATTGATACATTGCGT,Rv2323c,,0,False
1342,GTTAWCKCYYSAAKAATYCC,NC_000962.3,72029,72048,+,-2.0290,8.70e-05,1.00e+00,CTTATCTCATCGACAATCGT,Rv0065,vapC1,0,False
1343,GTTAWCKCYYSAAKAATYCC,NC_000962.3,151097,151116,+,-2.0290,8.70e-05,1.00e+00,CTTAAGGCTGGGACAATTTC,Rv0125,pepA,50,True
1344,GTTGTCYWWGYAAYCGCKTWT,NC_000962.3,429604,429624,+,-2.2899,8.83e-05,1.00e+00,GGTGTTCAAATAACCCGTGTT,Rv0355c,PPE8,0,False
1345,GTTGTCYWWGYAAYCGCKTWT,NC_000962.3,485600,485620,+,-2.2899,8.83e-05,1.00e+00,GGCCTGCATGTAACAGATTTT,Rv0404,fadD30,0,False
1346,GTTGTCYWWGYAAYCGCKTWT,NC_000962.3,1983453,1983473,+,-2.2899,8.83e-05,1.00e+00,ATTGTTCATGTCACCCGTGTT,Rv1753c,PPE24,0,False
1347,GTTGTCYWWGYAAYCGCKTWT,NC_000962.3,2453360,2453380,-,-2.2899,8.83e-05,1.00e+00,ATTTTCTTAACTTCCCCTTTT,Rv2190c,,88,True
1348,GTTAWCKCYYSAAKAATYCC,NC_000962.3,2025136,2025155,+,-2.0362,8.89e-05,1.00e+00,GTTTTCTATGCAACAGTTGC,Rv1786,,105,True
1349,GTTAWCKCYYSAAKAATYCC,NC_000962.3,2468927,2468946,+,-2.0362,8.89e-05,1.00e+00,TTTATCAGTTGAACGAATCC,Rv2204c,,3,True
1350,GTTAWCKCYYSAAKAATYCC,NC_000962.3,2632423,2632442,+,-2.0362,8.89e-05,1.00e+00,GCTATCGGTAAACTAATTTC,Rv2351c,plcA,348,True
1351,GTTAWCKCYYSAAKAATYCC,NC_000962.3,3491697,3491716,+,-2.0362,8.89e-05,1.00e+00,GTTAACTAAACAATCGTTAC,Rv3125c,PPE49,46,True
1352,GTTAWCKCYYSAAKAATYCC,NC_000962.3,3691606,3691625,-,-2.0362,8.89e-05,1.00e+00,GATAATTAGGCAATAGTTCC,Rv3304,,0,False
1353,GTTAWCKCYYSAAKAATYCC,NC_000962.3,4172279,4172298,-,-2.0362,8.89e-05,1.00e+00,ATGATGCCATCGATAATTCC,Rv3726,,0,False
1354,TWTKCATTGYTWTYTMCCSW,NC_000962.3,1547550,1547569,-,-1.5725,8.93e-05,1.00e+00,TGTGCAATAGTTTCTGCCAA,Rv1374c,,20,True
1355,TWTKCATTGYTWTYTMCCSW,NC_000962.3,3534873,3534892,+,-1.5725,8.93e-05,1.00e+00,TCGTCATTGTTGTCTTGCGG,Rv3166c,,0,False
1356,TWTKCATTGYTWTYTMCCSW,NC_000962.3,690488,690507,-,-1.5797,9.01e-05,1.00e+00,TGCTCATTGGTTGCTACCTC,Rv0591,mce2C,0,False
1357,TWTKCATTGYTWTYTMCCSW,NC_000962.3,2198909,2198928,+,-1.5797,9.01e-05,1.00e+00,TATCCGTTGCTGTACACCAT,Rv1948c,,0,False
1358,TWTKCATTGYTWTYTMCCSW,NC_000962.3,2231083,2231102,+,-1.5797,9.01e-05,1.00e+00,TCGGCATTGATAGTTGCCAT,Rv1987,,0,False
1359,TWTKCATTGYTWTYTMCCSW,NC_000962.3,2345008,2345027,+,-1.5797,9.01e-05,1.00e+00,TATTCGTTGGGGTGTGCCCT,Rv2088,pknJ,0,False
1360,TWTKCATTGYTWTYTMCCSW,NC_000962.3,3648191,3648210,-,-1.5797,9.01e-05,1.00e+00,TTTCCGTTGTTGGGTACCCG,Rv3267,,0,False
1361,TWTKCATTGYTWTYTMCCSW,NC_000962.3,4244151,4244170,+,-1.5797,9.01e-05,1.00e+00,TATACATCGGTGCTTGCCCA,Rv3794,embA,0,False
1362,GTTGTCYWWGYAAYCGCKTWT,NC_000962.3,1003045,1003065,+,-2.2971,9.02e-05,1.00e+00,CTTGTCTTTGCTGTCAATTAG,Rv0899,arfA,0,False
1363,GTTGTCYWWGYAAYCGCKTWT,NC_000962.3,2150577,2150597,+,-2.2971,9.02e-05,1.00e+00,CTTTTCCATGTAGTCGTTAAC,Rv1903,,0,False
1364,GTTAWCKCYYSAAKAATYCC,NC_000962.3,3445659,3445678,-,-2.0942,9.03e-05,1.00e+00,CCTACCACGCCAAGAATTCG,Rv3080c,pknK,0,False
1365,GTTAWCKCYYSAAKAATYCC,NC_000962.3,3475766,3475785,-,-2.0942,9.03e-05,1.00e+00,GTTATCGCCGAAACATTCGA,Rv3107c,agpS,0,False
1366,GTTAWCKCYYSAAKAATYCC,NC_000962.3,3791075,3791094,+,-2.0942,9.03e-05,1.00e+00,CTTGGCCGTCGAAAAATCCC,Rv3377c,,0,False
1367,TWTKCATTGYTWTYTMCCSW,NC_000962.3,1471729,1471748,+,-1.9638,9.05e-05,1.00e+00,TTTTTGTTGTTATTTTTGGC,RVnc0021,mcr3,0,False
1368,GTTGTCYWWGYAAYCGCKTWT,NC_000962.3,1100212,1100232,-,-2.3043,9.06e-05,1.00e+00,GGTGTCTTTGTCATTGGTCAC,Rv0983,pepD,0,False
1369,GTTGTCYWWGYAAYCGCKTWT,NC_000962.3,2317403,2317423,-,-2.3043,9.06e-05,1.00e+00,GTCGACTATCTGTTCGGTTAT,Rv2062c,cobN,0,False
1370,TWTKCATTGYTWTYTMCCSW,NC_000962.3,2516700,2516719,+,-1.9710,9.07e-05,1.00e+00,TTTTGTTGGTTATATACAAA,Rv2243,fabD,86,True
1371,GTTGTCYWWGYAAYCGCKTWT,NC_000962.3,2535328,2535348,-,-2.3478,9.08e-05,1.00e+00,TTTGTGCTGGCAACCCAGTAC,Rv2263,,312,True
1372,TWTKCATTGYTWTYTMCCSW,NC_000962.3,1103097,1103116,-,-2.0290,9.27e-05,1.00e+00,TTTTGATTGCTAACTTCATC,Rv0987,,0,False
1373,TWTKCATTGYTWTYTMCCSW,NC_000962.3,1194338,1194357,-,-2.0290,9.27e-05,1.00e+00,TTTCCATTCGGCTTTCGCGA,Rv1070c,echA8,0,False
1374,TWTKCATTGYTWTYTMCCSW,NC_000962.3,1371503,1371522,-,-2.0290,9.27e-05,1.00e+00,TGTCGACTGTTGTCTACTCT,Rv1228a,,25,True
1375,TWTKCATTGYTWTYTMCCSW,NC_000962.3,1385509,1385528,+,-2.0290,9.27e-05,1.00e+00,TCTTGATTGGCATTTCCTCC,Rv1243c,PE_PGRS23,0,False
1376,TWTKCATTGYTWTYTMCCSW,NC_000962.3,1695274,1695293,+,-2.0290,9.27e-05,1.00e+00,TATTTCTTCATATCTTCCGC,Rv1505c,,6,True
1377,TWTKCATTGYTWTYTMCCSW,NC_000962.3,1808798,1808817,+,-2.0290,9.27e-05,1.00e+00,TTTCGATTGTTGGATCCAGT,Rv1609,trpE,0,False
1378,TWTKCATTGYTWTYTMCCSW,NC_000962.3,2553910,2553929,-,-2.0290,9.27e-05,1.00e+00,TCTTAATTTCTGTTAGCCGT,Rv2281,pitB,0,False
1379,GTTAWCKCYYSAAKAATYCC,NC_000962.3,87621,87640,+,-2.1014,9.39e-05,1.00e+00,GTTGACGGACTAAAGATTCC,Rv0078A,,0,False
1380,GTTAWCKCYYSAAKAATYCC,NC_000962.3,679965,679984,+,-2.1014,9.39e-05,1.00e+00,GTTCACACAGCATGAATTCG,Rv0584,,0,False
1381,GTTAWCKCYYSAAKAATYCC,NC_000962.3,759416,759435,-,-2.1014,9.39e-05,1.00e+00,GTTGACTCACCCACAATGCG,Rv0666,,107,True
1382,GTTAWCKCYYSAAKAATYCC,NC_000962.3,767715,767734,+,-2.1014,9.39e-05,1.00e+00,CTGAACGCTGTAAGCATGCC,Rv0669c,,0,False
1383,GTTAWCKCYYSAAKAATYCC,NC_000962.3,882446,882465,+,-2.1014,9.39e-05,1.00e+00,GTTGGCGCGGGAATCATTGC,Rv0787,,28,True
1384,GTTAWCKCYYSAAKAATYCC,NC_000962.3,1055542,1055561,+,-2.1014,9.39e-05,1.00e+00,GTTCACCCCAAAAGATTTCA,Rv0946c,pgi,0,False
1385,GTTAWCKCYYSAAKAATYCC,NC_000962.3,1104392,1104411,+,-2.1014,9.39e-05,1.00e+00,GGTATCGCGACAACACTTGC,Rv0987,,0,False
1386,GTTAWCKCYYSAAKAATYCC,NC_000962.3,1811883,1811902,-,-2.1014,9.39e-05,1.00e+00,AGAAACGCATGAAAAATACC,Rv1612,trpB,0,False
1387,GTTAWCKCYYSAAKAATYCC,NC_000962.3,2062952,2062971,-,-2.1014,9.39e-05,1.00e+00,GTTTGCGCTCTACCAATTGC,Rv1819c,bacA,0,False
1388,GTTAWCKCYYSAAKAATYCC,NC_000962.3,2496700,2496719,-,-2.1014,9.39e-05,1.00e+00,GTTCGCTGGTCATAAATCCC,Rv2224c,caeA,0,False
1389,GTTAWCKCYYSAAKAATYCC,NC_000962.3,2859323,2859342,+,-2.1014,9.39e-05,1.00e+00,GGAACCGGGTCAACAATTCC,Rv2535c,pepQ,0,False
1390,GTTAWCKCYYSAAKAATYCC,NC_000962.3,3025316,3025335,+,-2.1014,9.39e-05,1.00e+00,GATACTTCGTCATGAATGCC,Rv2712c,,0,False
1391,GTTAWCKCYYSAAKAATYCC,NC_000962.3,3282885,3282904,+,-2.1014,9.39e-05,1.00e+00,GGTAGCGCTGGAATACTAAC,Rv2940c,mas,170,True
1392,GTTAWCKCYYSAAKAATYCC,NC_000962.3,3978064,3978083,-,-2.1014,9.39e-05,1.00e+00,GTGACAACGTCAAGAAATCC,Rv3539,PPE63,0,False
1393,GTTAWCKCYYSAAKAATYCC,NC_000962.3,4170206,4170225,+,-2.1014,9.39e-05,1.00e+00,GTGATCCAATGCAGAATGCC,Rv3725,,7,True
1394,GTTAWCKCYYSAAKAATYCC,NC_000962.3,1432693,1432712,+,-2.1087,9.49e-05,1.00e+00,GTTGACCCTTATTGAATGCC,Rv1280c,oppA,0,False
1395,GTTAWCKCYYSAAKAATYCC,NC_000962.3,2213330,2213349,+,-2.1087,9.49e-05,1.00e+00,GTGCGCTCATCAATACTGCC,Rv1969,mce3D,0,False
1396,GTTAWCKCYYSAAKAATYCC,NC_000962.3,3454913,3454932,-,-2.1087,9.49e-05,1.00e+00,GTCAGCCCCTTGATCATTCC,Rv3088,tgs4,0,False
1397,GTTAWCKCYYSAAKAATYCC,NC_000962.3,3491683,3491702,-,-2.1087,9.49e-05,1.00e+00,GTTAACCCTTGTACGAGACC,Rv3125c,PPE49,32,True
1398,GTTAWCKCYYSAAKAATYCC,NC_000962.3,4317055,4317074,-,-2.1087,9.49e-05,1.00e+00,GTGCACGCGATAATAACTCC,RVnc0040,MTS2975,17,True
1399,GTTAWCKCYYSAAKAATYCC,NC_000962.3,612190,612209,-,-2.1667,9.50e-05,1.00e+00,GCTGCCGCGCAAAGAATACC,Rv0519c,,116,True
1400,GTTGTCYWWGYAAYCGCKTWT,NC_000962.3,26861,26881,-,-2.3551,9.51e-05,1.00e+00,GTGGTGCTATCGACGGCCTTT,Rv0021c,,0,False
1401,GTTGTCYWWGYAAYCGCKTWT,NC_000962.3,46572,46592,+,-2.3551,9.51e-05,1.00e+00,GTGGTACTTTCACGCTCGTTT,Rv0042c,,8,True
1402,GTTGTCYWWGYAAYCGCKTWT,NC_000962.3,176815,176835,-,-2.3551,9.51e-05,1.00e+00,GTTGTGCTTTCGACGGCCGAT,Rv0150c,,0,False
1403,GTTGTCYWWGYAAYCGCKTWT,NC_000962.3,233537,233557,+,-2.3551,9.51e-05,1.00e+00,AGTTTCCACGCAACGGCTTTC,Rv0197,,0,False
1404,GTTGTCYWWGYAAYCGCKTWT,NC_000962.3,614497,614517,+,-2.3551,9.51e-05,1.00e+00,GTTCTTCAGCCAGTCGCGGTT,Rv0523c,,0,False
1405,GTTGTCYWWGYAAYCGCKTWT,NC_000962.3,881896,881916,+,-2.3551,9.51e-05,1.00e+00,GTTGAACTCGCAATACCGTTG,Rv0787,,0,False
1406,GTTGTCYWWGYAAYCGCKTWT,NC_000962.3,883969,883989,-,-2.3551,9.51e-05,1.00e+00,TTGTTCTTCGCAACCGGGTTC,Rv0789c,,0,False
1407,GTTGTCYWWGYAAYCGCKTWT,NC_000962.3,996868,996888,+,-2.3551,9.51e-05,1.00e+00,CTTGCCTGTCCAGCCGGGTTT,Rv0894,,0,False
1408,GTTGTCYWWGYAAYCGCKTWT,NC_000962.3,1630455,1630475,-,-2.3551,9.51e-05,1.00e+00,GATCGCCGACCAACCGATTAT,Rv1450c,PE_PGRS27,182,True
1409,GTTGTCYWWGYAAYCGCKTWT,NC_000962.3,2336483,2336503,-,-2.3551,9.51e-05,1.00e+00,GTCATGCAACCAGCCGCCTTT,Rv2079,,0,False
1410,GTTGTCYWWGYAAYCGCKTWT,NC_000962.3,2346312,2346332,-,-2.3551,9.51e-05,1.00e+00,GTTTTCCATCGAGCCGGGAAT,Rv2089c,pepE,0,False
1411,GTTGTCYWWGYAAYCGCKTWT,NC_000962.3,2437902,2437922,+,-2.3551,9.51e-05,1.00e+00,GTTCTGCATCCAATCGCGGCG,Rv2175c,,16,True
1412,GTTGTCYWWGYAAYCGCKTWT,NC_000962.3,3427189,3427209,-,-2.3551,9.51e-05,1.00e+00,TTGATCCTTGCAGCTGCTTGT,Rv3063,cstA,53,True
1413,GTTGTCYWWGYAAYCGCKTWT,NC_000962.3,3875560,3875580,-,-2.3551,9.51e-05,1.00e+00,ATTGGCGTAGCAACCCAGGAT,Rv3455c,truA,491,True
1414,GTTGTCYWWGYAAYCGCKTWT,NC_000962.3,4025269,4025289,+,-2.3551,9.51e-05,1.00e+00,GTTCGCCTTGTAACGACGTGA,Rv3583c,,0,False
1415,GTTGTCYWWGYAAYCGCKTWT,NC_000962.3,4068075,4068095,-,-2.3551,9.51e-05,1.00e+00,GTTGTCCATCGACCACCGATT,Rv3629c,,0,False
1416,GTTGTCYWWGYAAYCGCKTWT,NC_000962.3,4089041,4089061,+,-2.3551,9.51e-05,1.00e+00,GTTGGCCTATCAACTTCTCGT,Rv3649,,0,False
1417,GTTAWCKCYYSAAKAATYCC,NC_000962.3,848412,848431,-,-2.4855,9.53e-05,1.00e+00,ATTCGGGTTTCAATAATTCT,Rv0755c,PPE12,0,False
1418,TWTKCATTGYTWTYTMCCSW,NC_000962.3,506595,506614,+,-2.0362,9.60e-05,1.00e+00,TGTTGATCGTTGTGCACCCA,Rv0420c,,0,False
1419,TWTKCATTGYTWTYTMCCSW,NC_000962.3,749969,749988,-,-2.0362,9.60e-05,1.00e+00,ATAACATTGTTATTTCACTG,Rv0654,,30,True
1420,TWTKCATTGYTWTYTMCCSW,NC_000962.3,1865563,1865582,-,-2.0362,9.60e-05,1.00e+00,TTTGCATCGTTATGCAACAG,Rv1652,argC,12,True
1421,TWTKCATTGYTWTYTMCCSW,NC_000962.3,2085697,2085716,+,-2.0362,9.60e-05,1.00e+00,TCTTCATGGTGTTTTGCGGC,Rv1837c,glcB,0,False
1422,TWTKCATTGYTWTYTMCCSW,NC_000962.3,2187258,2187277,-,-2.0362,9.60e-05,1.00e+00,TTTGCATGGGAATTTGTCTA,Rv1935c,echA13,99,True
1423,TWTKCATTGYTWTYTMCCSW,NC_000962.3,2449942,2449961,-,-2.0362,9.60e-05,1.00e+00,TATTCCTTGTTGTAGATCGC,Rv2187,fadD15,0,False
1424,TWTKCATTGYTWTYTMCCSW,NC_000962.3,2743246,2743265,+,-2.0362,9.60e-05,1.00e+00,TATTCATTGATCGTGTTCCA,Rv2444c,rne,0,False
1425,TWTKCATTGYTWTYTMCCSW,NC_000962.3,2935033,2935052,-,-2.0362,9.60e-05,1.00e+00,AATTCATCGCTGTGTACTTT,Rv2608,PPE42,12,True
1426,TWTKCATTGYTWTYTMCCSW,NC_000962.3,4121102,4121121,-,-2.0362,9.60e-05,1.00e+00,TTCTAATTGGCTTGTGCCCA,Rv3681c,whiB4,95,True
1427,TWTKCATTGYTWTYTMCCSW,NC_000962.3,3842299,3842318,+,-2.0435,9.63e-05,1.00e+00,GACTCATTGTTTTTCGCCTC,Rv3425,PPE57,0,False
1428,TWTKCATTGYTWTYTMCCSW,NC_000962.3,4173142,4173161,+,-2.0435,9.63e-05,1.00e+00,TTTACACCGATACTTACCAA,Rv3727,,0,False
1429,TWTKCATTGYTWTYTMCCSW,NC_000962.3,305396,305415,+,-2.0942,9.67e-05,1.00e+00,TGTCCATTGGTATCCCGCGG,Rv0252,nirB,0,False
1430,TWTKCATTGYTWTYTMCCSW,NC_000962.3,3898673,3898692,+,-2.0942,9.67e-05,1.00e+00,TTTGCACTGCTGTCTTTCTC,Rv3479,,0,False
1431,TWTKCATTGYTWTYTMCCSW,NC_000962.3,7470,7489,+,-2.1014,9.79e-05,1.00e+00,TATGCAATGTTCGATTCCGG,Rv0006,gyrA,0,False
1432,TWTKCATTGYTWTYTMCCSW,NC_000962.3,1843679,1843698,-,-2.1014,9.79e-05,1.00e+00,TATCCCATGCTATGTGCCCG,Rv1637c,,0,False
1433,TWTKCATTGYTWTYTMCCSW,NC_000962.3,2959819,2959838,+,-2.1014,9.79e-05,1.00e+00,ACTTCGTTGCTCTATTCCGT,Rv2633c,,0,False
1434,GTTAWCKCYYSAAKAATYCC,NC_000962.3,913376,913395,-,-2.5507,9.79e-05,1.00e+00,CTTCCAGGTTGAAGAATGCC,Rv0820,phoT,0,False
1435,GTTAWCKCYYSAAKAATYCC,NC_000962.3,2636927,2636946,+,-2.5507,9.79e-05,1.00e+00,GTTCAACACCGAAAAATTCA,Rv2353c,PPE39,1335,True
1436,GTTAWCKCYYSAAKAATYCC,NC_000962.3,3315632,3315651,+,-2.5507,9.79e-05,1.00e+00,GTTGGCGGTCCAATAATGAT,Rv2963,,0,False
1437,GTTAWCKCYYSAAKAATYCC,NC_000962.3,3557310,3557329,+,-2.5507,9.79e-05,1.00e+00,GTCAACGTCGCAACAATTGA,Rv3191c,,0,False
1438,GTTAWCKCYYSAAKAATYCC,NC_000962.3,4196981,4197000,-,-2.5507,9.79e-05,1.00e+00,GTTGGATTTCGAAGAATGCG,Rv3747,,0,False
1439,GTTAWCKCYYSAAKAATYCC,NC_000962.3,4301211,4301230,+,-2.5507,9.79e-05,1.00e+00,TTTACGGCCGCAATCATTCT,Rv3826,fadD23,0,False
1440,TWTKCATTGYTWTYTMCCSW,NC_000962.3,136149,136168,+,-2.4855,9.91e-05,1.00e+00,TCTGGGTTTGTATTTACACA,Rv0112,gca,139,True
1441,TWTKCATTGYTWTYTMCCSW,NC_000962.3,2570739,2570758,-,-2.4855,9.91e-05,1.00e+00,TATTTCTTCGTTTGTCTCCA,Rv2299c,htpG,0,False
1442,TWTKCATTGYTWTYTMCCSW,NC_000962.3,3792572,3792591,+,-2.4855,9.91e-05,1.00e+00,TATAGACTCGTTTTTCCTGA,Rv3378c,,0,False
